pk_id_deliverables_info,version,date_from,date_to,deliv_id,"title","description","deliverable_type","dissemination_URL","DOI"
0,1,,,,,,,,
1,1,1900-01-01 00:00:00,2200-01-01 00:00:00,187,"Forecast platform made operational for Colombia ","The platform has been scaled to cover 32 localities across 9 departments of Colombia, targeting most maize, rice and bean growing areas. Maize and rice models are calibrated and incorporated into the platform, providing real-time execution of seasonal forecasts. 


","Data portal/Tool/Model code/Computer software","https://pronosticos.aclimatecolombia.org/Clima",
2,1,1900-01-01 00:00:00,2200-01-01 00:00:00,366,"Using emergency drills for agricultural drought response: a case study in Guatemala ","Drills are an important element of disaster management to increase preparedness and reduce risk of real‐time failure. This case study evaluates how drills inform institutional responses to drought in Guatemala, explores how drills can help to detect issues in emergency response to foster an institutional focus on improvements in preparedness. ","Journal Article (peer reviewed)","https://cgspace.cgiar.org/handle/10568/99311",
3,1,1900-01-01 00:00:00,2200-01-01 00:00:00,432,"Kenya Dairy NAMA MRV system: guidelines for users.","In january 2018 a baseline survey following the Gold Standard smallholder dairy methodology has been implemented. The survey, originally planned for 2017, was postponed due to the unsteady political situation in Kenya. A descriptive report of the baseline data including brief section on the methodology will be finalized. ","Research workshop report",,
4,1,1900-01-01 00:00:00,2200-01-01 00:00:00,441,"Learning Groups and Knowledge Generation on Climate Resilient Agriculture","Documentation of methodological approaches and processes involved in generating knowledge on CSA and community based adaptation using participatory approaches .","Discussion paper/Working paper/White paper","https://drive.google.com/open?id=1-jpv57lljwHE9Ado-FAs1hu0zgJGtSqx",
5,1,1900-01-01 00:00:00,2200-01-01 00:00:00,523,"Automated agricultural climate forecasting interface for rice and maize production.","The automation of high-quality climate forecasting and the assessment thereof. Rigorous and replicable crop models to estimate yield under multiple forecast scenarios. Understanding of next user requirements, socialization of results and use thereof with stakeholders. Presentation of the generated information to stakeholders in usable and context appropriate format.","Website","https://pronosticos.aclimatecolombia.org/",
6,1,1900-01-01 00:00:00,2200-01-01 00:00:00,1863,"1.2 Maize crop nutrient input requirements for food security in sub-Saharan Africa","The generic method has been developed and applied to maize in nine countries in SSA. Results are publicly available on www.yieldgap.org; a report was submitted in 2017. Corrected proofs of the publication in Global Food Security are available, but not yet available online.","Journal Article (peer reviewed)",,
7,1,1900-01-01 00:00:00,2200-01-01 00:00:00,1864,"1.3 Maps of nutrient gaps for different percentages of yield gap closure for project countries","These maps with minimum N input requirements and P and K uptake requirements have been completed in 2017, not only for the three project countries, but also for Burkina Faso, Ghana, Mali, Nigeria,  Uganda and Zambia. See www.yieldgap.org","Database/Dataset/Data documentation","www.yieldgap.org",
8,1,1900-01-01 00:00:00,2200-01-01 00:00:00,1993,"Climate-related risk maps and adaptive cropping calendar for Vietnam","The working paper introduces a set of climate-related risk maps for a normal and severe ENSO, which were developed in a participatory approach by CCAFS experts and local officials. The steps to develop these risk maps are also documented as a manual/guideline for local authorities and DRR practitioners.","Discussion paper/Working paper/White paper","http://hdl.handle.net/10568/90253",
9,1,1900-01-01 00:00:00,2200-01-01 00:00:00,2085,"LAM 2018 Monitoring Summary: CSA Adoption and perceived effects.","This progress report summarizes the key results from the CSV monitoring undertaken in 2018. It focuses on the levels of CSA implementation in the 4 LAM Climate-Smart villages (Colombia, Guatemala, Honduras and Nicaragua) and gender-disaggregated perceived effects of CSA practices on households livelihoods and gender dimensions.
","Database/Dataset/Data documentation","https://cgspace.cgiar.org/handle/10568/100235",
10,1,1900-01-01 00:00:00,2200-01-01 00:00:00,2119,"Estimation of GHG emission intensity from dairy production in the context of the dairy NAMA",,"Journal Article (peer reviewed)",,
11,1,1900-01-01 00:00:00,2200-01-01 00:00:00,2140,"Farmers? organizations and CSA: a case study from Vietnam",,"Book chapter","http://www.worldagroforestry.org/region/sea/publications/detail?pubID=3590",
12,1,1900-01-01 00:00:00,2200-01-01 00:00:00,2144,"The role of knowledge in the adoption of agriculture innovation:implications for climate-smart agriculture in Vietnam",,"Thesis",,
13,1,1900-01-01 00:00:00,2200-01-01 00:00:00,2192,"CRAFT: CCAFS Regional Agricultural Forecasting Toolbox","The CCAFS Regional Agricultural Forecasting Tool (CRAFT) is an open source crop forecasting platform that will help bring powerful advance information tools to farmers and food security decision makers, better allowing them to manage within-season climate risk to agriculture. 
","Data portal/Tool/Model code/Computer software","https://apps.agapps.org/ide/craft/",
14,1,1900-01-01 00:00:00,2200-01-01 00:00:00,2270,"A prototype of the composite Agrobiodiversity Index for use at country level and applications for investments in green bond and stock markets","Not applicable","Funder report","https://cgiar.sharepoint.com/:f:/s/IFPRI/A4NH/EgcJ0MzO7RtCjC0YnI1hyUYBk9FMXOzYPRiBz5CPnCkqrg?e=a6WB3m",
15,1,1900-01-01 00:00:00,2200-01-01 00:00:00,2308,"Malawi Child Centres - journal article manuscript on impact assessment","Not applicable","Journal Article (peer reviewed)","http://cdm15738.contentdm.oclc.org/cdm/ref/collection/p15738coll5/id/5872",
16,1,1900-01-01 00:00:00,2200-01-01 00:00:00,2345,"Stories of Change - Vietnam - Policy mapping","Not applicable","Discussion paper/Working paper/White paper",,
17,1,1900-01-01 00:00:00,2200-01-01 00:00:00,2346,"Stories of Change - Tanzania - Policy mapping","Not applicable","Discussion paper/Working paper/White paper",,
18,1,1900-01-01 00:00:00,2200-01-01 00:00:00,2467,"Aflasafe commercialization strategy (with private sector partners) for Nigeria","Document describing the best strategy to manufacture, distribute and commercialize Aflasafe in Nigeria","Discussion paper/Working paper/White paper",,
19,1,1900-01-01 00:00:00,2200-01-01 00:00:00,2468,"Dossier prepared for regulatory authorities for aflasafe registration in Burkina Faso","Documents summarising efficacy of aflasafe in maize and groundnut cultivated in Burkina Faso. The dossier was submitted to the regulatory authority and registration was approved as of May 2017","Policy brief/policy note/briefing paper",,
20,1,1900-01-01 00:00:00,2200-01-01 00:00:00,3130,"Publication on human brucellosis diagnostics to inform national policies in East Africa","Not applicable","Journal Article (peer reviewed)","https://cgspace.cgiar.org/handle/10568/80714",
21,1,1900-01-01 00:00:00,2200-01-01 00:00:00,3179,"ABD publication - 2 chapters authored by Kennedy and Remans","Mainstreaming Agrobiodiversity in Sustainable Food Systems: Scientific Foundations for an Agrobiodiversity Index
Kennedy, G., et al. ""Food biodiversity for healthy, diverse diets."" 
Remans, Roseline, et al. ""Towards an agrobiodiversity index for sustainable food systems."" ","Book chapter","https://cgspace.cgiar.org/handle/10568/89049",
22,1,1900-01-01 00:00:00,2200-01-01 00:00:00,3266,"New crosses of breeding line","25 new crosses of Urochloa and 274 new crosses of Megathyrsus breeding lines available until December 2017 for further testing in 2018","Discussion paper/Working paper/White paper","goo.gl/vn1VNF",
23,1,1900-01-01 00:00:00,2200-01-01 00:00:00,3477,"Gender Specific NRP for 3 countries. Comparative analysis with the existing findings on the Women Empowerment Index for these countries.","Deliverable Dataset and Discussion Paper","Database/Dataset/Data documentation",,
24,1,1900-01-01 00:00:00,2200-01-01 00:00:00,3505,"Measuring Distortions to Agricultural Incentives for Value Chain Analysis: Evidence from Indian Oilseeds and Biofuel Value Chains","NA","Journal Article (peer reviewed)","http://cdm15738.contentdm.oclc.org/cdm/ref/collection/p15738coll5/id/6392",
25,1,1900-01-01 00:00:00,2200-01-01 00:00:00,3539,"Governing a shared, critical biodiversity landscape through cross-border dialogue platform ","Title updated from the old one ""Local level development of cross border biodiversity protocols in Kenya and Somalia: Key principles""","Policy brief/policy note/briefing paper","http://www.worldagroforestry.org/downloads/Publications/PDFS/PB18002.pdf",
26,1,1900-01-01 00:00:00,2200-01-01 00:00:00,3551,"River management decisions will be informed and strengthened by regionally-appropriate, equitable, cost-effective river health frameworks, data collection and monitoring systems.","River management decisions will be informed and strengthened by regionally-appropriate, equitable, cost-effective river health frameworks, data collection and monitoring systems.","Data portal/Tool/Model code/Computer software","https://drive.google.com/file/d/1bSieNUKlAbgDolsC69QkN3EJEcdIHd7U/view",
27,1,1900-01-01 00:00:00,2200-01-01 00:00:00,3641,"Stories of Change - Vietnam journal article","not applicable","Journal Article (peer reviewed)",,
28,1,1900-01-01 00:00:00,2200-01-01 00:00:00,3642,"Stories of Change - Tanzania - Report","not applicable","Discussion paper/Working paper/White paper",,
29,1,1900-01-01 00:00:00,2200-01-01 00:00:00,3644,"POSHAN - state level stories of change - Gujarat","not applicable","Policy brief/policy note/briefing paper",,
30,1,1900-01-01 00:00:00,2200-01-01 00:00:00,3694,"Decision analysis methods guide - Agricultural policy for nutrition","Manual describing the decision analysis procedures developed during the project","Guidebook/Handbook/Good Practice Note","http://www.worldagroforestry.org/downloads/Publications/PDFS/WP18001.pdf",
31,1,1900-01-01 00:00:00,2200-01-01 00:00:00,3850,"GM Economic assessments in Nigeria Ethiopia and Uganda - template for data collection for the Dream Model ","BioRapp","Factsheet, Project Note",,
32,1,1900-01-01 00:00:00,2200-01-01 00:00:00,4003,"Impact evaluation - Expansion of ICT-Enabled Agricultural Extension Services in Ethiopia","Activity:""An Impact Evaluation of Digital Green's 2016 Expansion of ICT(information and communication technologies)-Enabled Agricultural Extension Services in Ethiopia (Digital Green IE Ethiopia)"" (PS March 28: it is confirmed that these reports are the final deliverables)","Funder report",,
33,1,1900-01-01 00:00:00,2200-01-01 00:00:00,4207,"Datasets - p67 as candidate vaccine, antigen delivery system, vaccine targeting etc.","New immunogenicity data on p67 nanoparticles as a candidate vaccine antigen.

New data on an antigen delivery system to induce robust antigen-specific CD8 T-cells in cattle. 

New data on a vaccine targeting the sporozoite and schizont stage of the parasite.","Database/Dataset/Data documentation",,
34,1,1900-01-01 00:00:00,2200-01-01 00:00:00,4250,"Forage hybrids scaled to 100,000 hectares in at least 15 countries","Forage hybrids scaled to 100,000 hectares in at least 15 countries in 2017","Discussion paper/Working paper/White paper","goo.gl/wchnQ9",
35,1,1900-01-01 00:00:00,2200-01-01 00:00:00,4325,"Paper - Trade off curves and HH type specific global environmental change sensitivities quantified","Peer reviewed paper","Journal Article (peer reviewed)","https://cgspace.cgiar.org/handle/10568/80193",
36,1,1900-01-01 00:00:00,2200-01-01 00:00:00,4433,"Publication on efficacy of aflasafe in Nigeria","4 year data publication on efficacy of aflasafe in limiting aflatoxin accumulation of maize and groundnut in Nigeria","Journal Article (peer reviewed)",,
37,1,1900-01-01 00:00:00,2200-01-01 00:00:00,4434,"Publication on efficacy of aflasafe GH01 and aflasafe GH02 in Ghana","3 year data publication on efficacy of aflasafe GH01 and aflasafe GH02 in limiting aflatoxin accumulation of maize and groundnut in Ghana","Journal Article (peer reviewed)",,
38,1,1900-01-01 00:00:00,2200-01-01 00:00:00,4465,"Dossier prepared for regulatory authorities for aflasafe registration in Tanzania","Documents summarising efficacy of Aflasafe TZ01 and Aflasafe  TZ02 in maize and groundnut cultivated in Tanzania. The dossier was submited to the regulatory authority and registration was approved as of December 2017","Discussion paper/Working paper/White paper",,
39,1,1900-01-01 00:00:00,2200-01-01 00:00:00,4466,"Dossier prepared for regulatory authorities for Aflasafe registration in Ghana","Documents summarising efficacy of Aflasafe GH01 and Aflasafe GH02 in maize and groundnut cultivated in Ghana. The dossier will be submitted to the regulatory authority in Ghana for registration approval","Discussion paper/Working paper/White paper","https://www.dropbox.com/sh/77ufktichuc76pg/AAAeciCXfASoQTitm7aQ_3vaa?dl=0",
40,1,1900-01-01 00:00:00,2200-01-01 00:00:00,4467,"Dossier prepared for regulatory authorities for aflasafe registration in Malawi","Documents summarising efficacy of aflasafe in maize and groundnut cultivated in Malawi. The dossier will be submitted to the regulatory authority in 2018","Discussion paper/Working paper/White paper","https://www.dropbox.com/sh/3hvnvabzpz8ev2r/AADkWfS8xT_2xfjHHGEHXMRIa?dl=0",
41,1,1900-01-01 00:00:00,2200-01-01 00:00:00,4468,"Dossier prepared for regulatory authorities for aflasafe registration in Zambia","Documents summarising efficacy of aflasafe in maize and groundnut cultivated in Zambia. The dossier will be submitted to the regulatory authority in 2018","Discussion paper/Working paper/White paper","https://www.dropbox.com/sh/igho72ew2h60fon/AADadqoHxUrdITVhl-XpkCNLa?dl=0",
42,1,1900-01-01 00:00:00,2200-01-01 00:00:00,4469,"Dossier prepared for regulatory authorities for aflasafe registration in Mozambique","Documents summarising efficacy of aflasafe in maize and groundnut cultivated in Mozambique. The dossier will be submitted to the regulatory authority in 2018","Discussion paper/Working paper/White paper","https://www.dropbox.com/sh/crb8iktqd56h3qs/AABrw5-UBbHfpVTCFkpIcIvWa?dl=0",
43,1,1900-01-01 00:00:00,2200-01-01 00:00:00,4470,"Frequency of Aflasafe application in Ghana","Study to determine frequencies of Aflasafe application in maize and groundnut in Ghana.","Funder report",,
44,1,1900-01-01 00:00:00,2200-01-01 00:00:00,4473,"Current situation of aflatoxin contamination in groundnut in Zambia","Report on incidences and severities of aflatoxin contamination of groundnut in major producing areas of Zambia","Funder report","https://www.dropbox.com/sh/0elq5omk5pxi77f/AACUAKkunq50rlzvjHdZnCwaa?dl=0",
45,1,1900-01-01 00:00:00,2200-01-01 00:00:00,4474,"Material for farmer sensitization in Zambia","Awareness materials for sensitizing Zambian farmers on aflatoxin and food safety","User manual/Technical Guide","https://www.dropbox.com/sh/4pcag9xdcwpcw40/AADbAtQzYKjUyc5giVGJR8Qma?dl=0",
46,1,1900-01-01 00:00:00,2200-01-01 00:00:00,4476,"Aflasafe commercialization strategy (with private sector partners) for Burkina Faso","Documents describing the best strategy to manufacture, distribute and commercialize Aflasafe in Burkina Faso","Discussion paper/Working paper/White paper","https://www.dropbox.com/sh/1tebua9rmqrxgy1/AACbnuvFMSaDb4a3m3g8blrma?dl=0",
47,1,1900-01-01 00:00:00,2200-01-01 00:00:00,4477,"Aflasafe commercialization strategy (with private sector partners) for Tanzania","Documents describing the best strategy to manufacture, distribute and commercialize Aflasafe in Tanzania","Discussion paper/Working paper/White paper","https://www.dropbox.com/sh/7vjevo1bgk2j6ky/AACCPG6oZt1SPnNrrtsgQt-Pa?dl=0",
48,1,1900-01-01 00:00:00,2200-01-01 00:00:00,4483,"Training of Key personnel of FMARD and Harvestfield on aflatoxin management Aflasafe usage","Key personnel of the ministry of agriculture of Nigeria and the temporary Aflasafe distributor in Nigeria received training on aflatoxin management and","Funder report",,
49,1,1900-01-01 00:00:00,2200-01-01 00:00:00,4494,"Aflasafe Production in Nigeria","At least 800 tons of aflasafe manufactured in Nigeriafor use in Nigeria, Ghana, and Burkina Faso. Evidence of Aflasafe production delivery will be attached.","Discussion paper/Working paper/White paper","https://www.dropbox.com/sh/zqag5hhyzx3xa71/AABWH7s382BRxNqZcX15U6lha?dl=0",
50,1,1900-01-01 00:00:00,2200-01-01 00:00:00,4509,"Aflasafe Production in Tanzania, 2018","Aflasafe production of at least 10 tons produced in Tanzania for Tanzania, Mozambique, Zambia and Malawi","Database/Dataset/Data documentation","https://www.dropbox.com/sh/0m8r1amlo5ye9of/AABaLHoX3YLAOXRkZ0bgl7Tva?dl=0",
51,1,1900-01-01 00:00:00,2200-01-01 00:00:00,4511,"PhD thesis of aflatoxin/Aflasafe work in Ghana","PhD thesis of Daniel Agbetiameh, Ghanaian student that conducted his research at IITA Ibadan. Outcome of his thesis resulted in development of Aflasafe products for Ghana.","Thesis","https://www.dropbox.com/sh/n15ppawq1el45iw/AACbPZoAApmBBfmdL2fpEc7Za?dl=0",
52,1,1900-01-01 00:00:00,2200-01-01 00:00:00,4673,"Environmental suitability maps for all breeds of sheep and goat populations in Ethiopia ","Environmental suitability maps for all breeds of sheep and goat populations in Ethiopia ","Maps/Geospatial data","https://dx.doi.org/20.500.11766/9839",
53,1,1900-01-01 00:00:00,2200-01-01 00:00:00,4716,"A poultry breeding and phenotypic facility at ILRI Addis Campus","A poultry breeding and phenotypic facility at ILRI Addis Campus","Article for media/Magazine/Other (not peer-reviewed)","https://cgspace.cgiar.org/handle/10568/92429",
54,1,1900-01-01 00:00:00,2200-01-01 00:00:00,4902,"Manual on Woreda PLUP","Manual on Woreda PLUP","User manual/Technical Guide","https://cgspace.cgiar.org/handle/10568/99262",
55,1,1900-01-01 00:00:00,2200-01-01 00:00:00,4908,"Manual on rangeland resource mapping","Manual on rangeland resource mapping","User manual/Technical Guide","https://cgspace.cgiar.org/handle/10568/51348",
56,1,1900-01-01 00:00:00,2200-01-01 00:00:00,4957,"MRV Platform for Agriculture","The MRV Platform for Agriculture contains tools, approaches, and case studies for MRV of GHG emissions and mitigation actions in the agriculture sector. The platform initially focuses on MRV resources specific to livestock, but will accommodate MRV for other agricultural sectors and cross-cutting issues over time.","Website","https://www.agmrv.org",
57,1,1900-01-01 00:00:00,2200-01-01 00:00:00,5098,"Use of ICT for disseminating climate, agro-advisory and market information to smallholder farmers in Ethiopia","Yezare Mobile App - ICT model for disseminating weather information, related agro-advisories, and market information through a mobile phone app and short-message-system will be tested. Information will be gathered for product development, and a sustainability mechanism will be devised to provide services for farmers in subsequent years.","Data portal/Tool/Model code/Computer software","http://yezare.net/",
58,1,1900-01-01 00:00:00,2200-01-01 00:00:00,5130,"Modeling the reduction of post-harvest losses in the tomato value chain in Nigeria","Analysis of the role of trust and coordination in the reduction of post-harvest losses in the tomato value chain in Nigeria using agent-based modelling
","Discussion paper/Working paper/White paper","http://edepot.wur.nl/470201",
59,1,1900-01-01 00:00:00,2200-01-01 00:00:00,5131,"Post-harvest losses in the tomato value chain in Nigeria","Report on the measurement of post-harvest losses (PHLs) in the tomato value chain in Nigeria and the impact of Agrofair-Taste intervention on reduction of PHLs
","Journal Article (peer reviewed)","https://doi.org/10.3390/su11010247",
60,1,1900-01-01 00:00:00,2200-01-01 00:00:00,5143,"Donor report on ABD Index for China","List of indicators for monitoring agrobioversity in production, markets and conservation systems; data sets on area and productivity of species, group of crops and varieties in national production system; tools and methods for analyzing and indexing diversity of species, group of crops and varieties in production system; ","Funder report",,
61,1,1900-01-01 00:00:00,2200-01-01 00:00:00,5176,"Randomized control trials demonstrate that nutrition-sensitive social protection interventions increase the use of multiple-micronutrient powders and iron supplements in rural pre-school Bangladeshi children","Target journal: British Journal of Nutrition","Journal Article (peer reviewed)","http://cdm15738.contentdm.oclc.org/cdm/ref/collection/p15738coll5/id/6196",
62,1,1900-01-01 00:00:00,2200-01-01 00:00:00,5250,"Understanding decision-makers information use for food security and drought management","Based on extensive quantitative and qualitative data, participatory observation and participation, we describe and analyze technical, institutional and contextual barriers to agroclimatic and food security information use in Guatemala. ","Discussion paper/Working paper/White paper",,
63,1,1900-01-01 00:00:00,2200-01-01 00:00:00,5265,"Improved Smart Monitoring App (v1) and regional trainings","Smart Monitoring App improved (including analytical modules) and implemented through the training of the CSV regional teams  in 4 CCAFS regions. ","Data portal/Tool/Model code/Computer software","https://cgspace.cgiar.org/handle/10568/100233",
64,1,1900-01-01 00:00:00,2200-01-01 00:00:00,5307,"Food security and agroclimatic information system - source code ","The digital food security monitoring and information system adopted and implemented by SESAN includes different data analysis and visualization tools. The source code documents this. The code is not open access, as the system is for internal use of SESAN only","Data portal/Tool/Model code/Computer software",,
65,1,1900-01-01 00:00:00,2200-01-01 00:00:00,5318,"The (Arab) Agricultural Investment for Development Analyzer (AIDA): An innovative tool for evidence-based planning","Application of Offline Rural Investment and Policy Analysis tool for selected MENA countries","Discussion paper/Working paper/White paper","http://ebrary.ifpri.org/cdm/ref/collection/p15738coll2/id/132267",
66,1,1900-01-01 00:00:00,2200-01-01 00:00:00,5355,"CSA Investment Plans ","Development of CSA Investment Plans for 6 African Countries to be used to catalyze funding for CSA. Two countries have been completed in 2018 (Mali and Cote d'Ivoire)--the World Bank working in 2019 to scale out this approach to four additional countries (likely Cameroon, Ghana, Burkina Faso and Senegal). ","Policy brief/policy note/briefing paper",,
67,1,1900-01-01 00:00:00,2200-01-01 00:00:00,5367,"Bridging the gap between climate science and farmers in Colombia","Journal article that describes the LTAC (Local Technical Agroclimatic Committees) approach developed by CCAFS and CIAT. ","Journal Article (peer reviewed)","https://cgspace.cgiar.org/handle/10568/97481",
68,1,1900-01-01 00:00:00,2200-01-01 00:00:00,5402,"Climate smart monitoring and planning system for rice production in the MRD","As part of the ongoing activity on CS MAP in the Mekong River Delta, a web-based system that allows users to monitor and plan rice production based on real-time update of crop development stage, pest and disease and climate-related risks wil be developed.","Data portal/Tool/Model code/Computer software","https://cgspace.cgiar.org/handle/10568/100093  ",
69,1,1900-01-01 00:00:00,2200-01-01 00:00:00,5692,"Options for a Tier 2 approach for dairy cattle in Kenya's GHG inventory ","The project supported two workshops at which national stakeholders discussed and planned a Tier 2 approach in the national GHG inventory. Workshops were convened by State Department of Livestock, GRA and FAO; UNIQUE provided facilitation support and technical input. An action plan for developing a Tier 2 approach was developed.","Policy workshop/Dialogue report",,
70,1,1900-01-01 00:00:00,2200-01-01 00:00:00,5705,"Gender and dairy production: implications for support to gender-inclusive, low-emission development","A policy brief summarizing the implications of gender relationships in the dairy sector for projects and programmes intending to support gender-inclusive, low-emission development. It will be based on baseline survey data analysis, previous project analysis and target international funding sources (e.g. GCF & accredited entities).","Policy brief/policy note/briefing paper",,
71,1,1900-01-01 00:00:00,2200-01-01 00:00:00,5795,"Translate vicious worm software into Kinyarwanda","n/a","Data portal/Tool/Model code/Computer software",,
72,1,1900-01-01 00:00:00,2200-01-01 00:00:00,5804,"IMPACT webtool ","Completion of the IMPACT webtool. this online tool will allow to highlight results from projects that are based on the IMPACT model outputs","Data portal/Tool/Model code/Computer software","https://csi.maps.arcgis.com/apps/Cascade/index.html?appid=66ba20e26de84d6797fd1ec3a6703d7c",
73,1,1900-01-01 00:00:00,2200-01-01 00:00:00,6012,"Gaming Climate Futures game for climate negotiators","Gaming Climate Futures game for climate negotiators developed with Purdue University in the lead.","Data portal/Tool/Model code/Computer software",,
74,1,1900-01-01 00:00:00,2200-01-01 00:00:00,6020,"Options for keeping the food system within environmental limits","Article for Nature Climate-Change. It is led by Marco Springmann and focuses on planetary boundaries and diets: “Changes in food management, technology and diets to stay within planetary boundaries of the food system”.
This article is related to D3455, but it is broader in scope, and Oxford has additional collaborators. ","Journal Article (peer reviewed)","http://cdm15738.contentdm.oclc.org/cdm/ref/collection/p15738coll5/id/6389",
75,1,1900-01-01 00:00:00,2200-01-01 00:00:00,6194,"GM Economic assessments in Nigeria, Ethiopia and Uganda - initial Dream model results","Part of the BioRAPP deliverables for 2018.
The Dream model initial results for Nigeria Ethiopia and Uganda","Database/Dataset/Data documentation",,
76,1,1900-01-01 00:00:00,2200-01-01 00:00:00,6254,"Methodology for using GIS in chicken breeds suitability map in Ethiopia","Methodology developed for using GIS in chicken breeds suitability maps","Discussion paper/Working paper/White paper","https://cgspace.cgiar.org/handle/10568/98850",
77,1,1900-01-01 00:00:00,2200-01-01 00:00:00,6283,"POSHAN - state level stories of change - Tamil Nadu","n/a","Policy brief/policy note/briefing paper",,
78,1,1900-01-01 00:00:00,2200-01-01 00:00:00,6284,"POSHAN - state level stories of change - Chhattisgarh","n/a","Policy brief/policy note/briefing paper","http://poshan.ifpri.info/2018/01/08/improving-nutrition-in-chhattisgarh-insights-from-examining-trends-in-outcomes-determinants-and-interventions-between-2006-and-2016/",
79,1,1900-01-01 00:00:00,2200-01-01 00:00:00,6285,"POSHAN - state level stories of change - State TBD","n/a","Policy brief/policy note/briefing paper",,
80,1,1900-01-01 00:00:00,2200-01-01 00:00:00,6326,"Identify and map key maize stresses in selected counties in SSA","Maps showing key maize stresses will be developed for  selected counties in SSA for enhancing targeting and impact of maize technologies","Policy brief/policy note/briefing paper",,
81,1,1900-01-01 00:00:00,2200-01-01 00:00:00,6342,"Milling Quality: The Achilles Heel of Cereal Foresight Studies?","Presentation on the importance of wheat quality in relation to foresight","Presentation/Poster",,
82,1,1900-01-01 00:00:00,2200-01-01 00:00:00,6349,"rural and urban transformation and the effects of maize processing","Ekpa, O.; Palacios-Rojas, N.; Kruseman, G.; Fogliano, V.; Linnemann, A.R. 2018. Sub-Saharan African maize-based foods: Technological perspectives to increase the food and nutrition security impacts of maize breeding programmes. Global Food Security, 17, pp. 48-56. DOI: 10.1016/j.gfs.2018.03.007

","Journal Article (peer reviewed)",,
83,1,1900-01-01 00:00:00,2200-01-01 00:00:00,6380,"Probabilistic Assessment of Investment Options in Honey Value Chains in Lamu County, Kenya","Probabilistic Assessment of Investment Options in Honey Value Chains in Lamu County, Kenya","Journal Article (peer reviewed)","https://doi.org/10.3389/fams.2018.00006",
84,1,1900-01-01 00:00:00,2200-01-01 00:00:00,6620,"Convening a national rangelands dialogue in Tanzania","Convene a national rangeland management dialogue in Tanzania to garner high level support for the ongoing joint village planning processes so that they are more inclusive of pastoral livestock issues/ concerns.","Blog","https://livestocksystems.ilri.org/2018/03/15/tanzania-rangelands-national-dialogue-proposes-new-measures-for-sustainable-land-use-and-conflict-free-use-of-rangelands/",
85,1,1900-01-01 00:00:00,2200-01-01 00:00:00,6662,"test of Two separate on-farm trials, early-intermediate (12 entries) and intermediate-late (24 entries)","were tested under farmers conditions at 25 sites in the target agro-ecologies in East Africa (Kenya, Uganda, Tanzania).   The entries included elite hybrids from CIMMYT, commercial checks, internal genetic checks and farmers checks. Five elite Monsanto hybrids were also included in the intermediate-late trial for comparison with CMMYT elite hybrids.  ","variety released",,
86,1,1900-01-01 00:00:00,2200-01-01 00:00:00,6736,"After two cycles of generation advancement, lines with resistance to CSC ready for multi-location testing in Mexico and in other LatAm countries","Maize lines with resistance to CSC are ready for distribution","Line/variety developed",,
87,1,1900-01-01 00:00:00,2200-01-01 00:00:00,6739,"A bacterial control agent tested for the first year (of two years) for its efficacy to control the mycotoxin production in maize. ","A bacterial control agent tested for the first year (of two years) for its efficacy to control the mycotoxin production in maize. ","Breeding technology",,
88,1,1900-01-01 00:00:00,2200-01-01 00:00:00,6769,"Increased uptake of improved maize varieties for deployment by seed companies","In general, this activity gave farmers an opportunity to compare the new products with the best commercial varieties and farmers checks currently they are using, under their own condition and select their best choice among the available new products. The on-farm data is important to convince the farmers,  ","variety released",,
89,1,1900-01-01 00:00:00,2200-01-01 00:00:00,6821,"gene editing in four CIMMYT maize inbred lines that are parents to two commercial hybrids in Africa ","Coordinate with DowDuPont 
 Initiate gene editing in four CIMMYT maize inbred lines susceptibe to MLN; 
RNASeq on MLN-infected susceptible and resistant lines in collaboration with DowDuPont to identify genes based on expression differences related to MLN resistance and narrow down candidates for validation ","Breeding technology",,
90,1,1900-01-01 00:00:00,2200-01-01 00:00:00,6869,"Evaluation report of the MasAgro seed companies consortium.","Evaluation report of the MasAgro seed companies consortium: sales, market share, seed sector in Mexico, etc.","Outcome case study",,
91,1,1900-01-01 00:00:00,2200-01-01 00:00:00,6875,"Results report: lines evaluation, experimental and advanced hybrid trials, yield validation network, and grain quality evaluations","Results report: lines evaluation, experimental and advanced hybrid trials, yield validation network, and grain quality evaluations.","Funder report",,
92,1,1900-01-01 00:00:00,2200-01-01 00:00:00,6903,"Paper on impact of training in improved biosecurity in pig production (Uganda)","Paper on impact of training in improved biosecurity in pig production in Uganda","Journal Article (peer reviewed)",,
93,1,1900-01-01 00:00:00,2200-01-01 00:00:00,6905,"Policy brief on Integrated development of biogas in West Africa (English and French)","The dissemination of biogas in sub-Saharan Africa encounters key obstacles, such as constraints to mobilise organic residues, high initial construction costs, insufficient maturity of national biogas programs, technical, institutional and socio-cultural barriers. Innovative information
and capacity building approaches are needed.For the brief see: http://www.ruaf.org/sites/default/files/RUAF-Policy%20Brief%20WABEF-EN-LR.pdf; For the brief in French:  http://www.ruaf.org/sites/default/files/RUAF-WABEF-FR-CORR-LR.pdf","Policy brief/policy note/briefing paper","https://www.ruaf.org/sites/default/files/RUAF-Policy%20Brief%20WABEF-EN-LR.pdf",
94,1,1900-01-01 00:00:00,2200-01-01 00:00:00,6907,"Refined/updated generic protocols to assess availibility, use and KAP of antimicrobials across livestock production systems and countries","Refined/updated generic protocols to assess availability, use and KAP of antimicrobials (based on exchange of experiences with similar survey tools in other projects) across livestock produciton systems and countries","Data portal/Tool/Model code/Computer software",,
95,1,1900-01-01 00:00:00,2200-01-01 00:00:00,6921,"Genderized FEAST app","Initial genderized FEAST app ready for use","Data portal/Tool/Model code/Computer software","https://cgspace.cgiar.org/handle/10568/100244",
96,1,1900-01-01 00:00:00,2200-01-01 00:00:00,6924,"Updated non-destructive digital vegetation charting software","Updated non-destructive digital vegetation charting software, 2 manuals prepared and made globally accessible (2 manuals= field guidelines and image processing)","Data portal/Tool/Model code/Computer software","http://repo.mel.cgiar.org/handle/20.500.11766/9200",
97,1,1900-01-01 00:00:00,2200-01-01 00:00:00,6934,"Beta version of SoFT","Beta version of soft available for testing","Data portal/Tool/Model code/Computer software","https://cgspace.cgiar.org/handle/10568/99215",
98,1,1900-01-01 00:00:00,2200-01-01 00:00:00,6941,"Paper on immune studies on candidate ECF vaccine antigens","Immunogenicity and vaccine trials of p67C in particulate forms, sequence data of p67 specific antibodies, comparative schizont CTL data from vaccine trials.","Journal Article (peer reviewed)","https://cgspace.cgiar.org/handle/10568/91022",
99,1,1900-01-01 00:00:00,2200-01-01 00:00:00,6943,"Elite winter wheats","Elite winter wheats","Line/variety developed",,
100,1,1900-01-01 00:00:00,2200-01-01 00:00:00,6946,"Report on establishment of a vaccine technology platform for ASF","Modified ASFV vaccine strains","Blog","https://ilvac.net/2018/12/10/establishment-of-a-vaccine-technology-platform-for-african-swine-fever-as-the-first-target/",
101,1,1900-01-01 00:00:00,2200-01-01 00:00:00,6947,"Report on the construction of a synthetic viral genome (ASF)","Report on construction of a synthetic viral genome","Blog",,
102,1,1900-01-01 00:00:00,2200-01-01 00:00:00,6968,"Do community seed banks contribute to socio-ecological resilience? The case of the Sierra de los Cuchumatanes, Guatemala","Can community seed banks also support change towards socio-ecological resilience? This article aims to answer this question through a case study of several community seed banks that operate in the Sierra de los Cuchumatanes, an important mountainous area of maize diversity located in the western part of Guatemala.","Policy brief/policy note/briefing paper","https://www.bioversityinternational.org/e-library/publications/detail/seed-banks-contribute-to-socio-ecological-resilience-in-sierra-de-los-cuchumatanes-guatemala",
103,1,1900-01-01 00:00:00,2200-01-01 00:00:00,7026,"1st Quarterly Technical Report-Mayi Plus II Project.","January-March-2018 report that includes the activities and results achieved in each of the outputs of the project:
Two varieties selected/analysis of the 2017-2018-winter-cycle.	
Seed multiplication report of ORE (collaborator).
Seed distribution-commercialized in the South of Haiti.
Strategic Maize Seed Reserve for Haiti.
In-country replication of the Seed Multiplication Workshop. ","Funder report",,
104,1,1900-01-01 00:00:00,2200-01-01 00:00:00,7046,"Combined MAS and GS. ","Results to be published","Discussion paper/Working paper/White paper",,
105,1,1900-01-01 00:00:00,2200-01-01 00:00:00,7213,"Agronomic and physiological traits of elite lines of high yielding potential evaluated with high throughput phenotyping technologies.","Agronomic and physiological traits of elite lines of high yielding potential from the CIMMYT Core Germplasm II set (CIMCOG II) evaluated with high throughput phenotyping technologies.","Line/variety developed",,
106,1,1900-01-01 00:00:00,2200-01-01 00:00:00,7214,"High-yielding and drought tolerant lines and heat tolerant lines selected.","High-yielding and drought tolerant lines and heat tolerant lines selected.","Line/variety developed",,
107,1,1900-01-01 00:00:00,2200-01-01 00:00:00,7266,"Module on the implementation of different livestock extension approaches","Module on the implementation of 4 different extension approaches for livestock producers in Tunisia","User manual/Technical Guide","http://repo.mel.cgiar.org/handle/20.500.11766/9379",
108,1,1900-01-01 00:00:00,2200-01-01 00:00:00,7371,"Training module on Post Mortem examination in small ruminants in Ethiopia","Training module on Post Mortem examination for small ruminants in Ethiopia","Lecture/Training Course Material","https://cgspace.cgiar.org/handle/10568/100526",
109,1,1900-01-01 00:00:00,2200-01-01 00:00:00,7373,"Training module for vets/paravets on coenurosis control in small ruminants","Training module for vets/paravest on coenurosis control in small ruminants to train farmers","Lecture/Training Course Material","https://cgspace.cgiar.org/handle/10568/100525",
110,1,1900-01-01 00:00:00,2200-01-01 00:00:00,7376,"Developing site-specific interventions in capturing, storing and converting rainwater into productive use under dryland mountaineous and drylowland settings "," The project will introduce various sets of  rainwater management technologies and practices adapted to suit the target groups.  The study will 1) Test various rainwater capturing and saving technologies  and practices; 2) integrate drought resistant food and  fodder crops; and 3) develop rainwater management guidelines for increasing system resilience. ","Factsheet, Project Note","http://oar.icrisat.org/id/eprint/10363",
111,1,1900-01-01 00:00:00,2200-01-01 00:00:00,7463,"Training module for vets/paravets on community based GIT parasite control in small ruminants to train farmers","Training module for vets/paravets in Ethiopia on community based GIT parasite control in small ruminants to train farmers","Lecture/Training Course Material",,
112,1,1900-01-01 00:00:00,2200-01-01 00:00:00,7480,"Paper on tick distribution in Tunisia  (ixodes ricinus in the North)","Paper on tick distribution in Tunisia  (ixodes ricinus in the North)","Journal Article (peer reviewed)",,
113,1,1900-01-01 00:00:00,2200-01-01 00:00:00,7481,"Online tick database for Tunisia","Online tick database for Tunisia","Database/Dataset/Data documentation","http://geoagro.icarda.org/ticks/",
114,1,1900-01-01 00:00:00,2200-01-01 00:00:00,7525,"Picture Based Insurance (PBI): Feasibility and cost-effectiveness","IFPRI DP Series","Discussion paper/Working paper/White paper","http://ebrary.ifpri.org/cdm/singleitem/collection/p15738coll2/id/133039/rec/6 ",
115,1,1900-01-01 00:00:00,2200-01-01 00:00:00,7526,"Monitoring crop phenology using a smartphone based near-surface remote sensing approach","n/a","Journal Article (peer reviewed)","http://ebrary.ifpri.org/cdm/singleitem/collection/p15738coll5/id/6451/rec/2",
116,1,1900-01-01 00:00:00,2200-01-01 00:00:00,7528,"Seeing is believing: Using crop pictures in personalized advisory services","N/A","Factsheet, Project Note","http://ebrary.ifpri.org/cdm/singleitem/collection/p15738coll2/id/133017/rec/4 ",
117,1,1900-01-01 00:00:00,2200-01-01 00:00:00,7555,"Lump-sum Transfers for Agriculture and Household Decision Making","PI Alan de Brauw","Discussion paper/Working paper/White paper",,
118,1,1900-01-01 00:00:00,2200-01-01 00:00:00,7556,"Rural labor market responses to large lumpy cash transfers: Evidence from Malawi","PI Alan de Brauw","Discussion paper/Working paper/White paper","https://web.williams.edu/Economics/wp/AmblerdeBrauwGodlonton_LumpyCashTransfers.pdf",
119,1,1900-01-01 00:00:00,2200-01-01 00:00:00,7557,"Brief on seed banks and role in Fomento intervention","PI Alan de Brauw, Publication on IFPRI website","Policy brief/policy note/briefing paper",,
120,1,1900-01-01 00:00:00,2200-01-01 00:00:00,7619,"[item 16] 1 Data Set (governance and restoration through community forestry)","Carry-out evidence-based governance analysis of a select set (3) of longstanding restoration and community forestry initiatives","Database/Dataset/Data documentation","https://doi.org/10.1007/s00267-018-1055-0",
121,1,1900-01-01 00:00:00,2200-01-01 00:00:00,7621,"[item 17] CF and EBA Good governance Experiences: 1 Policy Brief (T1)","Study of good governance experiences/requirements for ecosystem-based adaptation and landscape restoration through tree-based approaches through an innovations ecosystems approach","Policy brief/policy note/briefing paper",,
122,1,1900-01-01 00:00:00,2200-01-01 00:00:00,7623,"[item 17] CF and EBA Good governance Experiences: 1 Technical Report (T1)","Study of good governance experiences/requirements for ecosystem-based adaptation and landscape restoration through tree-based approaches through an innovations ecosystems approach","Research workshop report",,
123,1,1900-01-01 00:00:00,2200-01-01 00:00:00,8005,"Agronomy Field Information Management System (HIDAP-AgroFIMS) ","This project will result in the development and beta release for user testing of the Agronomy Field Information Management Systems (AgroFIMS), based on the Highly Interactive Data Analysis Platform (HIDAP). AgroFIMS will enable agronomists to create fieldbooks for data collection from agronomic trials conforming to standards based on ontologies.","Data portal/Tool/Model code/Computer software","https://github.com/AGROFIMS/hagrofims",
124,1,1900-01-01 00:00:00,2200-01-01 00:00:00,8088,"A metadata quality checking tool is developed for Dataverse and deployed at least in 4 centers","An online vizualization tool supports data managers to check the metadata quality of their center data sets on Dataverse. It is deployed in 5 centers: AfricaRice, CIP, CIAT, Bioversity and IFPRI","Data portal/Tool/Model code/Computer software","https://github.com/bioversity/dataverse-dashboard-curation/tree/gh-pages",
125,1,1900-01-01 00:00:00,2200-01-01 00:00:00,8102,"AgrO includes all parameters and variables on management practices required for the fieldbook and validated by agronomists","The Agronomy Ontology content is validated by agronomists and modelers and addresses the needs of the fieldbook AGROFIMS ","Database/Dataset/Data documentation","https://github.com/AgriculturalSemantics/agro",
126,1,1900-01-01 00:00:00,2200-01-01 00:00:00,8149,"Sustainable Rangeland Management Project, Tanzania","Conference poster on the SRMP project","Presentation/Poster","https://cgspace.cgiar.org/handle/10568/88994",
127,1,1900-01-01 00:00:00,2200-01-01 00:00:00,8161,"Gender and the commons: Pastoral women’s land rights and village land use planning in Tanzania: Experiences from the sustainable rangeland management project","Conference presentation","Presentation/Poster","https://cgspace.cgiar.org/handle/10568/89929",
128,1,1900-01-01 00:00:00,2200-01-01 00:00:00,8185,"Brochure:  SRMP Project","Sustainable Rangeland Management Project, Tanzania","Brochure","https://cgspace.cgiar.org/handle/10568/80673",
129,1,1900-01-01 00:00:00,2200-01-01 00:00:00,8309,"Roles of social learning for the adoption of climate-smart agriculture innovations: Case study from My Loi Climate-Smart Village, Vietnam","The study presents evidence of the value of social networks for the adoption of innovation, identifies what constitutes promising social networks, and gives examples of institutional structures that influenced the adoption process. Recommendations for social learning networks and scaling of climate-smart agriculture innovations are provided.","Discussion paper/Working paper/White paper","https://cgspace.cgiar.org/handle/10568/80703",
130,1,1900-01-01 00:00:00,2200-01-01 00:00:00,8324,"Livelihoods and food security in an urban linked, high potential region of Tanzania.","Journal article evaluating the changes in livelihoods over 3 years in Lushoto, Tanzania.","Journal Article (peer reviewed)","https://doi.org/10.1016/j.agsy.2017.10.013",
131,1,1900-01-01 00:00:00,2200-01-01 00:00:00,8770,"A research brief on impact of participatory training on biosecurity protocols on the knowledge, attitudes and practices of smallholder pig farmers in Uganda","A research brief","Policy brief/policy note/briefing paper","https://cgspace.cgiar.org/handle/10568/80381",
132,1,1900-01-01 00:00:00,2200-01-01 00:00:00,8885,"Journal article on genetic tests for estimating dairy breed proportion","Paper in Genetics Selection Evolution","Journal Article (peer reviewed)","http://hdl.handle.net/10568/89717",
133,1,1900-01-01 00:00:00,2200-01-01 00:00:00,8947,"An introduction to the political, institutional and normative framework related to payments for agrobiodiversity conservation services in Peru ","Regulatory, institutional and normative framework for the payment of agrobiodiversity conservation services in Peru","Discussion paper/Working paper/White paper","http://spda.org.pe/wpfb-file/serie_30_spda_servicios_de_la_agrobiodiversidad_3-pdf/",
134,1,1900-01-01 00:00:00,2200-01-01 00:00:00,8982,"2014 Social Accounting Matrix for Malawi","2014 Social Accounting Matrix for Malawi
","Database/Dataset/Data documentation","http://ebrary.ifpri.org/cdm/ref/collection/p15738coll3/id/298",
135,1,1900-01-01 00:00:00,2200-01-01 00:00:00,9016,"The impact of food assistance on food insecure populations during conflict: Evidence from a quasi-experiment in Mali","N/A","Journal Article (peer reviewed)","http://cdm15738.contentdm.oclc.org/cdm/ref/collection/p15738coll5/id/6207",
136,1,1900-01-01 00:00:00,2200-01-01 00:00:00,9146,"Forest concessions in Petén, Guatemala: A systematic analysis of the socioeconomic performance of community enterprises in the Maya Biosphere Reserve","N/A","Policy brief/policy note/briefing paper","http://www.cifor.org/publications/pdf_files/brief/7163-brief.pdf",
137,1,1900-01-01 00:00:00,2200-01-01 00:00:00,9161,"Decision-making tool for national implementation of the Plant Treatys multilateral system of access and benefit-sharing","This decision making tool is designed to assist national policy makers and other stakeholders to identify appropriate measures to implement the Plant Treatys multilateral system of access and benefit-sharing in their countries.  ","Guidebook/Handbook/Good Practice Note","https://cgspace.cgiar.org/handle/10568/93396",
138,1,1900-01-01 00:00:00,2200-01-01 00:00:00,9212,"Report on the development of new superior dual purpose maize, sorghum, millet, groundnut in India ","Report on the development of new superior dual purpose maize, sorghum, millet, groundnut in India ","Discussion paper/Working paper/White paper","https://cgspace.cgiar.org/handle/10568/100308",
139,1,1900-01-01 00:00:00,2200-01-01 00:00:00,9215,"Report on total mixed rations for smallholders ","Report on total mixed rations for smallholders ","Discussion paper/Working paper/White paper","https://cgspace.cgiar.org/handle/10568/100493",
140,1,1900-01-01 00:00:00,2200-01-01 00:00:00,9234,"Assessing market actors in rural markets for sheep and goats in climate smart villages","Publication of an articles about market actors in rural markets for sheep and goats in climate smart villages","Journal Article (peer reviewed)","https://cgspace.cgiar.org/handle/10568/99012",
141,1,1900-01-01 00:00:00,2200-01-01 00:00:00,9288,"Toward an understanding of economic growth in Africa: A reinterpretation of the Lewis model","Toward an Understanding of Economic Growth in Africa: A Reinterpretation of the Lewis Model","Journal Article (peer reviewed)","http://ebrary.ifpri.org/cdm/ref/collection/p15738coll5/id/5687",
142,1,1900-01-01 00:00:00,2200-01-01 00:00:00,9863,"Action plan toward development of a Cross-border network for biodiversity conservation in Kenya and Somalia","Action plan toward development of a Cross-border network for biodiversity conservation in Kenya and Somalia","Research workshop report",,
143,1,1900-01-01 00:00:00,2200-01-01 00:00:00,11366,"Nutrition-based incentives in dairy contract farming in northern Senegal","Nutrition-based incentives in dairy contract farming in northern Senegal","Journal Article (peer reviewed)","http://ebrary.ifpri.org/cdm/ref/collection/p15738coll5/id/6280",
144,1,1900-01-01 00:00:00,2200-01-01 00:00:00,11375,"Global Agricultural Research Data Innovation and Acceleration Network (GARDIAN)","GARDIAN enables publications and datasets across all CGIAR Centers to be discovered, and for data to be easily explored and aggregated when annotated using semantic standards. It enables mapping and visualization of CGIAR crop production data.","Data portal/Tool/Model code/Computer software","http://gardian.bigdata.cgiar.org",
145,1,1900-01-01 00:00:00,2200-01-01 00:00:00,11405,"Herramienta de toma de decisiones para la implementacion nacional del sistema multilateral de acceso y distribucion de beneficios del Tratado Internacional sobre los Recursos Fitogeneticos","This decision making tool is designed to assist national policy makers and other stakeholders to identify appropriate measures to implement the Plant Treaty?s multilateral system of access and benefit-sharing in their countries.","Book","https://cgspace.cgiar.org/handle/10568/97878",
146,1,1900-01-01 00:00:00,2200-01-01 00:00:00,11407,"Outil decisionnel pour la mise en oeuvre nationale du systeme multilateral d?acces et de partage des avantages aux termes du TIRPAA","This decision making tool is designed to assist national policy makers and other stakeholders to identify appropriate measures to implement the Plant Treaty?s multilateral system of access and benefit-sharing in their countries.","Guidebook/Handbook/Good Practice Note","https://cgspace.cgiar.org/handle/10568/98234",
147,1,1900-01-01 00:00:00,2200-01-01 00:00:00,11423,"Development of new GHG measurement options in view of variety screening","We propose a variation of the closed chamber method for GHG measurements in rice fields. Gas sampling during the night offers certain advantages that allow investigation of specific research questions.","Journal Article (peer reviewed)","https://cgspace.cgiar.org/handle/10568/98235",
148,1,1900-01-01 00:00:00,2200-01-01 00:00:00,11436,"Innovation platforms for Climate Smart Agriculture in Honduras","This policy brief presents the experience of creation of an innovation platform in Honduras. Innovation platform is a institutional innovation that facilitate and encourage coordination among actors.","Policy brief/policy note/briefing paper","https://cgspace.cgiar.org/handle/10568/91678",
149,1,1900-01-01 00:00:00,2200-01-01 00:00:00,11438,"Methodological Guide to Co-design Climate-smart Options with Family Farmers","This guide presents how co-design with local actors and family farmers climate smart options. It proposed a method with 7 successive phases (including institutional and policy analysis)  to foster the creation of open innovation platforms, that facilitate learning process end implementation of solutions to face climate change. ","Guidebook/Handbook/Good Practice Note","https://cgspace.cgiar.org/handle/10568/97065",
150,1,1900-01-01 00:00:00,2200-01-01 00:00:00,11453,"Community seedbanks (website)","Bioversity International's dedicated website to all its activities concerning community seedbanks (awareness raising, capacity development, research, networking, advocacy and policy)","Website","https://www.bioversityinternational.org/seedbanks/",
151,1,1900-01-01 00:00:00,2200-01-01 00:00:00,11521,"Model of enteric methane emissions supports climate change mitigation in Colombia’s cattle sector","RUMINANT has been used to improve Colombia’s National Greenhouse Gas Inventory to the United Nations Framework Convention on Climate Change (UNFCCC) and to prepare the sustainable bovine livestock Nationally Appropriate Mitigation Actions (NAMA) information note. The RUMINANT model could support the MRV phase of NDCs of Colombia and other countries.","Policy brief/policy note/briefing paper","https://cgspace.cgiar.org/handle/10568/97097",
152,1,1900-01-01 00:00:00,2200-01-01 00:00:00,11539,"Potential mitigation contribution from agroforestry to Viet Nam’s NDC","Viet Nam has formulated national climate change mitigation strategies that relate to forestry and agricultural sector, with a potential revision in 2019 that can include agroforestry, provided that the potential mitigation contribution from this sector can be monitored and reported. This paper presents two approaches to measurement and reporting.","Discussion paper/Working paper/White paper","https://cgspace.cgiar.org/handle/10568/98867",
153,1,1900-01-01 00:00:00,2200-01-01 00:00:00,11543,"Protocol for characterizing community-based rangeland management cases","This document summarizes a research protocol that includes key variables, criteria and descriptors for characterizing community-based rangeland management. The result will be a structured description based primarily on categorical variables.","User manual/Technical Guide","https://cgspace.cgiar.org/handle/10568/97916",
154,1,1900-01-01 00:00:00,2200-01-01 00:00:00,11600,"Plant traits influencing greenhouse gas emission potential and assessment of technical options for emission screening with large number of rice varieties","Working Paper on GHG emission in rice","Discussion paper/Working paper/White paper","https://cgspace.cgiar.org/handle/10568/96529",
155,1,1900-01-01 00:00:00,2200-01-01 00:00:00,11633,"Inclusion of gender equality in monitoring and evaluation of climate services","The working paper aims to identify recommendations for gender-aware monitoring and evaluation (M&E) of rural climate services, highlighting system design and indicator development.","Policy brief/policy note/briefing paper","https://cgspace.cgiar.org/handle/10568/99021",
156,1,1900-01-01 00:00:00,2200-01-01 00:00:00,11663,"Online portal broadcasting the results from the 2018 Monitoring in Olopa's CSV (Guatemala)","An online system was developped to display the results of the CSV monitoring implemented in Olopa. This user fiendly platform presents Household level decriptive data and standard indicators structured around 7 thematic sections: General demographics; Livelihoods; Financial services; Food security; Climate related events; Climatic services and CSA practices
","Data portal/Tool/Model code/Computer software","http://rpubs.com/g-bejarano/IndicadoresOlopa",
157,1,1900-01-01 00:00:00,2200-01-01 00:00:00,11719,"The role of plant-breeding R&D in tractor adoptions among smallholders in Asia: Insights from Nepal Terai","The role of plant-breeding R&D in tractor adoptions among smallholders in Asia: Insights from Nepal Terai","Discussion paper/Working paper/White paper","http://ebrary.ifpri.org/cdm/ref/collection/p15738coll2/id/132416",
158,1,1900-01-01 00:00:00,2200-01-01 00:00:00,11723,"2012 Social Accounting Matrix (SAM) for Sudan","2012 Social Accounting Matrix (SAM) for Sudan","Database/Dataset/Data documentation","http://ebrary.ifpri.org/cdm/ref/collection/p15738coll3/id/328",
159,1,1900-01-01 00:00:00,2200-01-01 00:00:00,11841,"School feeding or general food distribution? Quasi-experimental evidence on the educational impacts of emergency food assistance during conflict in Mali","N/A","Discussion paper/Working paper/White paper","http://ebrary.ifpri.org/cdm/ref/collection/p15738coll5/id/6259",
160,1,1900-01-01 00:00:00,2200-01-01 00:00:00,11850,"Cost-effective opportunities for climate change mitigation in Indian agriculture","By using plot level crop management data from the cost of cultivation survey and livestock data from Indian livestock survey, we estimated total environmental footprint of Indian Agriculture, presented distribution of GHG emissions in terms of commodities and regions and identified cost-effective abatement measures. ","Journal Article (peer reviewed)","https://cgspace.cgiar.org/handle/10568/98475",
161,1,1900-01-01 00:00:00,2200-01-01 00:00:00,11851,"Climate change and agriculture in Central America and the Andean Region","study for Peru, Colombia, Guatemala, Honduras, Costa Rica, Nicaragua, El Salvador.
Also supported by CCAFS","Discussion paper/Working paper/White paper","http://ebrary.ifpri.org/cdm/ref/collection/p15738coll2/id/132953",
162,1,1900-01-01 00:00:00,2200-01-01 00:00:00,11852,"Climate change, agriculture, and adaptation options for Guatemala","study for Peru, Colombia, Guatemala, Honduras, Costa Rica, Nicaragua, El Salvador.
Also supported by CCAFS","Discussion paper/Working paper/White paper","http://ebrary.ifpri.org/cdm/ref/collection/p15738coll2/id/133036",
163,1,1900-01-01 00:00:00,2200-01-01 00:00:00,11853,"Climate change, agriculture, and adaptation options for Colombia","study for Peru, Colombia, Guatemala, Honduras, Costa Rica, Nicaragua, El Salvador.
Also supported by CCAFS","Discussion paper/Working paper/White paper","http://ebrary.ifpri.org/cdm/ref/collection/p15738coll2/id/133035",
164,1,1900-01-01 00:00:00,2200-01-01 00:00:00,11855,"Is roof-top rainwater harvesting a viable solution to develop small-scale agriculture? (A case study in Laos)","This study assessed the feasibility of using roof-top rainwater harvesting system (RWHS) to irrigate home-based vegetable gardens in Laos.  A model combining a RWHS water balance and a crop water balance was developed to simulate various scenarios of cropping cycles irrigated by a RWHS with varying dimensions. ","Discussion paper/Working paper/White paper","https://cgspace.cgiar.org/handle/10568/100100",
165,1,1900-01-01 00:00:00,2200-01-01 00:00:00,11856,"Adaptation Options for Rice-Based Cropping Systems in Climate Risk-Prone Provinces in the Mekong River Delta: An Assessment Report","This report highlights the results of consultation meetings and field visits organized by the Department of Crop Production and CCAFS SEA together with the five provincial  Department of Agriculture and Rural Development in the Mekong River Delta namely An Giang, Can Tho, Dong Thap, Long An, and Tra Vinh.  ","Discussion paper/Working paper/White paper","https://cgspace.cgiar.org/handle/10568/99248",
166,1,1900-01-01 00:00:00,2200-01-01 00:00:00,12058," Improving Coffee Sector's Climate-Smart Awareness and Decision-Making in Uganda ","Outcome story","Outcome note","https://cgspace.cgiar.org/handle/10568/100136",
167,1,1900-01-01 00:00:00,2200-01-01 00:00:00,12087,"Educator incentives and educational triage in rural primary schools","N/A","Discussion paper/Working paper/White paper","http://ebrary.ifpri.org/cdm/ref/collection/p15738coll5/id/6327",
168,1,1900-01-01 00:00:00,2200-01-01 00:00:00,12293,"Gender-sensitive Smart Household Monitoring instrument to assess climate-smart agriculture performance and outcomes in Cauca climate-smart village.","The research thesis analysed the data from a Gender-sensitive Smart Household Monitoring instrument to assess csa performance and outcomes in Cauca climate-smart village. Data analysed through different indicators disaggregated by gender, examine the Climate-smart agriculture adoption and dis-adoption trends and related factors (financial, technical/operational and social) that enable its implementation.
","Thesis","https://cgspace.cgiar.org/handle/10568/100238",
169,1,1900-01-01 00:00:00,2200-01-01 00:00:00,12340,"Hoima (Uganda) CSV Monitoring Summary 2018: CSA Adoption and perceived livelihoods and gender effects.","This progress report summarizes the key results from the CSV monitoring undertaken in 2018. It focuses on the levels of CSA implementation in Hoima (Uganda) and gender-disaggregated perceived effects of CSA practices on households livelihoods and gender dimensions.","Database/Dataset/Data documentation","https://cgspace.cgiar.org/handle/10568/100253",
170,1,1900-01-01 00:00:00,2200-01-01 00:00:00,12353,"SA 2018 Monitoring Summary: CSA Adoption and perceived effects.","This progress report summarizes the key results from the CSV monitoring undertaken in 2018. It focuses on the levels of CSA implementation in the 3 South Asia  CSVs : Nawalaprasi (Nepal), Barisal and Khulna (Bangladesh) and the gender-disaggregated perceived effects of CSA practices on households livelihoods and gender dimensions.
","Database/Dataset/Data documentation","https://cgspace.cgiar.org/handle/10568/100318",
171,1,1900-01-01 00:00:00,2200-01-01 00:00:00,12436,"Predictability of seasonal precipitation across major crop growing areas in Colombia","Paper assessing seasonal climate predictability for Colombia","Journal Article (peer reviewed)","https://cgspace.cgiar.org/handle/10568/97569",
172,1,1900-01-01 00:00:00,2200-01-01 00:00:00,12552,"A poverty-sensitive scorecard to prioritize lending and grant allocation: Evidence from Central America","PI Manuel Hernandez","Journal Article (peer reviewed)","http://cdm15738.contentdm.oclc.org/cdm/ref/collection/p15738coll5/id/6227",
173,1,1900-01-01 00:00:00,2200-01-01 00:00:00,12753,"A conference paper on the impact of modelling and pooled data on the accuracy of genomic prediction in smallholder dairy data","The lack of data recording in smallholder dairy cattle system implies that the availability of molecular data could offer some quick wins in terms of using the genomic information in genomic evaluation and therefore genomic selection (GS). ADGG would offer more opportunity to further examine the application of GS. ","Conference paper / Seminar paper","https://cgspace.cgiar.org/handle/10568/97872",
174,1,1900-01-01 00:00:00,2200-01-01 00:00:00,12775,"Determinants of maize cultivation in a land-scarce rice-based economy","Maize use, mostly as animal feed, has been increasing rapidly in Bangladesh –  densely populated country with a rice-based agri-food system. Domestic maize production has increased despite land scarcity but failed to meet the growing demand, with imports making up the shortfall. The study contextualizes Bangladesh’s domestic maize production potential.","Journal Article (peer reviewed)",,
175,1,1900-01-01 00:00:00,2200-01-01 00:00:00,12815,"Threat of wheat blast to South Asia’s food security : an ex-ante analysis","In 2016, scientists confirmed the presence of wheat-blast disease in Bangladesh, South Asia–its first occurrence outside South America. Severely blast-affected wheat fields had their grain yield wiped out. This poses a severe threat to food security for poor inhabitants of south Asia where per capita wheat consumption has been increasing. ","Journal Article (peer reviewed)",,
176,1,1900-01-01 00:00:00,2200-01-01 00:00:00,12817,"Changing Food Consumption of Households in Developing Countries: A Bangladesh Case.","The changes in the relative consumption in Bangladesh are prominent both in rural and urban areas. The literature often is based on the premise that with increasing income, households switch from staple cereals to high food-value items. The present study highlights the need to also consider within-staple substitution. https://www.tandfonline.com/doi/abs/10.1080/08974438.2017.1402727?journalCode=wifa20","Journal Article (peer reviewed)",,
177,1,1900-01-01 00:00:00,2200-01-01 00:00:00,12818,"Evolving food consumption patterns of rural and urban households in developing countries: A Bangladesh case","Population and income are growing rapidly in South Asia, spurring the demand for food in general, and the demand for higher-valued food items in particular. This poses particular food security challenges for densely populated and emerging countries, such as Bangladesh. ","Journal Article (peer reviewed)",,
178,1,1900-01-01 00:00:00,2200-01-01 00:00:00,12886,"Peer-reviewed papers","A detailed list of the papers (there were more than 8) published through CSISA can be found here: https://csisa.org/research-publications/","Discussion paper/Working paper/White paper",,
179,1,1900-01-01 00:00:00,2200-01-01 00:00:00,12891,"Guinayangan Impact Areas","Brochure providing detailed description and features of the 7 impact sites or CSA learning areas in Guinayangan CSV. It also provides characteristics of and processes for developing an impact site. ","Brochure","https://drive.google.com/open?id=1iT7p9ukbJrE_pU5KOGZGE9R1yC_Mv_Km",
180,1,1900-01-01 00:00:00,2200-01-01 00:00:00,12945,"Review of laws and regulations that constrain private sector role in the delivery of animal health services in Kenya","Review of laws and regulations that constrain private sector role in the delivery of animal health services in Kenya","Research workshop report","https://cgspace.cgiar.org/handle/10568/100491",
181,1,1900-01-01 00:00:00,2200-01-01 00:00:00,12949,"Genome wide association studies (GWAS) of spot blotch resistance at the seedling and the adult plant stages in a collection of spring barley","Genome wide association studies (GWAS) of spot blotch resistance at the seedling and the adult plant stages in a collection of spring barley","Journal Article (peer reviewed)","https://link.springer.com/article/10.1007%2Fs11032-018-0815-0",
182,1,1900-01-01 00:00:00,2200-01-01 00:00:00,13030,"Journal article on identification of Mycoplasma mycoides subspecies mycoides molecules involved in adhesion to host cells.","Identification of targets of monoclonal antibodies that inhibit adhesion and growth in Mycoplasma mycoides subspecies mycoides","Journal Article (peer reviewed)","https://cgspace.cgiar.org/handle/10568/98897",
183,1,1900-01-01 00:00:00,2200-01-01 00:00:00,13034,"3rd Quertely Technical Report-Mayi Plus II Project.","Quarterly technical report (July-September 2018) that includes the activities and results achieved in each of the project outputs, such as:
In-country replication of the Seed Multiplication Workshops.
Results of the meetings with the Mayi Plus 1 seed multipliers farmers-South of Haiti.
Improved seed distribution report. 
Strategic-Maize-Seed-Reserve for Haiti report.","Funder report",,
184,1,1900-01-01 00:00:00,2200-01-01 00:00:00,13035,"4th Quarterly Technical Report-Mayi Plus II Project.","Technical report (October to December 2018) that includes the activities and results achieved in each of the outputs of the project, such as:
In-country trainings for seed productions/ farmer trainings. 
2018 Winter trials (response to nitrogen rate) establishment. 
2018 Winter seed production plots status-harvest until 2019.","Funder report",,
185,1,1900-01-01 00:00:00,2200-01-01 00:00:00,13077,"Probabilistic Decision Modelling to Determine Impacts on Natural Resource Management and Livelihood Resilience in Marsabit County, Kenya","Probabilistic Decision Modelling to Determine Impacts on Natural
Resource Management and Livelihood Resilience in Marsabit County,
Kenya
","Discussion paper/Working paper/White paper","http://dx.doi.org/10.5716/WP18008.PDF",
186,1,1900-01-01 00:00:00,2200-01-01 00:00:00,13135,"Toward a tenure-responsive approach to forest landscape restoration: A proposed tenure diagnostic for assessing restoration opportunities","CIFOR research in 2017 identified positive relationships between local-level tenure security and adoption of forest conservation and restoration investments and practices in a number of developing countries.  Regrettably, tenure insecurity is the norm in most areas.  CIFOR will develop a tenure diagnostic tool for forest landscape restoration in early 2018.","Journal Article (peer reviewed)","http://cdm15738.contentdm.oclc.org/cdm/ref/collection/p15738coll9/id/451",
187,1,1900-01-01 00:00:00,2200-01-01 00:00:00,13276,"Tracking empowerment along the value chain: Testing a modified WEAI in the Feed the Future Zone of Influence in Bangladesh","Tracking empowerment along the value chain: Testing a modified WEAI in the Feed the Future Zone of Influence in Bangladesh","Funder report","http://ebrary.ifpri.org/cdm/ref/collection/p15738coll2/id/132874",
188,1,1900-01-01 00:00:00,2200-01-01 00:00:00,13291,"Journal article on cytotoxic T lymphocytes reactivity against different strains of the causative parasite Theileria parva","Journal article","Journal Article (peer reviewed)","https://cgspace.cgiar.org/handle/10568/92437",
189,1,1900-01-01 00:00:00,2200-01-01 00:00:00,13312,"FSM ToolBox","The planning toolkit has tools that can assist you with stakeholder engagement, infrastructure planning and selection of business models.","Data portal/Tool/Model code/Computer software","https://www.fsmtoolbox.com/planning",
190,1,1900-01-01 00:00:00,2200-01-01 00:00:00,13413,"An overview of methods used to study the impact of climate change on agriculture in Central America and the Andean Region","N/A","Discussion paper/Working paper/White paper","http://ebrary.ifpri.org/cdm/ref/collection/p15738coll2/id/132940",
