fk_id_policy_info,fk_id_crp,fk_id_pol_inv_typ,fk_id_smo_org_types,fk_id_stage_processes,fk_id_stg_maturity,fk_id_geo_scopes,fk_id_phases,fk_id_location,fk_id_srf,fk_id_cci,fk_id_flagship,fk_id_ext_partner,fk_id_policy_owner,fk_id_sdg
98,1,3,0,2,0,4,3,105,3,0,0,0,0,1
123,2,1,0,1,0,4,20,72,3,0,0,0,0,1
113,2,1,0,2,0,4,20,262,13,0,0,0,0,2
112,2,1,0,1,0,3,20,118,0,10,0,0,0,3
112,2,1,0,1,0,3,20,135,0,10,0,0,0,3
112,2,1,0,1,0,3,20,136,0,10,0,0,0,3
112,2,1,0,1,0,3,20,189,0,10,0,0,0,3
112,2,1,0,1,0,3,20,209,0,10,0,0,0,3
112,2,1,0,1,0,3,20,262,0,10,0,0,0,3
112,2,1,0,1,0,3,20,258,0,10,0,0,0,3
112,2,1,0,1,0,3,20,274,0,10,0,0,0,3
112,2,1,0,1,0,3,20,61,0,10,0,0,0,3
112,2,1,0,1,0,3,20,60,0,10,0,0,0,3
112,2,1,0,1,0,3,20,72,0,10,0,0,0,3
98,1,3,0,2,0,4,3,105,3,0,0,0,0,4
123,2,1,0,1,0,4,20,72,3,0,0,0,0,4
113,2,1,0,2,0,4,20,262,13,0,0,0,0,5
112,2,1,0,1,0,3,20,118,0,10,0,0,0,6
112,2,1,0,1,0,3,20,135,0,10,0,0,0,6
112,2,1,0,1,0,3,20,136,0,10,0,0,0,6
112,2,1,0,1,0,3,20,189,0,10,0,0,0,6
112,2,1,0,1,0,3,20,209,0,10,0,0,0,6
112,2,1,0,1,0,3,20,262,0,10,0,0,0,6
112,2,1,0,1,0,3,20,258,0,10,0,0,0,6
112,2,1,0,1,0,3,20,274,0,10,0,0,0,6
112,2,1,0,1,0,3,20,61,0,10,0,0,0,6
112,2,1,0,1,0,3,20,60,0,10,0,0,0,6
112,2,1,0,1,0,3,20,72,0,10,0,0,0,6
105,1,1,0,2,0,4,3,118,1,0,0,0,0,7
122,2,1,0,1,0,4,20,67,1,0,0,0,0,7
123,2,1,0,1,0,4,20,72,1,0,0,0,0,7
124,2,3,0,1,0,4,20,105,1,0,0,0,0,7
125,2,3,0,1,0,4,20,105,1,0,0,0,0,7
97,1,3,0,1,0,4,3,105,2,0,0,0,0,8
98,1,3,0,2,0,4,3,105,2,0,0,0,0,8
103,1,1,0,2,0,4,3,105,2,0,0,0,0,8
124,2,3,0,1,0,4,20,105,2,0,0,0,0,8
125,2,3,0,1,0,4,20,105,2,0,0,0,0,8
127,2,1,0,1,0,1,20,87,2,0,0,0,0,8
107,1,1,0,2,0,4,3,209,0,6,0,0,0,9
105,1,1,0,2,0,4,3,118,1,0,0,0,0,11
122,2,1,0,1,0,4,20,67,1,0,0,0,0,11
123,2,1,0,1,0,4,20,72,1,0,0,0,0,11
124,2,3,0,1,0,4,20,105,1,0,0,0,0,11
125,2,3,0,1,0,4,20,105,1,0,0,0,0,11
97,1,3,0,1,0,4,3,105,2,0,0,0,0,12
98,1,3,0,2,0,4,3,105,2,0,0,0,0,12
103,1,1,0,2,0,4,3,105,2,0,0,0,0,12
124,2,3,0,1,0,4,20,105,2,0,0,0,0,12
125,2,3,0,1,0,4,20,105,2,0,0,0,0,12
127,2,1,0,1,0,1,20,87,2,0,0,0,0,12
107,1,1,0,2,0,4,3,209,0,6,0,0,0,13
105,1,1,0,2,0,4,3,118,1,0,0,0,0,15
122,2,1,0,1,0,4,20,67,1,0,0,0,0,15
123,2,1,0,1,0,4,20,72,1,0,0,0,0,15
124,2,3,0,1,0,4,20,105,1,0,0,0,0,15
125,2,3,0,1,0,4,20,105,1,0,0,0,0,15
97,1,3,0,1,0,4,3,105,2,0,0,0,0,16
98,1,3,0,2,0,4,3,105,2,0,0,0,0,16
103,1,1,0,2,0,4,3,105,2,0,0,0,0,16
124,2,3,0,1,0,4,20,105,2,0,0,0,0,16
125,2,3,0,1,0,4,20,105,2,0,0,0,0,16
127,2,1,0,1,0,1,20,87,2,0,0,0,0,16
107,1,1,0,2,0,4,3,209,0,6,0,0,0,17
105,1,1,0,2,0,4,3,118,1,0,0,0,0,19
122,2,1,0,1,0,4,20,67,1,0,0,0,0,19
123,2,1,0,1,0,4,20,72,1,0,0,0,0,19
124,2,3,0,1,0,4,20,105,1,0,0,0,0,19
125,2,3,0,1,0,4,20,105,1,0,0,0,0,19
97,1,3,0,1,0,4,3,105,2,0,0,0,0,20
98,1,3,0,2,0,4,3,105,2,0,0,0,0,20
103,1,1,0,2,0,4,3,105,2,0,0,0,0,20
124,2,3,0,1,0,4,20,105,2,0,0,0,0,20
125,2,3,0,1,0,4,20,105,2,0,0,0,0,20
127,2,1,0,1,0,1,20,87,2,0,0,0,0,20
107,1,1,0,2,0,4,3,209,0,6,0,0,0,21
122,2,1,0,1,0,4,20,67,15,0,0,0,0,25
98,1,3,0,2,0,4,3,105,3,0,0,0,0,26
123,2,1,0,1,0,4,20,72,3,0,0,0,0,26
126,2,1,0,1,0,1,20,87,4,0,0,0,0,27
98,1,3,0,2,0,4,3,105,3,0,0,0,0,30
123,2,1,0,1,0,4,20,72,3,0,0,0,0,30
126,2,1,0,1,0,1,20,87,4,0,0,0,0,31
104,1,1,0,2,0,3,3,187,25,0,0,0,0,34
104,1,1,0,2,0,3,3,197,25,0,0,0,0,34
104,1,1,0,2,0,3,3,68,25,0,0,0,0,34
104,1,1,0,2,0,3,3,23,25,0,0,0,0,34
104,1,1,0,2,0,3,3,54,25,0,0,0,0,34
104,1,1,0,2,0,3,3,65,25,0,0,0,0,34
104,1,1,0,2,0,3,3,93,25,0,0,0,0,34
104,1,1,0,2,0,3,3,101,25,0,0,0,0,34
99,1,2,0,2,0,1,3,87,12,0,0,0,0,37
100,1,1,0,2,0,3,3,183,12,0,0,0,0,37
100,1,1,0,2,0,3,3,209,12,0,0,0,0,37
100,1,1,0,2,0,3,3,258,12,0,0,0,0,37
100,1,1,0,2,0,3,3,37,12,0,0,0,0,37
100,1,1,0,2,0,3,3,26,12,0,0,0,0,37
100,1,1,0,2,0,3,3,60,12,0,0,0,0,37
100,1,1,0,2,0,3,3,54,12,0,0,0,0,37
100,1,1,0,2,0,3,3,93,12,0,0,0,0,37
101,1,2,0,2,0,3,3,135,12,0,0,0,0,37
101,1,2,0,2,0,3,3,24,12,0,0,0,0,37
99,1,2,0,2,0,1,3,87,12,0,0,0,0,38
100,1,1,0,2,0,3,3,183,12,0,0,0,0,38
100,1,1,0,2,0,3,3,209,12,0,0,0,0,38
100,1,1,0,2,0,3,3,258,12,0,0,0,0,38
100,1,1,0,2,0,3,3,37,12,0,0,0,0,38
100,1,1,0,2,0,3,3,26,12,0,0,0,0,38
100,1,1,0,2,0,3,3,60,12,0,0,0,0,38
100,1,1,0,2,0,3,3,54,12,0,0,0,0,38
100,1,1,0,2,0,3,3,93,12,0,0,0,0,38
101,1,2,0,2,0,3,3,135,12,0,0,0,0,38
101,1,2,0,2,0,3,3,24,12,0,0,0,0,38
109,2,3,0,1,0,4,20,243,0,15,0,0,0,39
110,2,1,0,1,0,4,20,118,0,15,0,0,0,39
102,1,3,0,1,0,4,3,188,0,16,0,0,0,40
109,2,3,0,1,0,4,20,243,0,15,0,0,0,41
110,2,1,0,1,0,4,20,118,0,15,0,0,0,41
102,1,3,0,1,0,4,3,188,0,16,0,0,0,42
126,2,1,0,1,0,1,20,87,4,0,0,0,0,43
109,2,3,0,1,0,4,20,243,0,15,0,0,0,56
110,2,1,0,1,0,4,20,118,0,15,0,0,0,56
102,1,3,0,1,0,4,3,188,0,16,0,0,0,57
102,1,3,0,1,0,4,3,188,0,16,0,0,0,58
126,2,1,0,1,0,1,20,87,6,0,0,0,0,59
127,2,1,0,1,0,1,20,87,6,0,0,0,0,59
126,2,1,0,1,0,1,20,87,4,0,0,0,0,60
103,1,1,0,2,0,4,3,105,5,0,0,0,0,61
113,2,1,0,2,0,4,20,262,13,0,0,0,0,64
103,1,1,0,2,0,4,3,105,5,0,0,0,0,69
102,1,3,0,1,0,4,3,188,0,2,0,0,0,71
116,2,1,0,1,0,2,20,299,0,2,0,0,0,71
117,2,3,0,1,0,3,20,118,0,2,0,0,0,71
117,2,3,0,1,0,3,20,155,0,2,0,0,0,71
117,2,3,0,1,0,3,20,136,0,2,0,0,0,71
117,2,3,0,1,0,3,20,262,0,2,0,0,0,71
117,2,3,0,1,0,3,20,67,0,2,0,0,0,71
117,2,3,0,1,0,3,20,72,0,2,0,0,0,71
117,2,3,0,1,0,3,20,85,0,2,0,0,0,71
118,2,1,0,1,0,1,20,87,0,2,0,0,0,71
119,2,3,0,1,0,3,20,139,0,2,0,0,0,71
119,2,3,0,1,0,3,20,189,0,2,0,0,0,71
119,2,3,0,1,0,3,20,249,0,2,0,0,0,71
119,2,3,0,1,0,3,20,274,0,2,0,0,0,71
119,2,3,0,1,0,3,20,37,0,2,0,0,0,71
119,2,3,0,1,0,3,20,93,0,2,0,0,0,71
120,2,1,0,1,0,4,20,183,0,2,0,0,0,71
121,2,1,0,1,0,1,20,87,0,2,0,0,0,71
119,2,3,0,1,0,3,20,139,0,1,0,0,0,72
119,2,3,0,1,0,3,20,189,0,1,0,0,0,72
119,2,3,0,1,0,3,20,249,0,1,0,0,0,72
119,2,3,0,1,0,3,20,274,0,1,0,0,0,72
119,2,3,0,1,0,3,20,37,0,1,0,0,0,72
119,2,3,0,1,0,3,20,93,0,1,0,0,0,72
120,2,1,0,1,0,4,20,183,0,1,0,0,0,72
121,2,1,0,1,0,1,20,87,0,1,0,0,0,72
99,1,2,0,2,0,1,3,87,0,13,0,0,0,74
100,1,1,0,2,0,3,3,183,0,13,0,0,0,74
100,1,1,0,2,0,3,3,209,0,13,0,0,0,74
100,1,1,0,2,0,3,3,258,0,13,0,0,0,74
100,1,1,0,2,0,3,3,37,0,13,0,0,0,74
100,1,1,0,2,0,3,3,26,0,13,0,0,0,74
100,1,1,0,2,0,3,3,60,0,13,0,0,0,74
100,1,1,0,2,0,3,3,54,0,13,0,0,0,74
100,1,1,0,2,0,3,3,93,0,13,0,0,0,74
101,1,2,0,2,0,3,3,135,0,13,0,0,0,74
101,1,2,0,2,0,3,3,24,0,13,0,0,0,74
106,1,1,0,2,0,4,3,54,0,13,0,0,0,74
108,2,1,0,1,0,4,20,189,0,13,0,0,0,74
111,2,1,0,1,0,3,20,105,0,13,0,0,0,74
111,2,1,0,1,0,3,20,118,0,13,0,0,0,74
111,2,1,0,1,0,3,20,39,0,13,0,0,0,74
111,2,1,0,1,0,3,20,3,0,13,0,0,0,74
111,2,1,0,1,0,3,20,135,0,13,0,0,0,74
111,2,1,0,1,0,3,20,136,0,13,0,0,0,74
111,2,1,0,1,0,3,20,188,0,13,0,0,0,74
111,2,1,0,1,0,3,20,187,0,13,0,0,0,74
111,2,1,0,1,0,3,20,183,0,13,0,0,0,74
111,2,1,0,1,0,3,20,200,0,13,0,0,0,74
111,2,1,0,1,0,3,20,201,0,13,0,0,0,74
111,2,1,0,1,0,3,20,249,0,13,0,0,0,74
111,2,1,0,1,0,3,20,262,0,13,0,0,0,74
111,2,1,0,1,0,3,20,19,0,13,0,0,0,74
111,2,1,0,1,0,3,20,27,0,13,0,0,0,74
111,2,1,0,1,0,3,20,61,0,13,0,0,0,74
111,2,1,0,1,0,3,20,40,0,13,0,0,0,74
111,2,1,0,1,0,3,20,50,0,13,0,0,0,74
111,2,1,0,1,0,3,20,66,0,13,0,0,0,74
111,2,1,0,1,0,3,20,234,0,13,0,0,0,74
111,2,1,0,1,0,3,20,93,0,13,0,0,0,74
111,2,1,0,1,0,3,20,106,0,13,0,0,0,74
112,2,1,0,1,0,3,20,118,0,13,0,0,0,74
112,2,1,0,1,0,3,20,135,0,13,0,0,0,74
112,2,1,0,1,0,3,20,136,0,13,0,0,0,74
112,2,1,0,1,0,3,20,189,0,13,0,0,0,74
112,2,1,0,1,0,3,20,209,0,13,0,0,0,74
112,2,1,0,1,0,3,20,262,0,13,0,0,0,74
112,2,1,0,1,0,3,20,258,0,13,0,0,0,74
112,2,1,0,1,0,3,20,274,0,13,0,0,0,74
112,2,1,0,1,0,3,20,61,0,13,0,0,0,74
112,2,1,0,1,0,3,20,60,0,13,0,0,0,74
112,2,1,0,1,0,3,20,72,0,13,0,0,0,74
113,2,1,0,2,0,4,20,262,0,13,0,0,0,74
115,2,3,0,1,0,4,20,85,0,13,0,0,0,74
116,2,1,0,1,0,2,20,299,0,13,0,0,0,74
117,2,3,0,1,0,3,20,118,0,13,0,0,0,74
117,2,3,0,1,0,3,20,155,0,13,0,0,0,74
117,2,3,0,1,0,3,20,136,0,13,0,0,0,74
117,2,3,0,1,0,3,20,262,0,13,0,0,0,74
117,2,3,0,1,0,3,20,67,0,13,0,0,0,74
117,2,3,0,1,0,3,20,72,0,13,0,0,0,74
117,2,3,0,1,0,3,20,85,0,13,0,0,0,74
118,2,1,0,1,0,1,20,87,0,13,0,0,0,74
99,1,2,0,2,0,1,3,87,0,13,0,0,0,76
100,1,1,0,2,0,3,3,183,0,13,0,0,0,76
100,1,1,0,2,0,3,3,209,0,13,0,0,0,76
100,1,1,0,2,0,3,3,258,0,13,0,0,0,76
100,1,1,0,2,0,3,3,37,0,13,0,0,0,76
100,1,1,0,2,0,3,3,26,0,13,0,0,0,76
100,1,1,0,2,0,3,3,60,0,13,0,0,0,76
100,1,1,0,2,0,3,3,54,0,13,0,0,0,76
100,1,1,0,2,0,3,3,93,0,13,0,0,0,76
101,1,2,0,2,0,3,3,135,0,13,0,0,0,76
101,1,2,0,2,0,3,3,24,0,13,0,0,0,76
106,1,1,0,2,0,4,3,54,0,13,0,0,0,76
108,2,1,0,1,0,4,20,189,0,13,0,0,0,76
111,2,1,0,1,0,3,20,105,0,13,0,0,0,76
111,2,1,0,1,0,3,20,118,0,13,0,0,0,76
111,2,1,0,1,0,3,20,39,0,13,0,0,0,76
111,2,1,0,1,0,3,20,3,0,13,0,0,0,76
111,2,1,0,1,0,3,20,135,0,13,0,0,0,76
111,2,1,0,1,0,3,20,136,0,13,0,0,0,76
111,2,1,0,1,0,3,20,188,0,13,0,0,0,76
111,2,1,0,1,0,3,20,187,0,13,0,0,0,76
111,2,1,0,1,0,3,20,183,0,13,0,0,0,76
111,2,1,0,1,0,3,20,200,0,13,0,0,0,76
111,2,1,0,1,0,3,20,201,0,13,0,0,0,76
111,2,1,0,1,0,3,20,249,0,13,0,0,0,76
111,2,1,0,1,0,3,20,262,0,13,0,0,0,76
111,2,1,0,1,0,3,20,19,0,13,0,0,0,76
111,2,1,0,1,0,3,20,27,0,13,0,0,0,76
111,2,1,0,1,0,3,20,61,0,13,0,0,0,76
111,2,1,0,1,0,3,20,40,0,13,0,0,0,76
111,2,1,0,1,0,3,20,50,0,13,0,0,0,76
111,2,1,0,1,0,3,20,66,0,13,0,0,0,76
111,2,1,0,1,0,3,20,234,0,13,0,0,0,76
111,2,1,0,1,0,3,20,93,0,13,0,0,0,76
111,2,1,0,1,0,3,20,106,0,13,0,0,0,76
112,2,1,0,1,0,3,20,118,0,13,0,0,0,76
112,2,1,0,1,0,3,20,135,0,13,0,0,0,76
112,2,1,0,1,0,3,20,136,0,13,0,0,0,76
112,2,1,0,1,0,3,20,189,0,13,0,0,0,76
112,2,1,0,1,0,3,20,209,0,13,0,0,0,76
112,2,1,0,1,0,3,20,262,0,13,0,0,0,76
112,2,1,0,1,0,3,20,258,0,13,0,0,0,76
112,2,1,0,1,0,3,20,274,0,13,0,0,0,76
112,2,1,0,1,0,3,20,61,0,13,0,0,0,76
112,2,1,0,1,0,3,20,60,0,13,0,0,0,76
112,2,1,0,1,0,3,20,72,0,13,0,0,0,76
113,2,1,0,2,0,4,20,262,0,13,0,0,0,76
115,2,3,0,1,0,4,20,85,0,13,0,0,0,76
116,2,1,0,1,0,2,20,299,0,13,0,0,0,76
117,2,3,0,1,0,3,20,118,0,13,0,0,0,76
117,2,3,0,1,0,3,20,155,0,13,0,0,0,76
117,2,3,0,1,0,3,20,136,0,13,0,0,0,76
117,2,3,0,1,0,3,20,262,0,13,0,0,0,76
117,2,3,0,1,0,3,20,67,0,13,0,0,0,76
117,2,3,0,1,0,3,20,72,0,13,0,0,0,76
117,2,3,0,1,0,3,20,85,0,13,0,0,0,76
118,2,1,0,1,0,1,20,87,0,13,0,0,0,76
99,1,2,0,2,0,1,3,87,0,13,0,0,0,78
100,1,1,0,2,0,3,3,183,0,13,0,0,0,78
100,1,1,0,2,0,3,3,209,0,13,0,0,0,78
100,1,1,0,2,0,3,3,258,0,13,0,0,0,78
100,1,1,0,2,0,3,3,37,0,13,0,0,0,78
100,1,1,0,2,0,3,3,26,0,13,0,0,0,78
100,1,1,0,2,0,3,3,60,0,13,0,0,0,78
100,1,1,0,2,0,3,3,54,0,13,0,0,0,78
100,1,1,0,2,0,3,3,93,0,13,0,0,0,78
101,1,2,0,2,0,3,3,135,0,13,0,0,0,78
101,1,2,0,2,0,3,3,24,0,13,0,0,0,78
106,1,1,0,2,0,4,3,54,0,13,0,0,0,78
108,2,1,0,1,0,4,20,189,0,13,0,0,0,78
111,2,1,0,1,0,3,20,105,0,13,0,0,0,78
111,2,1,0,1,0,3,20,118,0,13,0,0,0,78
111,2,1,0,1,0,3,20,39,0,13,0,0,0,78
111,2,1,0,1,0,3,20,3,0,13,0,0,0,78
111,2,1,0,1,0,3,20,135,0,13,0,0,0,78
111,2,1,0,1,0,3,20,136,0,13,0,0,0,78
111,2,1,0,1,0,3,20,188,0,13,0,0,0,78
111,2,1,0,1,0,3,20,187,0,13,0,0,0,78
111,2,1,0,1,0,3,20,183,0,13,0,0,0,78
111,2,1,0,1,0,3,20,200,0,13,0,0,0,78
111,2,1,0,1,0,3,20,201,0,13,0,0,0,78
111,2,1,0,1,0,3,20,249,0,13,0,0,0,78
111,2,1,0,1,0,3,20,262,0,13,0,0,0,78
111,2,1,0,1,0,3,20,19,0,13,0,0,0,78
111,2,1,0,1,0,3,20,27,0,13,0,0,0,78
111,2,1,0,1,0,3,20,61,0,13,0,0,0,78
111,2,1,0,1,0,3,20,40,0,13,0,0,0,78
111,2,1,0,1,0,3,20,50,0,13,0,0,0,78
111,2,1,0,1,0,3,20,66,0,13,0,0,0,78
111,2,1,0,1,0,3,20,234,0,13,0,0,0,78
111,2,1,0,1,0,3,20,93,0,13,0,0,0,78
111,2,1,0,1,0,3,20,106,0,13,0,0,0,78
112,2,1,0,1,0,3,20,118,0,13,0,0,0,78
112,2,1,0,1,0,3,20,135,0,13,0,0,0,78
112,2,1,0,1,0,3,20,136,0,13,0,0,0,78
112,2,1,0,1,0,3,20,189,0,13,0,0,0,78
112,2,1,0,1,0,3,20,209,0,13,0,0,0,78
112,2,1,0,1,0,3,20,262,0,13,0,0,0,78
112,2,1,0,1,0,3,20,258,0,13,0,0,0,78
112,2,1,0,1,0,3,20,274,0,13,0,0,0,78
112,2,1,0,1,0,3,20,61,0,13,0,0,0,78
112,2,1,0,1,0,3,20,60,0,13,0,0,0,78
112,2,1,0,1,0,3,20,72,0,13,0,0,0,78
113,2,1,0,2,0,4,20,262,0,13,0,0,0,78
115,2,3,0,1,0,4,20,85,0,13,0,0,0,78
116,2,1,0,1,0,2,20,299,0,13,0,0,0,78
117,2,3,0,1,0,3,20,118,0,13,0,0,0,78
117,2,3,0,1,0,3,20,155,0,13,0,0,0,78
117,2,3,0,1,0,3,20,136,0,13,0,0,0,78
117,2,3,0,1,0,3,20,262,0,13,0,0,0,78
117,2,3,0,1,0,3,20,67,0,13,0,0,0,78
117,2,3,0,1,0,3,20,72,0,13,0,0,0,78
117,2,3,0,1,0,3,20,85,0,13,0,0,0,78
118,2,1,0,1,0,1,20,87,0,13,0,0,0,78
107,1,1,0,2,0,4,3,209,0,6,0,0,0,80
102,1,3,0,1,0,4,3,188,0,2,0,0,0,81
116,2,1,0,1,0,2,20,299,0,2,0,0,0,81
117,2,3,0,1,0,3,20,118,0,2,0,0,0,81
117,2,3,0,1,0,3,20,155,0,2,0,0,0,81
117,2,3,0,1,0,3,20,136,0,2,0,0,0,81
117,2,3,0,1,0,3,20,262,0,2,0,0,0,81
117,2,3,0,1,0,3,20,67,0,2,0,0,0,81
117,2,3,0,1,0,3,20,72,0,2,0,0,0,81
117,2,3,0,1,0,3,20,85,0,2,0,0,0,81
118,2,1,0,1,0,1,20,87,0,2,0,0,0,81
119,2,3,0,1,0,3,20,139,0,2,0,0,0,81
119,2,3,0,1,0,3,20,189,0,2,0,0,0,81
119,2,3,0,1,0,3,20,249,0,2,0,0,0,81
119,2,3,0,1,0,3,20,274,0,2,0,0,0,81
119,2,3,0,1,0,3,20,37,0,2,0,0,0,81
119,2,3,0,1,0,3,20,93,0,2,0,0,0,81
120,2,1,0,1,0,4,20,183,0,2,0,0,0,81
121,2,1,0,1,0,1,20,87,0,2,0,0,0,81
119,2,3,0,1,0,3,20,139,0,1,0,0,0,82
119,2,3,0,1,0,3,20,189,0,1,0,0,0,82
119,2,3,0,1,0,3,20,249,0,1,0,0,0,82
119,2,3,0,1,0,3,20,274,0,1,0,0,0,82
119,2,3,0,1,0,3,20,37,0,1,0,0,0,82
119,2,3,0,1,0,3,20,93,0,1,0,0,0,82
120,2,1,0,1,0,4,20,183,0,1,0,0,0,82
121,2,1,0,1,0,1,20,87,0,1,0,0,0,82
104,1,1,0,2,0,3,3,187,28,0,0,0,0,84
104,1,1,0,2,0,3,3,197,28,0,0,0,0,84
104,1,1,0,2,0,3,3,68,28,0,0,0,0,84
104,1,1,0,2,0,3,3,23,28,0,0,0,0,84
104,1,1,0,2,0,3,3,54,28,0,0,0,0,84
104,1,1,0,2,0,3,3,65,28,0,0,0,0,84
104,1,1,0,2,0,3,3,93,28,0,0,0,0,84
104,1,1,0,2,0,3,3,101,28,0,0,0,0,84
104,1,1,0,2,0,3,3,187,25,0,0,0,0,86
104,1,1,0,2,0,3,3,197,25,0,0,0,0,86
104,1,1,0,2,0,3,3,68,25,0,0,0,0,86
104,1,1,0,2,0,3,3,23,25,0,0,0,0,86
104,1,1,0,2,0,3,3,54,25,0,0,0,0,86
104,1,1,0,2,0,3,3,65,25,0,0,0,0,86
104,1,1,0,2,0,3,3,93,25,0,0,0,0,86
104,1,1,0,2,0,3,3,101,25,0,0,0,0,86
114,2,1,0,1,0,3,20,135,22,0,0,0,0,89
114,2,1,0,1,0,3,20,72,22,0,0,0,0,89
114,2,1,0,1,0,3,20,135,22,0,0,0,0,91
114,2,1,0,1,0,3,20,72,22,0,0,0,0,91
114,2,1,0,1,0,3,20,135,22,0,0,0,0,92
114,2,1,0,1,0,3,20,72,22,0,0,0,0,92
102,1,3,0,1,0,4,3,188,0,2,0,0,0,94
116,2,1,0,1,0,2,20,299,0,2,0,0,0,94
117,2,3,0,1,0,3,20,118,0,2,0,0,0,94
117,2,3,0,1,0,3,20,155,0,2,0,0,0,94
117,2,3,0,1,0,3,20,136,0,2,0,0,0,94
117,2,3,0,1,0,3,20,262,0,2,0,0,0,94
117,2,3,0,1,0,3,20,67,0,2,0,0,0,94
117,2,3,0,1,0,3,20,72,0,2,0,0,0,94
117,2,3,0,1,0,3,20,85,0,2,0,0,0,94
118,2,1,0,1,0,1,20,87,0,2,0,0,0,94
119,2,3,0,1,0,3,20,139,0,2,0,0,0,94
119,2,3,0,1,0,3,20,189,0,2,0,0,0,94
119,2,3,0,1,0,3,20,249,0,2,0,0,0,94
119,2,3,0,1,0,3,20,274,0,2,0,0,0,94
119,2,3,0,1,0,3,20,37,0,2,0,0,0,94
119,2,3,0,1,0,3,20,93,0,2,0,0,0,94
120,2,1,0,1,0,4,20,183,0,2,0,0,0,94
121,2,1,0,1,0,1,20,87,0,2,0,0,0,94
102,1,3,0,1,0,4,3,188,0,2,0,0,0,95
116,2,1,0,1,0,2,20,299,0,2,0,0,0,95
117,2,3,0,1,0,3,20,118,0,2,0,0,0,95
117,2,3,0,1,0,3,20,155,0,2,0,0,0,95
117,2,3,0,1,0,3,20,136,0,2,0,0,0,95
117,2,3,0,1,0,3,20,262,0,2,0,0,0,95
117,2,3,0,1,0,3,20,67,0,2,0,0,0,95
117,2,3,0,1,0,3,20,72,0,2,0,0,0,95
117,2,3,0,1,0,3,20,85,0,2,0,0,0,95
118,2,1,0,1,0,1,20,87,0,2,0,0,0,95
119,2,3,0,1,0,3,20,139,0,2,0,0,0,95
119,2,3,0,1,0,3,20,189,0,2,0,0,0,95
119,2,3,0,1,0,3,20,249,0,2,0,0,0,95
119,2,3,0,1,0,3,20,274,0,2,0,0,0,95
119,2,3,0,1,0,3,20,37,0,2,0,0,0,95
119,2,3,0,1,0,3,20,93,0,2,0,0,0,95
120,2,1,0,1,0,4,20,183,0,2,0,0,0,95
121,2,1,0,1,0,1,20,87,0,2,0,0,0,95
102,1,3,0,1,0,4,3,188,0,2,0,0,0,96
116,2,1,0,1,0,2,20,299,0,2,0,0,0,96
117,2,3,0,1,0,3,20,118,0,2,0,0,0,96
117,2,3,0,1,0,3,20,155,0,2,0,0,0,96
117,2,3,0,1,0,3,20,136,0,2,0,0,0,96
117,2,3,0,1,0,3,20,262,0,2,0,0,0,96
117,2,3,0,1,0,3,20,67,0,2,0,0,0,96
117,2,3,0,1,0,3,20,72,0,2,0,0,0,96
117,2,3,0,1,0,3,20,85,0,2,0,0,0,96
118,2,1,0,1,0,1,20,87,0,2,0,0,0,96
119,2,3,0,1,0,3,20,139,0,2,0,0,0,96
119,2,3,0,1,0,3,20,189,0,2,0,0,0,96
119,2,3,0,1,0,3,20,249,0,2,0,0,0,96
119,2,3,0,1,0,3,20,274,0,2,0,0,0,96
119,2,3,0,1,0,3,20,37,0,2,0,0,0,96
119,2,3,0,1,0,3,20,93,0,2,0,0,0,96
120,2,1,0,1,0,4,20,183,0,2,0,0,0,96
121,2,1,0,1,0,1,20,87,0,2,0,0,0,96
119,2,3,0,1,0,3,20,139,0,1,0,0,0,97
119,2,3,0,1,0,3,20,189,0,1,0,0,0,97
119,2,3,0,1,0,3,20,249,0,1,0,0,0,97
119,2,3,0,1,0,3,20,274,0,1,0,0,0,97
119,2,3,0,1,0,3,20,37,0,1,0,0,0,97
119,2,3,0,1,0,3,20,93,0,1,0,0,0,97
120,2,1,0,1,0,4,20,183,0,1,0,0,0,97
121,2,1,0,1,0,1,20,87,0,1,0,0,0,97
102,1,3,0,1,0,4,3,188,0,2,0,0,0,98
116,2,1,0,1,0,2,20,299,0,2,0,0,0,98
117,2,3,0,1,0,3,20,118,0,2,0,0,0,98
117,2,3,0,1,0,3,20,155,0,2,0,0,0,98
117,2,3,0,1,0,3,20,136,0,2,0,0,0,98
117,2,3,0,1,0,3,20,262,0,2,0,0,0,98
117,2,3,0,1,0,3,20,67,0,2,0,0,0,98
117,2,3,0,1,0,3,20,72,0,2,0,0,0,98
117,2,3,0,1,0,3,20,85,0,2,0,0,0,98
118,2,1,0,1,0,1,20,87,0,2,0,0,0,98
119,2,3,0,1,0,3,20,139,0,2,0,0,0,98
119,2,3,0,1,0,3,20,189,0,2,0,0,0,98
119,2,3,0,1,0,3,20,249,0,2,0,0,0,98
119,2,3,0,1,0,3,20,274,0,2,0,0,0,98
119,2,3,0,1,0,3,20,37,0,2,0,0,0,98
119,2,3,0,1,0,3,20,93,0,2,0,0,0,98
120,2,1,0,1,0,4,20,183,0,2,0,0,0,98
121,2,1,0,1,0,1,20,87,0,2,0,0,0,98
119,2,3,0,1,0,3,20,139,0,1,0,0,0,99
119,2,3,0,1,0,3,20,189,0,1,0,0,0,99
119,2,3,0,1,0,3,20,249,0,1,0,0,0,99
119,2,3,0,1,0,3,20,274,0,1,0,0,0,99
119,2,3,0,1,0,3,20,37,0,1,0,0,0,99
119,2,3,0,1,0,3,20,93,0,1,0,0,0,99
120,2,1,0,1,0,4,20,183,0,1,0,0,0,99
121,2,1,0,1,0,1,20,87,0,1,0,0,0,99
99,1,2,0,2,0,1,3,87,0,13,0,0,0,100
100,1,1,0,2,0,3,3,183,0,13,0,0,0,100
100,1,1,0,2,0,3,3,209,0,13,0,0,0,100
100,1,1,0,2,0,3,3,258,0,13,0,0,0,100
100,1,1,0,2,0,3,3,37,0,13,0,0,0,100
100,1,1,0,2,0,3,3,26,0,13,0,0,0,100
100,1,1,0,2,0,3,3,60,0,13,0,0,0,100
100,1,1,0,2,0,3,3,54,0,13,0,0,0,100
100,1,1,0,2,0,3,3,93,0,13,0,0,0,100
101,1,2,0,2,0,3,3,135,0,13,0,0,0,100
101,1,2,0,2,0,3,3,24,0,13,0,0,0,100
106,1,1,0,2,0,4,3,54,0,13,0,0,0,100
108,2,1,0,1,0,4,20,189,0,13,0,0,0,100
111,2,1,0,1,0,3,20,105,0,13,0,0,0,100
111,2,1,0,1,0,3,20,118,0,13,0,0,0,100
111,2,1,0,1,0,3,20,39,0,13,0,0,0,100
111,2,1,0,1,0,3,20,3,0,13,0,0,0,100
111,2,1,0,1,0,3,20,135,0,13,0,0,0,100
111,2,1,0,1,0,3,20,136,0,13,0,0,0,100
111,2,1,0,1,0,3,20,188,0,13,0,0,0,100
111,2,1,0,1,0,3,20,187,0,13,0,0,0,100
111,2,1,0,1,0,3,20,183,0,13,0,0,0,100
111,2,1,0,1,0,3,20,200,0,13,0,0,0,100
111,2,1,0,1,0,3,20,201,0,13,0,0,0,100
111,2,1,0,1,0,3,20,249,0,13,0,0,0,100
111,2,1,0,1,0,3,20,262,0,13,0,0,0,100
111,2,1,0,1,0,3,20,19,0,13,0,0,0,100
111,2,1,0,1,0,3,20,27,0,13,0,0,0,100
111,2,1,0,1,0,3,20,61,0,13,0,0,0,100
111,2,1,0,1,0,3,20,40,0,13,0,0,0,100
111,2,1,0,1,0,3,20,50,0,13,0,0,0,100
111,2,1,0,1,0,3,20,66,0,13,0,0,0,100
111,2,1,0,1,0,3,20,234,0,13,0,0,0,100
111,2,1,0,1,0,3,20,93,0,13,0,0,0,100
111,2,1,0,1,0,3,20,106,0,13,0,0,0,100
112,2,1,0,1,0,3,20,118,0,13,0,0,0,100
1,2,1,0,3,0,4,23,67,15,0,0,0,0,25
1,2,1,0,3,0,4,23,67,16,0,0,0,0,62
1,2,1,0,3,0,4,23,67,16,0,0,0,0,70
2,1,1,10,3,0,2,6,298,0,5,0,0,0,0
3,1,1,4,4,0,5,6,258,0,13,0,0,0,74
3,1,1,4,4,0,5,6,258,0,13,0,0,0,76
3,1,1,4,4,0,5,6,258,0,13,0,0,0,78
3,1,1,4,4,0,5,6,258,0,13,0,0,0,100
4,1,1,8,4,0,3,6,135,12,0,0,0,0,37
4,1,1,8,4,0,3,6,135,12,0,0,0,0,38
4,1,1,8,4,0,3,6,24,12,0,0,0,0,37
4,1,1,8,4,0,3,6,24,12,0,0,0,0,38
5,1,1,8,4,0,5,6,24,12,0,0,0,0,37
5,1,1,8,4,0,5,6,24,12,0,0,0,0,38
6,1,1,8,4,0,4,6,118,0,13,0,0,0,74
6,1,1,8,4,0,4,6,118,0,13,0,0,0,76
6,1,1,8,4,0,4,6,118,0,13,0,0,0,78
6,1,1,8,4,0,4,6,118,0,13,0,0,0,100
6,1,1,8,4,0,4,6,118,0,5,0,0,0,0
8,1,1,8,4,0,4,6,93,0,6,0,0,0,9
8,1,1,8,4,0,4,6,93,0,6,0,0,0,13
8,1,1,8,4,0,4,6,93,0,6,0,0,0,17
8,1,1,8,4,0,4,6,93,0,6,0,0,0,21
8,1,1,8,4,0,4,6,93,0,6,0,0,0,80
9,1,1,4,4,0,4,6,258,0,6,0,0,0,9
9,1,1,4,4,0,4,6,258,0,6,0,0,0,13
9,1,1,4,4,0,4,6,258,0,6,0,0,0,17
9,1,1,4,4,0,4,6,258,0,6,0,0,0,21
9,1,1,4,4,0,4,6,258,0,6,0,0,0,80
9,1,1,4,4,0,4,6,258,0,13,0,0,0,74
9,1,1,4,4,0,4,6,258,0,13,0,0,0,76
9,1,1,4,4,0,4,6,258,0,13,0,0,0,78
9,1,1,4,4,0,4,6,258,0,13,0,0,0,100
10,1,1,8,4,0,5,6,183,10,0,0,0,0,28
10,1,1,8,4,0,5,6,183,10,0,0,0,0,32
10,1,1,8,4,0,5,6,183,28,0,0,0,0,84
11,1,1,8,4,0,4,6,269,0,14,0,0,0,10
11,1,1,8,4,0,4,6,269,0,14,0,0,0,14
11,1,1,8,4,0,4,6,269,0,14,0,0,0,18
11,1,1,8,4,0,4,6,269,0,14,0,0,0,22
11,1,1,8,4,0,4,6,269,0,5,0,0,0,0
12,1,3,10,4,0,1,6,87,0,5,0,0,0,0
12,1,3,10,4,0,1,6,87,0,9,0,0,0,0
13,1,4,8,4,0,4,6,201,0,6,0,0,0,9
13,1,4,8,4,0,4,6,201,0,6,0,0,0,13
13,1,4,8,4,0,4,6,201,0,6,0,0,0,17
13,1,4,8,4,0,4,6,201,0,6,0,0,0,21
13,1,4,8,4,0,4,6,201,0,6,0,0,0,80
14,1,1,6,3,0,5,6,258,0,6,0,0,0,9
14,1,1,6,3,0,5,6,258,0,6,0,0,0,13
14,1,1,6,3,0,5,6,258,0,6,0,0,0,17
14,1,1,6,3,0,5,6,258,0,6,0,0,0,21
14,1,1,6,3,0,5,6,258,0,6,0,0,0,80
14,1,1,6,3,0,5,6,258,29,0,0,0,0,79
15,1,1,8,4,0,5,6,201,0,13,0,0,0,74
15,1,1,8,4,0,5,6,201,0,13,0,0,0,76
15,1,1,8,4,0,5,6,201,0,13,0,0,0,78
15,1,1,8,4,0,5,6,201,0,13,0,0,0,100
16,1,1,4,4,0,4,6,201,0,13,0,0,0,74
16,1,1,4,4,0,4,6,201,0,13,0,0,0,76
16,1,1,4,4,0,4,6,201,0,13,0,0,0,78
16,1,1,4,4,0,4,6,201,0,13,0,0,0,100
16,1,1,4,4,0,4,6,201,0,6,0,0,0,9
16,1,1,4,4,0,4,6,201,0,6,0,0,0,13
16,1,1,4,4,0,4,6,201,0,6,0,0,0,17
16,1,1,4,4,0,4,6,201,0,6,0,0,0,21
16,1,1,4,4,0,4,6,201,0,6,0,0,0,80
17,1,1,0,4,0,4,6,201,0,13,0,0,0,74
17,1,1,0,4,0,4,6,201,0,13,0,0,0,76
17,1,1,0,4,0,4,6,201,0,13,0,0,0,78
17,1,1,0,4,0,4,6,201,0,13,0,0,0,100
17,1,1,0,4,0,4,6,201,0,6,0,0,0,9
17,1,1,0,4,0,4,6,201,0,6,0,0,0,13
17,1,1,0,4,0,4,6,201,0,6,0,0,0,17
17,1,1,0,4,0,4,6,201,0,6,0,0,0,21
17,1,1,0,4,0,4,6,201,0,6,0,0,0,80
18,2,1,0,4,0,4,23,139,15,0,0,0,0,25
18,2,1,0,4,0,4,23,139,16,0,0,0,0,62
18,2,1,0,4,0,4,23,139,16,0,0,0,0,70
19,2,1,0,4,0,4,23,19,1,0,0,0,0,7
19,2,1,0,4,0,4,23,19,1,0,0,0,0,11
19,2,1,0,4,0,4,23,19,1,0,0,0,0,15
19,2,1,0,4,0,4,23,19,1,0,0,0,0,19
19,2,1,0,4,0,4,23,19,15,0,0,0,0,25
20,1,1,8,3,0,4,6,26,0,13,0,0,0,74
20,1,1,8,3,0,4,6,26,0,13,0,0,0,76
20,1,1,8,3,0,4,6,26,0,13,0,0,0,78
20,1,1,8,3,0,4,6,26,0,13,0,0,0,100
20,1,1,8,3,0,4,6,26,0,7,0,0,0,73
20,1,1,8,3,0,4,6,26,0,7,0,0,0,75
20,1,1,8,3,0,4,6,26,0,7,0,0,0,77
21,1,2,4,4,0,5,6,258,0,13,0,0,0,74
21,1,2,4,4,0,5,6,258,0,13,0,0,0,76
21,1,2,4,4,0,5,6,258,0,13,0,0,0,78
21,1,2,4,4,0,5,6,258,0,13,0,0,0,100
21,1,2,4,4,0,5,6,258,0,5,0,0,0,0
22,1,1,8,4,0,4,6,50,0,13,0,0,0,74
22,1,1,8,4,0,4,6,50,0,13,0,0,0,76
22,1,1,8,4,0,4,6,50,0,13,0,0,0,78
22,1,1,8,4,0,4,6,50,0,13,0,0,0,100
22,1,1,8,4,0,4,6,50,0,5,0,0,0,0
23,1,1,8,4,0,4,6,201,0,13,0,0,0,74
23,1,1,8,4,0,4,6,201,0,13,0,0,0,76
23,1,1,8,4,0,4,6,201,0,13,0,0,0,78
23,1,1,8,4,0,4,6,201,0,13,0,0,0,100
23,1,1,8,4,0,4,6,201,0,6,0,0,0,9
23,1,1,8,4,0,4,6,201,0,6,0,0,0,13
23,1,1,8,4,0,4,6,201,0,6,0,0,0,17
23,1,1,8,4,0,4,6,201,0,6,0,0,0,21
23,1,1,8,4,0,4,6,201,0,6,0,0,0,80
24,1,4,8,4,0,4,6,85,0,13,0,0,0,74
24,1,4,8,4,0,4,6,85,0,13,0,0,0,76
24,1,4,8,4,0,4,6,85,0,13,0,0,0,78
24,1,4,8,4,0,4,6,85,0,13,0,0,0,100
24,1,4,8,4,0,4,6,85,0,5,0,0,0,0
25,1,1,8,4,0,5,6,269,29,0,0,0,0,79
25,1,1,8,4,0,5,6,269,6,0,0,0,0,59
26,1,1,8,4,0,5,6,201,0,13,0,0,0,74
26,1,1,8,4,0,5,6,201,0,13,0,0,0,76
26,1,1,8,4,0,5,6,201,0,13,0,0,0,78
26,1,1,8,4,0,5,6,201,0,13,0,0,0,100
26,1,1,8,4,0,5,6,201,0,5,0,0,0,0
27,1,1,3,3,0,1,6,87,0,5,0,0,0,0
27,1,1,3,3,0,1,6,87,0,3,0,0,0,102
27,1,1,3,3,0,1,6,87,0,3,0,0,0,104
28,1,1,5,3,0,4,6,50,0,9,0,0,0,0
28,1,1,5,3,0,4,6,50,30,0,0,0,0,36
28,1,1,5,3,0,4,6,50,30,0,0,0,0,83
29,1,3,3,4,0,3,6,118,0,3,0,0,4,102
29,1,3,3,4,0,3,6,118,0,3,0,0,4,104
29,1,3,3,4,0,3,6,118,6,0,0,0,4,59
29,1,3,3,4,0,3,6,146,0,3,0,0,4,102
29,1,3,3,4,0,3,6,146,0,3,0,0,4,104
29,1,3,3,4,0,3,6,146,6,0,0,0,4,59
29,1,3,3,4,0,3,6,187,0,3,0,0,4,102
29,1,3,3,4,0,3,6,187,0,3,0,0,4,104
29,1,3,3,4,0,3,6,187,6,0,0,0,4,59
29,1,3,3,4,0,3,6,200,0,3,0,0,4,102
29,1,3,3,4,0,3,6,200,0,3,0,0,4,104
29,1,3,3,4,0,3,6,200,6,0,0,0,4,59
29,1,3,3,4,0,3,6,209,0,3,0,0,4,102
29,1,3,3,4,0,3,6,209,0,3,0,0,4,104
29,1,3,3,4,0,3,6,209,6,0,0,0,4,59
29,1,3,3,4,0,3,6,222,0,3,0,0,4,102
29,1,3,3,4,0,3,6,222,0,3,0,0,4,104
29,1,3,3,4,0,3,6,222,6,0,0,0,4,59
29,1,3,3,4,0,3,6,68,0,3,0,0,4,102
29,1,3,3,4,0,3,6,68,0,3,0,0,4,104
29,1,3,3,4,0,3,6,68,6,0,0,0,4,59
29,1,3,3,4,0,3,6,258,0,3,0,0,4,102
29,1,3,3,4,0,3,6,258,0,3,0,0,4,104
29,1,3,3,4,0,3,6,258,6,0,0,0,4,59
29,1,3,3,4,0,3,6,50,0,3,0,0,4,102
29,1,3,3,4,0,3,6,50,0,3,0,0,4,104
29,1,3,3,4,0,3,6,50,6,0,0,0,4,59
29,1,3,3,4,0,3,6,54,0,3,0,0,4,102
29,1,3,3,4,0,3,6,54,0,3,0,0,4,104
29,1,3,3,4,0,3,6,54,6,0,0,0,4,59
29,1,3,3,4,0,3,6,66,0,3,0,0,4,102
29,1,3,3,4,0,3,6,66,0,3,0,0,4,104
29,1,3,3,4,0,3,6,66,6,0,0,0,4,59
29,1,3,3,4,0,3,6,85,0,3,0,0,4,102
29,1,3,3,4,0,3,6,85,0,3,0,0,4,104
29,1,3,3,4,0,3,6,85,6,0,0,0,4,59
29,1,3,3,4,0,3,6,93,0,3,0,0,4,102
29,1,3,3,4,0,3,6,93,0,3,0,0,4,104
29,1,3,3,4,0,3,6,93,6,0,0,0,4,59
29,1,3,3,4,0,3,6,101,0,3,0,0,4,102
29,1,3,3,4,0,3,6,101,0,3,0,0,4,104
29,1,3,3,4,0,3,6,101,6,0,0,0,4,59
29,1,3,3,4,0,3,6,106,0,3,0,0,4,102
29,1,3,3,4,0,3,6,106,0,3,0,0,4,104
29,1,3,3,4,0,3,6,106,6,0,0,0,4,59
30,2,1,0,3,0,1,23,87,0,3,0,0,0,102
30,2,1,0,3,0,1,23,87,0,3,0,0,0,104
30,2,1,0,3,0,1,23,87,0,16,0,0,0,40
30,2,1,0,3,0,1,23,87,0,16,0,0,0,42
30,2,1,0,3,0,1,23,87,0,16,0,0,0,57
30,2,1,0,3,0,1,23,87,0,16,0,0,0,58
31,2,1,0,4,0,5,23,195,0,13,0,0,0,74
31,2,1,0,4,0,5,23,195,0,13,0,0,0,76
31,2,1,0,4,0,5,23,195,0,13,0,0,0,78
31,2,1,0,4,0,5,23,195,0,13,0,0,0,100
32,2,1,0,4,0,4,23,19,0,16,0,0,0,40
32,2,1,0,4,0,4,23,19,0,16,0,0,0,42
32,2,1,0,4,0,4,23,19,0,16,0,0,0,57
32,2,1,0,4,0,4,23,19,0,16,0,0,0,58
32,2,1,0,4,0,4,23,19,0,13,0,0,0,74
32,2,1,0,4,0,4,23,19,0,13,0,0,0,76
32,2,1,0,4,0,4,23,19,0,13,0,0,0,78
32,2,1,0,4,0,4,23,19,0,13,0,0,0,100
33,2,1,0,4,0,4,23,209,0,13,0,0,0,74
33,2,1,0,4,0,4,23,209,0,13,0,0,0,76
33,2,1,0,4,0,4,23,209,0,13,0,0,0,78
33,2,1,0,4,0,4,23,209,0,13,0,0,0,100
34,4,1,3,3,0,4,57,72,0,2,0,0,0,71
34,4,1,3,3,0,4,57,72,0,2,0,0,0,81
34,4,1,3,3,0,4,57,72,0,2,0,0,0,94
34,4,1,3,3,0,4,57,72,0,2,0,0,0,95
34,4,1,3,3,0,4,57,72,0,2,0,0,0,96
34,4,1,3,3,0,4,57,72,0,2,0,0,0,98
34,4,1,3,3,0,4,57,72,0,2,0,0,0,105
35,4,1,0,4,0,4,57,32,14,0,0,0,0,24
35,4,1,0,4,0,4,57,32,15,0,0,0,0,25
36,4,1,0,4,0,5,57,118,14,0,0,0,0,24
36,4,1,0,4,0,5,57,118,15,0,0,0,0,25
37,15,1,3,3,0,4,142,105,0,13,0,0,0,74
37,15,1,3,3,0,4,142,105,0,13,0,0,0,76
37,15,1,3,3,0,4,142,105,0,13,0,0,0,78
37,15,1,3,3,0,4,142,105,0,13,0,0,0,100
37,15,1,3,3,0,4,142,105,0,5,0,0,0,0
38,1,1,10,4,0,2,6,299,0,4,0,0,0,101
38,1,1,10,4,0,2,6,299,0,4,0,0,0,103
38,1,1,10,4,0,2,6,299,0,5,0,0,0,0
39,4,1,0,3,0,4,57,105,0,16,0,0,0,40
39,4,1,0,3,0,4,57,105,0,16,0,0,0,42
39,4,1,0,3,0,4,57,105,0,16,0,0,0,57
39,4,1,0,3,0,4,57,105,0,16,0,0,0,58
39,4,1,0,3,0,4,57,105,14,0,0,0,0,24
40,4,1,9,3,0,1,57,87,0,13,0,0,0,74
40,4,1,9,3,0,1,57,87,0,13,0,0,0,76
40,4,1,9,3,0,1,57,87,0,13,0,0,0,78
40,4,1,9,3,0,1,57,87,0,13,0,0,0,100
41,4,1,0,3,0,2,57,299,0,14,0,0,0,10
41,4,1,0,3,0,2,57,299,0,14,0,0,0,14
41,4,1,0,3,0,2,57,299,0,14,0,0,0,18
41,4,1,0,3,0,2,57,299,0,14,0,0,0,22
42,4,1,0,3,0,1,57,87,0,13,0,0,0,74
42,4,1,0,3,0,1,57,87,0,13,0,0,0,76
42,4,1,0,3,0,1,57,87,0,13,0,0,0,78
42,4,1,0,3,0,1,57,87,0,13,0,0,0,100
43,4,1,0,3,0,1,57,87,0,13,0,0,0,74
43,4,1,0,3,0,1,57,87,0,13,0,0,0,76
43,4,1,0,3,0,1,57,87,0,13,0,0,0,78
43,4,1,0,3,0,1,57,87,0,13,0,0,0,100
44,4,1,0,3,0,1,57,87,0,13,0,0,4,74
44,4,1,0,3,0,1,57,87,0,13,0,0,4,76
44,4,1,0,3,0,1,57,87,0,13,0,0,4,78
44,4,1,0,3,0,1,57,87,0,13,0,0,4,100
45,2,1,0,4,0,4,23,19,0,11,0,0,0,23
45,2,1,0,4,0,4,23,19,0,11,0,0,0,48
45,2,1,0,4,0,4,23,19,0,16,0,0,0,40
45,2,1,0,4,0,4,23,19,0,16,0,0,0,42
45,2,1,0,4,0,4,23,19,0,16,0,0,0,57
45,2,1,0,4,0,4,23,19,0,16,0,0,0,58
46,2,1,0,4,0,4,23,136,0,15,0,0,0,39
46,2,1,0,4,0,4,23,136,0,15,0,0,0,41
46,2,1,0,4,0,4,23,136,0,15,0,0,0,56
46,2,1,0,4,0,4,23,136,10,0,0,0,0,28
46,2,1,0,4,0,4,23,136,10,0,0,0,0,32
47,2,1,0,4,0,4,23,72,0,16,0,0,0,40
47,2,1,0,4,0,4,23,72,0,16,0,0,0,42
47,2,1,0,4,0,4,23,72,0,16,0,0,0,57
47,2,1,0,4,0,4,23,72,0,16,0,0,0,58
47,2,1,0,4,0,4,23,72,0,13,0,0,0,74
47,2,1,0,4,0,4,23,72,0,13,0,0,0,76
47,2,1,0,4,0,4,23,72,0,13,0,0,0,78
47,2,1,0,4,0,4,23,72,0,13,0,0,0,100
48,2,1,0,4,0,4,23,47,0,16,0,0,0,40
48,2,1,0,4,0,4,23,47,0,16,0,0,0,42
48,2,1,0,4,0,4,23,47,0,16,0,0,0,57
48,2,1,0,4,0,4,23,47,0,16,0,0,0,58
48,2,1,0,4,0,4,23,47,0,13,0,0,0,74
48,2,1,0,4,0,4,23,47,0,13,0,0,0,76
48,2,1,0,4,0,4,23,47,0,13,0,0,0,78
48,2,1,0,4,0,4,23,47,0,13,0,0,0,100
49,1,1,8,4,0,5,6,50,0,13,0,0,0,74
49,1,1,8,4,0,5,6,50,0,13,0,0,0,76
49,1,1,8,4,0,5,6,50,0,13,0,0,0,78
49,1,1,8,4,0,5,6,50,0,13,0,0,0,100
49,1,1,8,4,0,5,6,50,0,5,0,0,0,0
50,1,1,8,3,0,4,6,118,0,10,0,0,0,3
50,1,1,8,3,0,4,6,118,0,10,0,0,0,6
51,1,3,7,3,0,4,6,118,30,0,0,0,2,36
51,1,3,7,3,0,4,6,118,30,0,0,0,1,36
51,1,3,7,3,0,4,6,118,30,0,0,0,2,83
51,1,3,7,3,0,4,6,118,30,0,0,0,1,83
52,2,1,0,4,0,4,23,19,1,0,0,0,0,7
52,2,1,0,4,0,4,23,19,1,0,0,0,0,11
52,2,1,0,4,0,4,23,19,1,0,0,0,0,15
52,2,1,0,4,0,4,23,19,1,0,0,0,0,19
52,2,1,0,4,0,4,23,19,15,0,0,0,0,25
54,5,1,8,3,0,4,74,50,0,13,0,0,0,74
54,5,1,8,3,0,4,74,50,0,13,0,0,0,76
54,5,1,8,3,0,4,74,50,0,13,0,0,0,78
54,5,1,8,3,0,4,74,50,0,13,0,0,0,100
54,5,1,8,3,0,4,74,50,18,0,0,0,0,0
55,4,1,1,3,0,1,57,87,20,0,0,0,0,0
55,4,1,1,3,0,1,57,87,21,0,0,0,0,0
56,1,3,8,4,0,2,6,276,29,0,0,0,0,79
56,1,3,8,4,0,2,6,276,30,0,0,0,0,36
56,1,3,8,4,0,2,6,276,30,0,0,0,0,83
57,12,1,8,4,0,4,108,26,0,13,0,0,0,74
57,12,1,8,4,0,4,108,26,0,13,0,0,0,76
57,12,1,8,4,0,4,108,26,0,13,0,0,0,78
57,12,1,8,4,0,4,108,26,0,13,0,0,0,100
57,12,1,8,4,0,4,108,26,11,0,0,0,0,29
57,12,1,8,4,0,4,108,26,11,0,0,0,0,33
58,2,1,0,4,0,4,23,201,0,13,0,0,0,74
58,2,1,0,4,0,4,23,201,0,13,0,0,0,76
58,2,1,0,4,0,4,23,201,0,13,0,0,0,78
58,2,1,0,4,0,4,23,201,0,13,0,0,0,100
58,2,1,0,4,0,4,23,201,0,6,0,0,0,9
58,2,1,0,4,0,4,23,201,0,6,0,0,0,13
58,2,1,0,4,0,4,23,201,0,6,0,0,0,17
58,2,1,0,4,0,4,23,201,0,6,0,0,0,21
58,2,1,0,4,0,4,23,201,0,6,0,0,0,80
59,5,1,8,4,0,4,74,209,0,13,0,0,0,74
59,5,1,8,4,0,4,74,209,0,13,0,0,0,76
59,5,1,8,4,0,4,74,209,0,13,0,0,0,78
59,5,1,8,4,0,4,74,209,0,13,0,0,0,100
60,2,1,0,4,0,4,23,72,4,0,0,0,0,27
60,2,1,0,4,0,4,23,72,4,0,0,0,0,31
60,2,1,0,4,0,4,23,72,4,0,0,0,0,43
60,2,1,0,4,0,4,23,72,4,0,0,0,0,60
60,2,1,0,4,0,4,23,72,6,0,0,0,0,59
61,5,3,1,3,0,4,74,72,0,10,0,0,0,3
61,5,3,1,3,0,4,74,72,0,10,0,0,0,6
62,2,1,0,4,0,4,23,136,0,13,0,0,0,74
62,2,1,0,4,0,4,23,136,0,13,0,0,0,76
62,2,1,0,4,0,4,23,136,0,13,0,0,0,78
62,2,1,0,4,0,4,23,136,0,13,0,0,0,100
63,4,1,2,3,0,1,57,87,0,2,0,0,0,71
63,4,1,2,3,0,1,57,87,0,2,0,0,0,81
63,4,1,2,3,0,1,57,87,0,2,0,0,0,94
63,4,1,2,3,0,1,57,87,0,2,0,0,0,95
63,4,1,2,3,0,1,57,87,0,2,0,0,0,96
63,4,1,2,3,0,1,57,87,0,2,0,0,0,98
63,4,1,2,3,0,1,57,87,0,2,0,0,0,105
64,2,3,0,4,0,5,23,19,15,0,0,0,0,25
64,2,3,0,4,0,5,23,19,16,0,0,0,0,62
64,2,3,0,4,0,5,23,19,16,0,0,0,0,70
65,4,3,0,4,0,3,57,105,18,0,0,0,0,0
65,4,3,0,4,0,3,57,118,18,0,0,0,0,0
65,4,3,0,4,0,3,57,154,18,0,0,0,0,0
65,4,3,0,4,0,3,57,189,18,0,0,0,0,0
65,4,3,0,4,0,3,57,262,18,0,0,0,0,0
65,4,3,0,4,0,3,57,37,18,0,0,0,0,0
65,4,3,0,4,0,3,57,72,18,0,0,0,0,0
66,12,1,8,4,0,4,108,201,0,13,0,0,0,74
66,12,1,8,4,0,4,108,201,0,13,0,0,0,76
66,12,1,8,4,0,4,108,201,0,13,0,0,0,78
66,12,1,8,4,0,4,108,201,0,13,0,0,0,100
66,12,1,8,4,0,4,108,201,10,0,0,0,0,28
66,12,1,8,4,0,4,108,201,10,0,0,0,0,32
67,4,1,0,4,0,2,57,276,17,0,0,0,0,44
67,4,1,0,4,0,2,57,276,17,0,0,0,0,45
67,4,1,0,4,0,2,57,276,17,0,0,0,0,46
67,4,1,0,4,0,2,57,276,17,0,0,0,0,67
67,4,1,0,4,0,2,57,276,18,0,0,0,0,0
68,2,2,0,3,0,4,23,201,0,13,0,0,0,74
68,2,2,0,3,0,4,23,201,0,13,0,0,0,76
68,2,2,0,3,0,4,23,201,0,13,0,0,0,78
68,2,2,0,3,0,4,23,201,0,13,0,0,0,100
68,2,2,0,3,0,4,23,201,0,6,0,0,0,9
68,2,2,0,3,0,4,23,201,0,6,0,0,0,13
68,2,2,0,3,0,4,23,201,0,6,0,0,0,17
68,2,2,0,3,0,4,23,201,0,6,0,0,0,21
68,2,2,0,3,0,4,23,201,0,6,0,0,0,80
69,2,1,0,4,0,4,23,72,0,11,0,0,0,23
69,2,1,0,4,0,4,23,72,0,11,0,0,0,48
69,2,1,0,4,0,4,23,72,0,16,0,0,0,40
69,2,1,0,4,0,4,23,72,0,16,0,0,0,42
69,2,1,0,4,0,4,23,72,0,16,0,0,0,57
69,2,1,0,4,0,4,23,72,0,16,0,0,0,58
70,2,1,0,4,0,4,23,189,0,11,0,0,0,23
70,2,1,0,4,0,4,23,189,0,11,0,0,0,48
70,2,1,0,4,0,4,23,189,0,16,0,0,0,40
70,2,1,0,4,0,4,23,189,0,16,0,0,0,42
70,2,1,0,4,0,4,23,189,0,16,0,0,0,57
70,2,1,0,4,0,4,23,189,0,16,0,0,0,58
71,2,1,0,4,0,4,23,101,0,11,0,0,0,23
71,2,1,0,4,0,4,23,101,0,11,0,0,0,48
71,2,1,0,4,0,4,23,101,0,16,0,0,0,40
71,2,1,0,4,0,4,23,101,0,16,0,0,0,42
71,2,1,0,4,0,4,23,101,0,16,0,0,0,57
71,2,1,0,4,0,4,23,101,0,16,0,0,0,58
72,2,1,0,4,0,4,23,118,0,11,0,0,0,23
72,2,1,0,4,0,4,23,118,0,11,0,0,0,48
72,2,1,0,4,0,4,23,118,0,16,0,0,0,40
72,2,1,0,4,0,4,23,118,0,16,0,0,0,42
72,2,1,0,4,0,4,23,118,0,16,0,0,0,57
72,2,1,0,4,0,4,23,118,0,16,0,0,0,58
73,2,4,0,4,0,4,23,136,0,16,0,0,0,40
73,2,4,0,4,0,4,23,136,0,16,0,0,0,42
73,2,4,0,4,0,4,23,136,0,16,0,0,0,57
73,2,4,0,4,0,4,23,136,0,16,0,0,0,58
73,2,4,0,4,0,4,23,136,18,0,0,0,0,0
74,2,1,0,4,0,4,23,195,0,13,0,0,0,74
74,2,1,0,4,0,4,23,195,0,13,0,0,0,76
74,2,1,0,4,0,4,23,195,0,13,0,0,0,78
74,2,1,0,4,0,4,23,195,0,13,0,0,0,100
75,2,3,0,3,0,4,23,19,1,0,0,0,0,7
75,2,3,0,3,0,4,23,19,1,0,0,0,0,11
75,2,3,0,3,0,4,23,19,1,0,0,0,0,15
75,2,3,0,3,0,4,23,19,1,0,0,0,0,19
75,2,3,0,3,0,4,23,19,15,0,0,0,0,25
76,4,3,0,3,0,4,57,258,17,0,0,0,0,44
76,4,3,0,3,0,4,57,258,17,0,0,0,0,45
76,4,3,0,3,0,4,57,258,17,0,0,0,0,46
76,4,3,0,3,0,4,57,258,17,0,0,0,0,67
76,4,3,0,3,0,4,57,258,18,0,0,0,0,0
77,4,1,7,3,0,1,57,87,0,16,0,0,0,40
77,4,1,7,3,0,1,57,87,0,16,0,0,0,42
77,4,1,7,3,0,1,57,87,0,16,0,0,0,57
77,4,1,7,3,0,1,57,87,0,16,0,0,0,58
77,4,1,7,3,0,1,57,87,17,0,0,0,0,44
77,4,1,7,3,0,1,57,87,17,0,0,0,0,45
77,4,1,7,3,0,1,57,87,17,0,0,0,0,46
77,4,1,7,3,0,1,57,87,17,0,0,0,0,67
78,4,1,0,3,0,2,57,299,17,0,0,0,0,44
78,4,1,0,3,0,2,57,299,17,0,0,0,0,45
78,4,1,0,3,0,2,57,299,17,0,0,0,0,46
78,4,1,0,3,0,2,57,299,17,0,0,0,0,67
79,3,3,8,4,0,4,40,72,26,0,0,0,0,35
79,3,3,8,4,0,4,40,72,26,0,0,0,0,51
79,3,3,8,4,0,4,40,72,26,0,0,0,0,52
79,3,3,8,4,0,4,40,72,26,0,0,0,0,53
79,3,3,8,4,0,4,40,72,26,0,0,0,0,68
80,3,3,8,4,0,4,40,105,2,0,0,0,0,8
80,3,3,8,4,0,4,40,105,2,0,0,0,0,12
80,3,3,8,4,0,4,40,105,2,0,0,0,0,16
80,3,3,8,4,0,4,40,105,2,0,0,0,0,20
81,3,1,3,4,0,4,40,246,0,3,0,0,0,102
81,3,1,3,4,0,4,40,246,0,3,0,0,0,104
81,3,1,3,4,0,4,40,246,2,0,0,0,0,8
81,3,1,3,4,0,4,40,246,2,0,0,0,0,12
81,3,1,3,4,0,4,40,246,2,0,0,0,0,16
81,3,1,3,4,0,4,40,246,2,0,0,0,0,20
82,3,1,10,4,0,1,40,87,22,0,0,0,0,89
82,3,1,10,4,0,1,40,87,22,0,0,0,0,91
82,3,1,10,4,0,1,40,87,22,0,0,0,0,92
82,3,1,10,4,0,1,40,87,23,0,0,0,0,88
83,3,1,3,3,0,4,40,105,0,6,0,0,0,9
83,3,1,3,3,0,4,40,105,0,6,0,0,0,13
83,3,1,3,3,0,4,40,105,0,6,0,0,0,17
83,3,1,3,3,0,4,40,105,0,6,0,0,0,21
83,3,1,3,3,0,4,40,105,0,6,0,0,0,80
84,2,4,0,4,0,5,23,200,0,2,0,0,0,71
84,2,4,0,4,0,5,23,200,0,2,0,0,0,81
84,2,4,0,4,0,5,23,200,0,2,0,0,0,94
84,2,4,0,4,0,5,23,200,0,2,0,0,0,95
84,2,4,0,4,0,5,23,200,0,2,0,0,0,96
84,2,4,0,4,0,5,23,200,0,2,0,0,0,98
84,2,4,0,4,0,5,23,200,0,2,0,0,0,105
84,2,4,0,4,0,5,23,200,25,0,0,0,0,34
84,2,4,0,4,0,5,23,200,25,0,0,0,0,86
85,5,2,6,3,0,4,74,118,10,0,0,0,0,28
85,5,2,6,3,0,4,74,118,10,0,0,0,0,32
85,5,2,6,3,0,4,74,118,4,0,0,0,0,27
85,5,2,6,3,0,4,74,118,4,0,0,0,0,31
85,5,2,6,3,0,4,74,118,4,0,0,0,0,43
85,5,2,6,3,0,4,74,118,4,0,0,0,0,60
86,5,1,10,4,0,1,74,87,20,0,0,0,0,0
86,5,1,10,4,0,1,74,87,21,0,0,0,0,0
87,5,1,1,3,0,1,74,87,20,0,0,0,0,0
87,5,1,1,3,0,1,74,87,21,0,0,0,0,0
88,5,1,10,4,0,1,74,87,20,0,0,0,0,0
88,5,1,10,4,0,1,74,87,21,0,0,0,0,0
89,9,1,3,3,0,2,91,299,11,0,0,0,0,29
89,9,1,3,3,0,2,91,299,11,0,0,0,0,33
89,9,1,3,3,0,2,91,299,29,0,0,0,0,79
90,9,1,2,3,0,1,91,87,12,0,0,0,0,37
90,9,1,2,3,0,1,91,87,12,0,0,0,0,38
90,9,1,2,3,0,1,91,87,23,0,0,0,0,88
91,9,1,3,3,0,1,91,87,12,0,0,0,0,37
91,9,1,3,3,0,1,91,87,12,0,0,0,0,38
91,9,1,3,3,0,1,91,87,8,0,0,0,0,63
91,9,1,3,3,0,1,91,87,8,0,0,0,0,87
92,9,1,3,3,0,2,91,298,8,0,0,0,0,63
92,9,1,3,3,0,2,91,298,8,0,0,0,0,87
93,9,4,2,3,0,2,91,299,0,2,0,0,0,71
93,9,4,2,3,0,2,91,299,0,2,0,0,0,81
93,9,4,2,3,0,2,91,299,0,2,0,0,0,94
93,9,4,2,3,0,2,91,299,0,2,0,0,0,95
93,9,4,2,3,0,2,91,299,0,2,0,0,0,96
93,9,4,2,3,0,2,91,299,0,2,0,0,0,98
93,9,4,2,3,0,2,91,299,0,2,0,0,0,105
94,9,1,3,3,0,1,91,87,23,0,0,0,0,88
94,9,1,3,3,0,1,91,87,26,0,0,0,0,35
94,9,1,3,3,0,1,91,87,26,0,0,0,0,51
94,9,1,3,3,0,1,91,87,26,0,0,0,0,52
94,9,1,3,3,0,1,91,87,26,0,0,0,0,53
94,9,1,3,3,0,1,91,87,26,0,0,0,0,68
95,9,1,4,3,0,2,91,279,14,0,0,0,0,24
95,9,1,4,3,0,2,91,279,28,0,0,0,0,84
96,9,1,4,3,0,4,91,183,14,0,0,0,0,24
96,9,1,4,3,0,4,91,183,28,0,0,0,0,84
211,21,1,0,4,0,1,264,87,12,0,0,0,0,37
211,21,1,0,4,0,1,264,87,12,0,0,0,0,38
212,21,1,0,3,0,1,264,87,12,0,0,0,0,37
212,21,1,0,3,0,1,264,87,12,0,0,0,0,38
213,21,1,0,3,0,1,264,87,12,0,0,0,0,37
213,21,1,0,3,0,1,264,87,12,0,0,0,0,38
214,13,2,0,4,0,4,125,50,0,13,0,0,0,74
214,13,2,0,4,0,4,125,50,0,13,0,0,0,76
214,13,2,0,4,0,4,125,50,0,13,0,0,0,78
214,13,2,0,4,0,4,125,50,0,13,0,0,0,100
215,13,2,0,4,0,4,125,209,0,13,0,0,0,74
215,13,2,0,4,0,4,125,209,0,13,0,0,0,76
215,13,2,0,4,0,4,125,209,0,13,0,0,0,78
112,2,1,0,1,0,3,20,135,0,13,0,0,0,100
112,2,1,0,1,0,3,20,136,0,13,0,0,0,100
112,2,1,0,1,0,3,20,189,0,13,0,0,0,100
112,2,1,0,1,0,3,20,209,0,13,0,0,0,100
112,2,1,0,1,0,3,20,262,0,13,0,0,0,100
112,2,1,0,1,0,3,20,258,0,13,0,0,0,100
112,2,1,0,1,0,3,20,274,0,13,0,0,0,100
112,2,1,0,1,0,3,20,61,0,13,0,0,0,100
112,2,1,0,1,0,3,20,60,0,13,0,0,0,100
112,2,1,0,1,0,3,20,72,0,13,0,0,0,100
113,2,1,0,2,0,4,20,262,0,13,0,0,0,100
115,2,3,0,1,0,4,20,85,0,13,0,0,0,100
116,2,1,0,1,0,2,20,299,0,13,0,0,0,100
117,2,3,0,1,0,3,20,118,0,13,0,0,0,100
117,2,3,0,1,0,3,20,155,0,13,0,0,0,100
117,2,3,0,1,0,3,20,136,0,13,0,0,0,100
117,2,3,0,1,0,3,20,262,0,13,0,0,0,100
117,2,3,0,1,0,3,20,67,0,13,0,0,0,100
117,2,3,0,1,0,3,20,72,0,13,0,0,0,100
117,2,3,0,1,0,3,20,85,0,13,0,0,0,100
118,2,1,0,1,0,1,20,87,0,13,0,0,0,100
97,1,3,0,1,0,4,3,105,0,4,0,0,0,101
107,1,1,0,2,0,4,3,209,0,3,0,0,0,102
111,2,1,0,1,0,3,20,105,0,3,0,0,0,102
111,2,1,0,1,0,3,20,118,0,3,0,0,0,102
111,2,1,0,1,0,3,20,39,0,3,0,0,0,102
111,2,1,0,1,0,3,20,3,0,3,0,0,0,102
111,2,1,0,1,0,3,20,135,0,3,0,0,0,102
111,2,1,0,1,0,3,20,136,0,3,0,0,0,102
111,2,1,0,1,0,3,20,188,0,3,0,0,0,102
111,2,1,0,1,0,3,20,187,0,3,0,0,0,102
111,2,1,0,1,0,3,20,183,0,3,0,0,0,102
111,2,1,0,1,0,3,20,200,0,3,0,0,0,102
111,2,1,0,1,0,3,20,201,0,3,0,0,0,102
111,2,1,0,1,0,3,20,249,0,3,0,0,0,102
111,2,1,0,1,0,3,20,262,0,3,0,0,0,102
111,2,1,0,1,0,3,20,19,0,3,0,0,0,102
111,2,1,0,1,0,3,20,27,0,3,0,0,0,102
111,2,1,0,1,0,3,20,61,0,3,0,0,0,102
111,2,1,0,1,0,3,20,40,0,3,0,0,0,102
111,2,1,0,1,0,3,20,50,0,3,0,0,0,102
111,2,1,0,1,0,3,20,66,0,3,0,0,0,102
111,2,1,0,1,0,3,20,234,0,3,0,0,0,102
111,2,1,0,1,0,3,20,93,0,3,0,0,0,102
111,2,1,0,1,0,3,20,106,0,3,0,0,0,102
97,1,3,0,1,0,4,3,105,0,4,0,0,0,103
107,1,1,0,2,0,4,3,209,0,3,0,0,0,104
111,2,1,0,1,0,3,20,105,0,3,0,0,0,104
111,2,1,0,1,0,3,20,118,0,3,0,0,0,104
111,2,1,0,1,0,3,20,39,0,3,0,0,0,104
111,2,1,0,1,0,3,20,3,0,3,0,0,0,104
111,2,1,0,1,0,3,20,135,0,3,0,0,0,104
111,2,1,0,1,0,3,20,136,0,3,0,0,0,104
111,2,1,0,1,0,3,20,188,0,3,0,0,0,104
111,2,1,0,1,0,3,20,187,0,3,0,0,0,104
111,2,1,0,1,0,3,20,183,0,3,0,0,0,104
111,2,1,0,1,0,3,20,200,0,3,0,0,0,104
111,2,1,0,1,0,3,20,201,0,3,0,0,0,104
111,2,1,0,1,0,3,20,249,0,3,0,0,0,104
111,2,1,0,1,0,3,20,262,0,3,0,0,0,104
111,2,1,0,1,0,3,20,19,0,3,0,0,0,104
111,2,1,0,1,0,3,20,27,0,3,0,0,0,104
111,2,1,0,1,0,3,20,61,0,3,0,0,0,104
111,2,1,0,1,0,3,20,40,0,3,0,0,0,104
111,2,1,0,1,0,3,20,50,0,3,0,0,0,104
111,2,1,0,1,0,3,20,66,0,3,0,0,0,104
111,2,1,0,1,0,3,20,234,0,3,0,0,0,104
111,2,1,0,1,0,3,20,93,0,3,0,0,0,104
111,2,1,0,1,0,3,20,106,0,3,0,0,0,104
102,1,3,0,1,0,4,3,188,0,2,0,0,0,105
116,2,1,0,1,0,2,20,299,0,2,0,0,0,105
117,2,3,0,1,0,3,20,118,0,2,0,0,0,105
117,2,3,0,1,0,3,20,155,0,2,0,0,0,105
117,2,3,0,1,0,3,20,136,0,2,0,0,0,105
117,2,3,0,1,0,3,20,262,0,2,0,0,0,105
117,2,3,0,1,0,3,20,67,0,2,0,0,0,105
117,2,3,0,1,0,3,20,72,0,2,0,0,0,105
117,2,3,0,1,0,3,20,85,0,2,0,0,0,105
118,2,1,0,1,0,1,20,87,0,2,0,0,0,105
119,2,3,0,1,0,3,20,139,0,2,0,0,0,105
119,2,3,0,1,0,3,20,189,0,2,0,0,0,105
119,2,3,0,1,0,3,20,249,0,2,0,0,0,105
119,2,3,0,1,0,3,20,274,0,2,0,0,0,105
119,2,3,0,1,0,3,20,37,0,2,0,0,0,105
119,2,3,0,1,0,3,20,93,0,2,0,0,0,105
120,2,1,0,1,0,4,20,183,0,2,0,0,0,105
121,2,1,0,1,0,1,20,87,0,2,0,0,0,105
119,2,3,0,1,0,3,20,139,0,1,0,0,0,106
119,2,3,0,1,0,3,20,189,0,1,0,0,0,106
119,2,3,0,1,0,3,20,249,0,1,0,0,0,106
119,2,3,0,1,0,3,20,274,0,1,0,0,0,106
119,2,3,0,1,0,3,20,37,0,1,0,0,0,106
119,2,3,0,1,0,3,20,93,0,1,0,0,0,106
120,2,1,0,1,0,4,20,183,0,1,0,0,0,106
121,2,1,0,1,0,1,20,87,0,1,0,0,0,106
128,1,1,0,1,0,1,3,87,0,0,0,0,0,0
129,1,1,0,1,0,3,3,201,0,0,0,0,0,0
129,1,1,0,1,0,3,3,269,0,0,0,0,0,0
129,1,1,0,1,0,3,3,50,0,0,0,0,0,0
130,2,1,0,1,0,5,20,118,0,0,0,0,0,0
131,2,1,0,1,0,4,20,139,0,0,0,0,0,0
132,2,1,0,1,0,4,20,258,0,0,0,0,0,0
133,2,1,0,1,0,4,20,258,0,0,0,0,0,0
134,4,1,0,2,0,4,54,72,0,0,0,0,0,0
135,4,3,0,2,0,4,54,269,0,0,0,0,0,0
136,4,1,0,2,0,4,54,19,0,0,0,0,0,0
137,4,1,0,2,0,4,54,19,0,0,0,0,0,0
138,4,1,0,2,0,4,54,105,0,0,0,0,0,0
139,4,1,0,2,0,4,54,105,0,0,0,0,0,0
140,4,1,0,2,0,3,54,118,0,0,0,0,0,0
140,4,1,0,2,0,3,54,136,0,0,0,0,0,0
140,4,1,0,2,0,3,54,189,0,0,0,0,0,0
140,4,1,0,2,0,3,54,262,0,0,0,0,0,0
141,4,3,0,2,0,3,54,189,0,0,0,0,0,0
141,4,3,0,2,0,3,54,222,0,0,0,0,0,0
141,4,3,0,2,0,3,54,37,0,0,0,0,0,0
141,4,3,0,2,0,3,54,85,0,0,0,0,0,0
142,4,1,0,1,0,2,54,276,0,0,0,0,0,0
143,4,1,0,1,0,1,54,87,0,0,0,0,0,0
144,4,1,0,1,0,0,54,0,0,0,0,0,0,0
145,4,1,0,1,0,1,54,87,0,0,0,0,0,0
146,4,1,0,1,0,0,54,0,0,0,0,0,0,0
147,4,1,0,1,0,2,54,0,0,0,0,0,0,0
148,4,1,0,1,0,0,54,0,0,0,0,0,0,0
149,4,1,0,1,0,2,54,0,0,0,0,0,0,0
150,4,1,0,1,0,0,54,0,0,0,0,0,0,0
151,4,1,0,1,0,0,54,0,0,0,0,0,0,0
152,4,1,0,1,0,0,54,0,0,0,0,0,0,0
153,4,1,0,1,0,2,54,0,0,0,0,0,0,0
154,4,1,0,1,0,0,54,0,0,0,0,0,0,0
155,4,1,0,1,0,4,54,118,0,0,0,0,0,0
156,4,1,0,1,0,4,54,105,0,0,0,0,0,0
157,4,1,0,1,0,4,54,118,0,0,0,0,0,0
158,4,3,0,1,0,3,54,136,0,0,0,0,0,0
158,4,3,0,1,0,3,54,189,0,0,0,0,0,0
158,4,3,0,1,0,3,54,222,0,0,0,0,0,0
158,4,3,0,1,0,3,54,262,0,0,0,0,0,0
158,4,3,0,1,0,3,54,258,0,0,0,0,0,0
158,4,3,0,1,0,3,54,82,0,0,0,0,0,0
159,4,3,0,1,0,3,54,107,0,0,0,0,0,0
159,4,3,0,1,0,3,54,19,0,0,0,0,0,0
159,4,3,0,1,0,3,54,27,0,0,0,0,0,0
159,4,3,0,1,0,3,54,32,0,0,0,0,0,0
159,4,3,0,1,0,3,54,65,0,0,0,0,0,0
159,4,3,0,1,0,3,54,93,0,0,0,0,0,0
160,4,3,0,1,0,0,54,0,0,0,0,0,0,0
161,4,3,0,1,0,2,54,298,0,0,0,0,0,0
162,4,3,0,1,0,0,54,0,0,0,0,0,0,0
163,4,3,0,1,0,4,54,269,0,0,0,0,0,0
164,4,4,0,1,0,4,54,105,0,0,0,0,0,0
165,4,4,0,1,0,0,54,0,0,0,0,0,0,0
166,17,1,0,1,0,2,210,279,0,0,0,0,0,0
167,17,1,0,1,0,3,210,0,0,0,0,0,0,0
168,17,2,0,1,0,3,210,155,0,0,0,0,0,0
169,17,2,0,1,0,4,210,39,0,0,0,0,0,0
170,17,3,0,1,0,3,210,39,0,0,0,0,0,0
170,17,3,0,1,0,3,210,155,0,0,0,0,0,0
171,17,3,0,1,0,3,210,39,0,0,0,0,0,0
171,17,3,0,1,0,3,210,155,0,0,0,0,0,0
172,17,3,0,1,0,4,210,105,0,0,0,0,0,0
173,9,1,0,1,0,4,88,269,0,0,0,0,0,0
174,9,1,0,1,0,4,88,269,0,0,0,0,0,0
175,9,1,0,1,0,4,88,269,0,0,0,0,0,0
176,9,1,0,1,0,1,88,87,0,0,0,0,0,0
177,9,1,0,1,0,5,88,106,0,0,0,0,0,0
178,9,1,0,2,0,5,88,106,0,0,0,0,0,0
179,9,2,0,1,0,4,88,0,0,0,0,0,0,0
180,9,1,0,1,0,2,88,277,0,0,0,0,0,0
181,9,4,0,1,0,2,88,299,0,0,0,0,0,0
182,9,1,0,1,0,2,88,276,0,0,0,0,0,0
183,9,1,0,1,0,5,88,106,0,0,0,0,0,0
184,9,1,0,1,0,5,88,106,0,0,0,0,0,0
185,9,1,0,1,0,4,88,106,0,0,0,0,0,0
186,9,3,0,1,0,5,88,50,0,0,0,0,0,0
187,9,1,0,1,0,5,88,137,0,0,0,0,0,0
188,9,2,0,1,0,4,88,200,0,0,0,0,0,0
189,5,3,0,2,0,5,71,118,0,0,0,0,0,0
190,5,3,0,2,0,5,71,118,0,0,0,0,0,0
191,5,3,0,2,0,4,71,72,0,0,0,0,0,0
192,5,4,0,1,0,1,71,87,0,0,0,0,0,0
193,5,4,0,1,0,4,71,262,0,0,0,0,0,0
194,16,1,0,1,0,4,156,72,0,0,0,0,0,0
195,12,1,0,2,0,2,105,278,0,0,0,0,0,0
196,12,1,0,2,0,4,105,201,0,0,0,0,0,0
197,12,3,0,1,0,4,105,201,0,0,0,0,0,0
198,12,3,0,1,0,4,105,269,0,0,0,0,0,0
199,12,3,0,1,0,4,105,247,0,0,0,0,0,0
200,13,1,0,2,0,4,122,189,0,0,0,0,0,0
201,13,1,0,2,0,4,122,189,0,0,0,0,0,0
202,13,1,0,2,0,4,122,189,0,0,0,0,0,0
203,13,1,0,2,0,4,122,262,0,0,0,0,0,0
204,13,1,0,2,0,4,122,262,0,0,0,0,0,0
205,3,1,0,2,0,1,37,87,0,0,0,0,0,0
206,3,1,0,2,0,4,37,72,0,0,0,0,0,0
207,3,1,0,2,0,4,37,72,0,0,0,0,0,0
208,3,3,0,1,0,4,37,105,0,0,0,0,0,0
209,3,3,0,1,0,4,37,105,0,0,0,0,0,0
210,3,1,0,2,0,4,37,236,0,0,0,0,0,0
215,13,2,0,4,0,4,125,209,0,13,0,0,0,100
215,13,2,0,4,0,4,125,209,10,0,0,0,0,28
215,13,2,0,4,0,4,125,209,10,0,0,0,0,32
216,13,1,0,3,0,4,125,262,0,13,0,0,0,74
216,13,1,0,3,0,4,125,262,0,13,0,0,0,76
216,13,1,0,3,0,4,125,262,0,13,0,0,0,78
216,13,1,0,3,0,4,125,262,0,13,0,0,0,100
216,13,1,0,3,0,4,125,262,10,0,0,0,0,28
216,13,1,0,3,0,4,125,262,10,0,0,0,0,32
217,13,1,0,4,0,4,125,72,0,13,0,0,0,74
217,13,1,0,4,0,4,125,72,0,13,0,0,0,76
217,13,1,0,4,0,4,125,72,0,13,0,0,0,78
217,13,1,0,4,0,4,125,72,0,13,0,0,0,100
217,13,1,0,4,0,4,125,72,10,0,0,0,0,28
217,13,1,0,4,0,4,125,72,10,0,0,0,0,32
218,13,1,0,3,0,4,125,72,0,13,0,0,0,74
218,13,1,0,3,0,4,125,72,0,13,0,0,0,76
218,13,1,0,3,0,4,125,72,0,13,0,0,0,78
218,13,1,0,3,0,4,125,72,0,13,0,0,0,100
219,13,0,0,4,0,4,125,154,0,13,0,0,0,74
219,13,0,0,4,0,4,125,154,0,13,0,0,0,76
219,13,0,0,4,0,4,125,154,0,13,0,0,0,78
219,13,0,0,4,0,4,125,154,0,13,0,0,0,100
219,13,0,0,4,0,4,125,154,10,0,0,0,0,28
219,13,0,0,4,0,4,125,154,10,0,0,0,0,32
220,13,1,0,3,0,2,125,279,0,13,0,0,0,74
220,13,1,0,3,0,2,125,279,0,13,0,0,0,76
220,13,1,0,3,0,2,125,279,0,13,0,0,0,78
220,13,1,0,3,0,2,125,279,0,13,0,0,0,100
220,13,1,0,3,0,2,125,279,10,0,0,0,0,28
220,13,1,0,3,0,2,125,279,10,0,0,0,0,32
221,13,1,0,4,0,4,125,262,0,13,0,0,0,74
221,13,1,0,4,0,4,125,262,0,13,0,0,0,76
221,13,1,0,4,0,4,125,262,0,13,0,0,0,78
221,13,1,0,4,0,4,125,262,0,13,0,0,0,100
221,13,1,0,4,0,4,125,262,16,0,0,0,0,62
221,13,1,0,4,0,4,125,262,16,0,0,0,0,70
222,13,1,0,3,0,2,125,277,0,0,0,0,0,0
222,13,1,0,3,0,2,125,280,0,0,0,0,0,0
223,13,1,0,4,0,2,125,299,0,0,0,0,0,0
224,13,1,0,3,0,4,125,200,0,0,0,0,0,0
225,18,4,0,3,0,5,230,258,13,0,0,0,2,2
225,18,4,0,3,0,5,230,258,13,0,0,0,2,5
225,18,4,0,3,0,5,230,258,13,0,0,0,2,64
225,18,4,0,3,0,5,230,258,17,0,0,0,2,44
225,18,4,0,3,0,5,230,258,17,0,0,0,2,45
225,18,4,0,3,0,5,230,258,17,0,0,0,2,46
225,18,4,0,3,0,5,230,258,17,0,0,0,2,67
226,18,1,0,4,0,4,230,105,14,0,0,0,0,24
228,17,1,0,4,0,2,213,280,17,0,0,0,0,44
228,17,1,0,4,0,2,213,280,17,0,0,0,0,45
228,17,1,0,4,0,2,213,280,17,0,0,0,0,46
228,17,1,0,4,0,2,213,280,17,0,0,0,0,67
228,17,1,0,4,0,2,213,280,6,0,0,0,0,59
228,17,1,0,4,0,2,213,282,17,0,0,0,0,44
228,17,1,0,4,0,2,213,282,17,0,0,0,0,45
228,17,1,0,4,0,2,213,282,17,0,0,0,0,46
228,17,1,0,4,0,2,213,282,17,0,0,0,0,67
228,17,1,0,4,0,2,213,282,6,0,0,0,0,59
229,17,1,0,4,0,4,213,248,13,0,0,0,0,2
229,17,1,0,4,0,4,213,248,13,0,0,0,0,5
229,17,1,0,4,0,4,213,248,13,0,0,0,0,64
229,17,1,0,4,0,4,213,248,25,0,0,0,0,34
229,17,1,0,4,0,4,213,248,25,0,0,0,0,86
230,17,1,0,4,0,5,213,105,0,10,0,0,0,3
230,17,1,0,4,0,5,213,105,0,10,0,0,0,6
230,17,1,0,4,0,5,213,105,6,0,0,0,0,59
231,17,1,0,3,0,4,213,19,25,0,0,0,0,34
231,17,1,0,3,0,4,213,19,25,0,0,0,0,86
231,17,1,0,3,0,4,213,19,6,0,0,0,0,59
232,17,3,0,3,0,3,213,189,0,10,0,0,0,3
232,17,3,0,3,0,3,213,189,0,10,0,0,0,6
232,17,3,0,3,0,3,213,189,6,0,0,0,0,59
232,17,3,0,3,0,3,213,19,0,10,0,0,0,3
232,17,3,0,3,0,3,213,19,0,10,0,0,0,6
232,17,3,0,3,0,3,213,19,6,0,0,0,0,59
