pk_id_policy_info,version,date_from,date_to,id,"policy_title","pdf","pk","Gender","Youth","CapDev","Climate"
0,1,,,,,,,,,,
1,1,1900-01-01 00:00:00,2200-01-01 00:00:00,26,"Egypt's Takaful and Karama Cash Transfer Program (improved targeting criteria)",,"26_57","1 - Significant","0 - Not Targeted","1 - Significant","0 - Not Targeted"
2,1,1900-01-01 00:00:00,2200-01-01 00:00:00,41,"Local Technical Agroclimatic Committees as an implementing tool of the Regional Strategy for Disaster Risk Management in the Agriculture Sector and Food and Nutrition Security in Latin America and the Caribbean (2018–2030)",,"41_56","0 - Not Targeted","0 - Not Targeted","1 - Significant","1 - Significant"
3,1,1900-01-01 00:00:00,2200-01-01 00:00:00,42,"Mbale District (Uganda) counterfeit agricultural inputs (prohibition) ordinance, 2018. Passed to stem the influx of fake agricultural inputs which was discouraging farmer use and reducing trust in the market.",,"42_56","0 - Not Targeted","0 - Not Targeted","1 - Significant","2 - Principal"
4,1,1900-01-01 00:00:00,2200-01-01 00:00:00,47,"Implementation guidelines approved in Benin and Madagascar to operationalize laws adopted in 2017 governing access and benefit sharing of plant genetic resources. National partners in the two countries developed guidelines for the day-to-day operation of these laws, including details about processes, decision making, relationships between agencies with different, but related, responsibilities under the laws",,"47_56","0 - Not Targeted","0 - Not Targeted","2 - Principal","1 - Significant"
5,1,1900-01-01 00:00:00,2200-01-01 00:00:00,48,"Two community biocultural protocols aimed at promoting farmers as managers, providers and recipients of genetic materials and developing expertise for climate change adaptation approved by municipal governments in Benin",,"48_56","2 - Principal","0 - Not Targeted","2 - Principal","2 - Principal"
6,1,1900-01-01 00:00:00,2200-01-01 00:00:00,49,"Kenya Climate Smart Agriculture Implementation Framework (2018 - 2027)",,"49_56","1 - Significant","1 - Significant","N/A - Not applicable","2 - Principal"
7,1,1900-01-01 00:00:00,2200-01-01 00:00:00,52,"Quantify effects of dietary change on the future demand for major cereals - case study in Africa",,"52_63","0 - Not targeted","0 - Not targeted","0 - Not targeted","0 - Not targeted"
8,1,1900-01-01 00:00:00,2200-01-01 00:00:00,54,"National Council on Food Security (CONASAN) approves a community-based food security monitoring and early warning system developed using CCAFS science",,"54_56","1 - Significant","0 - Not Targeted","1 - Significant","2 - Principal"
9,1,1900-01-01 00:00:00,2200-01-01 00:00:00,64,"Guideline for mainstreaming climate change adaptation and mitigation in national and sub-national agricultural sector policies and plans in Uganda",,"64_56","2 - Principal","2 - Principal","2 - Principal","2 - Principal"
10,1,1900-01-01 00:00:00,2200-01-01 00:00:00,73,"Investment by two Nepalese states in the ""Chief Minister's Climate Smart Agriculture Village Model Program""",,"73_56","1 - Significant","1 - Significant","2 - Principal","2 - Principal"
11,1,1900-01-01 00:00:00,2200-01-01 00:00:00,74,"Supporting Directives and Circulars of the Ministry of Agriculture and Rural Development of Vietnam (MARD) and the Department Crop Production for implementation of Climate-Related Risk Maps and Adaptation Plans (CS-MAP) particularly the adjustment of planting dates",,"74_56","0 - Not Targeted","0 - Not Targeted","1 - Significant","2 - Principal"
12,1,1900-01-01 00:00:00,2200-01-01 00:00:00,75,"World Bank agricultural investments for improved climate change resilience in the ag sector and reduced contributions to GHG emissions rise from 28% (2016) to 45% (2018) of committed budgets of new agriculture projects ",,"75_56","1 - Significant","1 - Significant","1 - Significant","2 - Principal"
13,1,1900-01-01 00:00:00,2200-01-01 00:00:00,76,"Integration of Climate Smart Agriculture(CSA) competencies by the Philippine Department of Education in the curricula of 75 schools nationwide that now serve as CSA information hubs among the 278 technical and volcational (TechVoc) secondary schools.",,"76_56","1 - Significant","2 - Principal","1 - Significant","2 - Principal"
14,1,1900-01-01 00:00:00,2200-01-01 00:00:00,77,"Extension policy of Olam Uganda -- Olam Uganda, a private company working with coffee farmers, has incorporated 'Stepwise', an an approach to climate change, into its farmer training",,"77_56","1 - Significant","1 - Significant","1 - Significant","1 - Significant"
15,1,1900-01-01 00:00:00,2200-01-01 00:00:00,88,"Comprehensive Development Plan(2016–2022) of the Municipality of Ivisan, Capiz Province, Philippines includes CSA program with uptake of CSA practices as success indicator of climate resilience. ",,"88_56","0 - Not Targeted","0 - Not Targeted","1 - Significant","1 - Significant"
16,1,1900-01-01 00:00:00,2200-01-01 00:00:00,89,"CCAFS' Climate Resilence and Vulnerability Assessment(CRVA) maps were used as referenced in developing the the National Color-Coded Agricultural Guide (NCCAG) in the Philippines.",,"89_56","1 - Significant","1 - Significant","1 - Significant","2 - Principal"
17,1,1900-01-01 00:00:00,2200-01-01 00:00:00,91,"Agriculture and Fisheries Modernization Plan 2018–2022  integrates CCAFS' Climate Risk Vulnerability Assessment(CRVA) as one of its planning tools",,"91_56","0 - Not Targeted","0 - Not Targeted","0 - Not Targeted","2 - Principal"
18,1,1900-01-01 00:00:00,2200-01-01 00:00:00,92,"Mali's cash transfer program (Filets Sociaux Jigisemejiri) (improved design)",,"92_57","1 - Significant","0 - Not Targeted","1 - Significant","0 - Not Targeted"
19,1,1900-01-01 00:00:00,2200-01-01 00:00:00,93,"Bangladesh's Vulnerable Group Development program (improved targeting criteria)",,"93_57","2 - Principal","0 - Not Targeted","0 - Not Targeted","0 - Not Targeted"
20,1,1900-01-01 00:00:00,2200-01-01 00:00:00,94,"Vision 2045 for Agriculture Sector in Bhutan - strategic planning to achieve food self sufficiency, livelihood security, and environmental conservation,   ",,"94_56","1 - Significant","1 - Significant","2 - Principal","1 - Significant"
21,1,1900-01-01 00:00:00,2200-01-01 00:00:00,95,"Mbale District (Uganda) coffee (management) bill, 2018",,"95_56","0 - Not Targeted","0 - Not Targeted","1 - Significant","1 - Significant"
22,1,1900-01-01 00:00:00,2200-01-01 00:00:00,96,"Inputs on Land Productivity for the Long-Term Green Growth Policy of Colombia",,"96_56","0 - Not Targeted","0 - Not Targeted","0 - Not Targeted","1 - Significant"
23,1,1900-01-01 00:00:00,2200-01-01 00:00:00,100,"CCAFS and PIM science referenced in formulating the national and sectoral Philippine Medium Term Development Plan 2017–2022",,"100_56","0 - Not Targeted","0 - Not Targeted","1 - Significant","2 - Principal"
24,1,1900-01-01 00:00:00,2200-01-01 00:00:00,102,"National extension training materials/ curriculum developed for cocoa in Ghana. These materials form the obligatory base for all public and private extension materials for cocoa in the country.",,"102_56","0 - Not Targeted","1 - Significant","2 - Principal","1 - Significant"
25,1,1900-01-01 00:00:00,2200-01-01 00:00:00,104,"Implementing the resolution of 9th Congress of the Farmers Association of Ha Tinh province, Vietnam that integrates climate-smart agriculture as part of the 2018–2023 provincial strategy",,"104_56","1 - Significant","N/A - Not applicable","1 - Significant","2 - Principal"
26,1,1900-01-01 00:00:00,2200-01-01 00:00:00,105,"Local government of Guinayangan, Quezon Province, Philippines emphasized Climate Smart Agriculture in its 2017–2022 Comprehensive Development Plan & Municipal Agriculture Office Banner Programs, following the participatory development of Guinayangan Climate Smart Village.",,"105_56","1 - Significant","0 - Not Targeted","1 - Significant","1 - Significant"
27,1,1900-01-01 00:00:00,2200-01-01 00:00:00,111,"Rainforest Alliance Sustainable Agriculture Standard used as a basis for the development of Rainforest Alliance crop-specific certifications",,"111_56","0 - Not Targeted","0 - Not Targeted","1 - Significant","1 - Significant"
28,1,1900-01-01 00:00:00,2200-01-01 00:00:00,112,"Sustainable livestock policy of Colombia's national livestock producer organization (FEDEGAN) included information on improved pasture nutrition and methane emissions, which is informing livestock options in the development of the Government of Colombia's Nationally Appropriate Mitigation Action policy ",,"112_56","0 - Not Targeted","0 - Not Targeted","0 - Not Targeted","2 - Principal"
29,1,1900-01-01 00:00:00,2200-01-01 00:00:00,116,"Impact investor Root Capital introduced CCAFS data on climate change risk into its process for underwriting and prioritizing > $146M of loans to producer organizations in cocoa, coffee etc and promoted uptake by numerous peer agencies in the Council on Smallholder Agricultural Finance (CSAF) community.",,"116_56","1 - Significant","1 - Significant","1 - Significant","1 - Significant"
30,1,1900-01-01 00:00:00,2200-01-01 00:00:00,119,"USAID Global Food Security Strategy transition framework, guiding USAID's investment in food security",,"119_57","0 - Not Targeted","0 - Not Targeted","2 - Principal","0 - Not Targeted"
31,1,1900-01-01 00:00:00,2200-01-01 00:00:00,121,"Punjab Agricultural Policy (Pakistan)",,"121_57","1 - Significant","1 - Significant","2 - Principal","1 - Significant"
32,1,1900-01-01 00:00:00,2200-01-01 00:00:00,122,"US Global Food Security Strategy Bangladesh Country Plan",,"122_57","1 - Significant","1 - Significant","0 - Not Targeted","1 - Significant"
33,1,1900-01-01 00:00:00,2200-01-01 00:00:00,123,"Government of Rwanda's Strategic Plan for Agriculture Transformation 2018-2024",,"123_57","1 - Significant","1 - Significant","2 - Principal","1 - Significant"
34,1,1900-01-01 00:00:00,2200-01-01 00:00:00,130,"Contributions to food systems research agenda for Ethiopia with government and civil society, which in 2018 included ongoing development of food based dietary guidelines and embedding activities in efforts to operationalize the National Nutrition-Sensitive Agriculture Strategy",,"130_59","1 - Significant","1 - Significant","1 - Significant","1 - Significant"
35,1,1900-01-01 00:00:00,2200-01-01 00:00:00,135,"Inter-ministerial Ordinance 284/2018 lists and recognizes the nutritional and economic importance of 100 species of native Brazilian socio-biodiversity. Together with a new “Sociobiodiversity label”, the two instruments incentivize farmers to continue growing/managing and selling local species both via institutional procurement and alternative market channels ",,"135_59","0 - Not Targeted","0 - Not Targeted","1 - Significant","0 - Not Targeted"
36,1,1900-01-01 00:00:00,2200-01-01 00:00:00,136,"Busia County Biodiversity Policy - the first for Kenya's 47 counties - recognizes the importance of native species for nutrition and food security and allocates resources for the conservation of regional food biodiversity, and the incorporation of native species into school meals linked to direct procurement from smallholder farmers. ",,"136_59","0 - Not Targeted","0 - Not Targeted","1 - Significant","0 - Not Targeted"
37,1,1900-01-01 00:00:00,2200-01-01 00:00:00,138,"Agricultural Policies and Investment Priorities for Managing Natural Resources, Climate Change and Air Pollution",,"138_62","1 - Significant","1 - Significant","1 - Significant","2 - Principal"
38,1,1900-01-01 00:00:00,2200-01-01 00:00:00,139,"Climate Research for Development (CR4D) Africa 2018–2022 Strategic Plan: CR4D is an African-led initiative that aims to strengthen links between climate science research and climate information needs in support development planning across Africa.",,"139_56","0 - Not Targeted","0 - Not Targeted","1 - Significant","2 - Principal"
39,1,1900-01-01 00:00:00,2200-01-01 00:00:00,140,"The Indian Council of Agricultural Research (ICAR) prioritized nutrition in breeding by establishing minimum levels of iron and zinc to breed in pearl millet",,"140_59","0 - Not Targeted","0 - Not Targeted","0 - Not Targeted","0 - Not Targeted"
40,1,1900-01-01 00:00:00,2200-01-01 00:00:00,143,"World Health Organization Nutrition Policy Review 2016-2017  refers to biofortification and indicates that 20 countries have included biofortification as an action area in their national policies",,"143_59","N/A - Not applicable","N/A - Not applicable","N/A - Not applicable","N/A - Not applicable"
41,1,1900-01-01 00:00:00,2200-01-01 00:00:00,144,"The African Union Specialized Technical Committee on Agriculture endorsed biofortification in 2017, noting its “great potential to contribute significantly” to reducing stunting and other forms of undernutrition. The African Union’s Executive Council endorsed this recommendation in January 2018.",,"144_59","N/A - Not applicable","N/A - Not applicable","N/A - Not applicable","N/A - Not applicable"
42,1,1900-01-01 00:00:00,2200-01-01 00:00:00,147,"Citi Global Perspectives & Solutions (one of the world's largest financial institutions) mentions biofortification as an important nutrition innovation that is particularly relevant to the billions of people in the world whose diets primarily consist of nutrient-deficient staple foods. ",,"147_59","N/A - Not applicable","N/A - Not applicable","N/A - Not applicable","N/A - Not applicable"
43,1,1900-01-01 00:00:00,2200-01-01 00:00:00,148,"Progress made on defining 'biofortification' in Codex Alimentarius",,"148_59","N/A - Not applicable","N/A - Not applicable","N/A - Not applicable","N/A - Not applicable"
44,1,1900-01-01 00:00:00,2200-01-01 00:00:00,149,"Global Child Nutrition Forum, a learning exchange and technical assistance conference held annually to support countries in the development and implementation of sustainable school feeding programs, refers to biofortification (mentioned for the first time) among nutrition-sensitive school feeding programs to address micronutrient deficiency.",,"149_59","N/A - Not applicable","N/A - Not applicable","N/A - Not applicable","N/A - Not applicable"
45,1,1900-01-01 00:00:00,2200-01-01 00:00:00,152,"US Global Food Security Strategy Bangladesh Country Plan (informed by Women's Empowerment in Agriculture Index)",,"152_57","1 - Significant","1 - Significant","0 - Not Targeted","1 - Significant"
46,1,1900-01-01 00:00:00,2200-01-01 00:00:00,153,"Government of Flanders’ strategy on agricultural extension in Malawi",,"153_57","1 - Significant","0 - Not Targeted","2 - Principal","1 - Significant"
47,1,1900-01-01 00:00:00,2200-01-01 00:00:00,154,"US Global Food Security Strategy Ethiopia Country Plan",,"154_57","1 - Significant","1 - Significant","1 - Significant","1 - Significant"
48,1,1900-01-01 00:00:00,2200-01-01 00:00:00,157,"China’s Rural Revitalization Strategy",,"157_57","0 - Not Targeted","0 - Not Targeted","1 - Significant","0 - Not Targeted"
49,1,1900-01-01 00:00:00,2200-01-01 00:00:00,158,"The Cauca Department Secretariat of Women, Colombia,  has updated its Rural Women Policy to include climate change and variability and the role of women in addressing climate and environmental challenges.",,"158_56","2 - Principal","1 - Significant","1 - Significant","1 - Significant"
50,1,1900-01-01 00:00:00,2200-01-01 00:00:00,160,"Gender and Social Inclusion Incorporated into the Kenya Dairy Board Strategic Plan",,"160_56","1 - Significant","1 - Significant","1 - Significant","0 - Not Targeted"
51,1,1900-01-01 00:00:00,2200-01-01 00:00:00,161,"Kenya Climate-Smart Agriculture Project (KCSAP) Monitoring and Evaluation Manual Incorporates CGIAR Methods for GHG Emissions",,"161_56","N/A - Not applicable","N/A - Not applicable","1 - Significant","1 - Significant"
52,1,1900-01-01 00:00:00,2200-01-01 00:00:00,166,"Bangladesh’s Improved Maternity and Lactating Mother Allowance (improved targeting criteria)",,"166_57","1 - Significant","0 - Not Targeted","0 - Not Targeted","0 - Not Targeted"
53,1,1900-01-01 00:00:00,2200-01-01 00:00:00,168,"Gender and Diversity Policy",,"168_63","2 - Principal","1 - Significant","1 - Significant","0 - Not targeted"
54,1,1900-01-01 00:00:00,2200-01-01 00:00:00,170,"Sustainable livestock policy of Colombia's national livestock producer organization (FEDEGAN) included information on improved pasture nutrition and methane emissions, which is informing livestock options in the development of the Government of Colombia's Nationally Appropriate Mitigation Action policy",,"170_60","1 - Significant","1 - Significant","1 - Significant","1 - Significant"
55,1,1900-01-01 00:00:00,2200-01-01 00:00:00,171,"CGIAR Antimicrobial Research (AMR) strategy developed",,"171_59","1 - Significant","0 - Not Targeted","2 - Principal","0 - Not Targeted"
56,1,1900-01-01 00:00:00,2200-01-01 00:00:00,182,"Investment in Climate Smart Livestock in East Africa by German government",,"182_56","1 - Significant","0 - Not Targeted","2 - Principal","2 - Principal"
57,1,1900-01-01 00:00:00,2200-01-01 00:00:00,183,"Expansion of the 'seeds without borders' agreement to Bhutan. Bhutan can now import improved variety seeds without much hassle from six countries in the region. Bangladesh, Cambodia, India, Myanmar, Nepal, and Sri Lanka are the other members of the network agreement",,"183_189","0 - Not Targeted","0 - Not Targeted","1 - Significant","1 - Significant"
58,1,1900-01-01 00:00:00,2200-01-01 00:00:00,190,"Philippines Development Plan 2017-2022",,"190_57","0 - Not Targeted","0 - Not Targeted","0 - Not Targeted","2 - Principal"
59,1,1900-01-01 00:00:00,2200-01-01 00:00:00,195,"Rwanda Livestock Master Plan",,"195_60","0 - Not Targeted","0 - Not Targeted","0 - Not Targeted","0 - Not Targeted"
60,1,1900-01-01 00:00:00,2200-01-01 00:00:00,197,"Agricultural Transformation Agency's Direct Seed Marketing Program (Ethiopia)",,"197_57","0 - Not Targeted","0 - Not Targeted","0 - Not Targeted","0 - Not Targeted"
61,1,1900-01-01 00:00:00,2200-01-01 00:00:00,198,"Commitment by Ethiopian Institute of Agricultural Research to invest in gender training",,"198_60","2 - Principal","0 - Not Targeted","2 - Principal","0 - Not Targeted"
62,1,1900-01-01 00:00:00,2200-01-01 00:00:00,199,"National Agriculture Investment Plan for Malawi",,"199_57","1 - Significant","1 - Significant","1 - Significant","1 - Significant"
63,1,1900-01-01 00:00:00,2200-01-01 00:00:00,207,"The National Implementation Platforms for Nutrition (NIPN) changed their data analysis approach incorporating recommendations based on accumulated A4NH experience from impact evaluations and data analyses. NIPN is designed to strengthen country capacity to analyse data to understand better how malnutrition can be prevented and to inform national policies and programmes.  ",,"207_59","0 - Not Targeted","0 - Not Targeted","2 - Principal","0 - Not Targeted"
64,1,1900-01-01 00:00:00,2200-01-01 00:00:00,209,"USAID Nobo Jatra (New Beginning) project in Southern Bangladesh (inclusion of nutrition training component)",,"209_57","2 - Principal","0 - Not Targeted","2 - Principal","0 - Not Targeted"
65,1,1900-01-01 00:00:00,2200-01-01 00:00:00,210,"Bill and Melinda Gates Foundation and UK Department for International Development make major joint investment in food safety research for development ",,"210_59","0 - Not Targeted","0 - Not Targeted","0 - Not Targeted","0 - Not Targeted"
66,1,1900-01-01 00:00:00,2200-01-01 00:00:00,211,"Contribution to the Rice Industry Roadmap Plan 2030 in the Philippines",,"211_189","0 - Not Targeted","0 - Not Targeted","0 - Not Targeted","0 - Not Targeted"
67,1,1900-01-01 00:00:00,2200-01-01 00:00:00,212,"East African Community (EAC) Policy Briefs on Aflatoxin Prevention and Control launched and endorsed",,"212_59","0 - Not Targeted","0 - Not Targeted","0 - Not Targeted","0 - Not Targeted"
68,1,1900-01-01 00:00:00,2200-01-01 00:00:00,213,"Rice Tariffication Law (Philippines)",,"213_57","0 - Not Targeted","0 - Not Targeted","0 - Not Targeted","1 - Significant"
69,1,1900-01-01 00:00:00,2200-01-01 00:00:00,214,"US Global Food Security Strategy Ethiopia Country Plan (informed by Women's Empowerment in Agriculture Index)",,"214_57","1 - Significant","1 - Significant","1 - Significant","1 - Significant"
70,1,1900-01-01 00:00:00,2200-01-01 00:00:00,215,"US Global Food Security Strategy Nigeria Country Plan (informed by Women's Empowerment in Agriculture Index)",,"215_57","1 - Significant","1 - Significant","1 - Significant","1 - Significant"
71,1,1900-01-01 00:00:00,2200-01-01 00:00:00,216,"US Global Food Security Strategy Honduras Country Plan (informed by Women's Empowerment in Agriculture Index)",,"216_57","1 - Significant","0 - Not Targeted","0 - Not Targeted","1 - Significant"
72,1,1900-01-01 00:00:00,2200-01-01 00:00:00,217,"US Global Food Security Strategy Kenya Country Plan (informed by Women's Empowerment in Agriculture Index)",,"217_57","1 - Significant","1 - Significant","1 - Significant","1 - Significant"
73,1,1900-01-01 00:00:00,2200-01-01 00:00:00,218,"Curriculum for biosafety inspectors in Malawi",,"218_57","0 - Not Targeted","0 - Not Targeted","2 - Principal","0 - Not Targeted"
74,1,1900-01-01 00:00:00,2200-01-01 00:00:00,219,"Pakistan National Food Security Policy",,"219_57","0 - Not Targeted","0 - Not Targeted","1 - Significant","1 - Significant"
75,1,1900-01-01 00:00:00,2200-01-01 00:00:00,220,"World Bank's Income Support Program for the Poorest Project (improved targeting criteria)",,"220_57","2 - Principal","0 - Not Targeted","0 - Not Targeted","0 - Not Targeted"
76,1,1900-01-01 00:00:00,2200-01-01 00:00:00,221,"Federal Ministry of Economic Cooperation and Development (BMZ) makes a major commitment to invest in food safety research for development in Uganda",,"221_59","0 - Not Targeted","0 - Not Targeted","1 - Significant","0 - Not Targeted"
77,1,1900-01-01 00:00:00,2200-01-01 00:00:00,223,"The World Bank's Safe Food Imperative: Accelerating Progress in Low- and Middle-Income Countries report provides countries with a guide to avoiding the burden of unsafe food—including the right type of investments, policies, and other interventions.",,"223_59","0 - Not Targeted","0 - Not Targeted","1 - Significant","0 - Not Targeted"
78,1,1900-01-01 00:00:00,2200-01-01 00:00:00,227,"The Global Food Safety Partnership (GFSP) is a  public-private initiative hosted by the World Bank; its 2018 Food Safety in Africa report, to which CGIAR contributed, recommended investment into public health-focused programs aimed at informing and empowering African consumers about food safety to drive market incentives for higher standards.",,"227_59","0 - Not Targeted","0 - Not Targeted","0 - Not Targeted","0 - Not Targeted"
79,1,1900-01-01 00:00:00,2200-01-01 00:00:00,229,"Based on the demonstrated proof of concept of water spreading to manage extreme flooding across pastures in Afar state, eastern Ethiopia, supported by WLE, the approach is being integrated into a major World Bank/ International Fund for Agricultural Development project ",,"229_58","0 - Not Targeted","0 - Not Targeted","0 - Not Targeted","2 - Principal"
80,1,1900-01-01 00:00:00,2200-01-01 00:00:00,230,"Indian and Gujarat state governments rolling out national solar irrigation investment program based on results of WLE and CCAFS-supported pilot study. Farmers will be able to sell surplus power to electric utility ",,"230_58","0 - Not Targeted","0 - Not Targeted","0 - Not Targeted","2 - Principal"
81,1,1900-01-01 00:00:00,2200-01-01 00:00:00,231,"Based on a WLE-supported evaluation of the effectiveness of an irrigation management training program in Tajikistan, the United States Agency for International Development re-designed the program to target women, who are increasingly taking responsibility for management of the irrigation systems ",,"231_58","2 - Principal","0 - Not Targeted","2 - Principal","0 - Not Targeted"
82,1,1900-01-01 00:00:00,2200-01-01 00:00:00,232,"A WLE-supported methodology for monitoring environmental water flows for Sustainable Development Goal 6.4.2 has been adopted and disseminated by the United Nations for use in country reporting against the SDG Goal",,"232_58","0 - Not Targeted","0 - Not Targeted","1 - Significant","2 - Principal"
83,1,1900-01-01 00:00:00,2200-01-01 00:00:00,233,"Supported by WLE and CCAFS, the South Asia Drought Monitoring System is being used by the Indian government to make cropping recommendations to farmers, target drought relief efforts and develop district contingency plans",,"233_58","0 - Not Targeted","0 - Not Targeted","2 - Principal","2 - Principal"
84,1,1900-01-01 00:00:00,2200-01-01 00:00:00,236,"Forestry Curriculum, National Agrarian University La Molina, Peru",,"236_57","0 - Not Targeted","0 - Not Targeted","2 - Principal","0 - Not Targeted"
85,1,1900-01-01 00:00:00,2200-01-01 00:00:00,237,"Progress towards development of policies that enhance private sector investment in animal health service delivery in Kenya ",,"237_60","0 - Not Targeted","0 - Not Targeted","0 - Not Targeted","0 - Not Targeted"
86,1,1900-01-01 00:00:00,2200-01-01 00:00:00,238,"World Organisation for Animal Health (OIE) policy analysis to develop typology of public private partnership models for veterinary service delivery, as input to development of practical guidelines",,"238_60","1 - Significant","0 - Not Targeted","0 - Not Targeted","0 - Not Targeted"
87,1,1900-01-01 00:00:00,2200-01-01 00:00:00,239,"CGIAR Antimicrobial Research (AMR) strategy developed",,"239_60","1 - Significant","0 - Not Targeted","0 - Not Targeted","0 - Not Targeted"
88,1,1900-01-01 00:00:00,2200-01-01 00:00:00,240,"World Organisation for Animal Health (OIE) guidelines on prioritization of animal diseases for which the use of vaccines could reduce antimicrobial use",,"240_60","0 - Not Targeted","0 - Not Targeted","0 - Not Targeted","0 - Not Targeted"
89,1,1900-01-01 00:00:00,2200-01-01 00:00:00,244,"Strategy informing African Orphan Crops Consortium/ Nepad on course of action for improving human nutrition in Africa.  Supporting human nutrition in Africa through the integration of new and orphan crops into food systems",,"244_61","1 - Significant","1 - Significant","1 - Significant","1 - Significant"
90,1,1900-01-01 00:00:00,2200-01-01 00:00:00,245,"Strategy on how access and benefit sharing stimulate interdisciplinary research for tropical biology and conservation. ""Bridging molecular genetics and participatory research""",,"245_61","1 - Significant","1 - Significant","1 - Significant","1 - Significant"
91,1,1900-01-01 00:00:00,2200-01-01 00:00:00,246,"Strategy informing FAO Global Plan of Action for the conservation, sustainable use and development of forest genetic resources within the framework of the Commission on Plant Genetic Resources for Food and Agriculture. title: ""Indicators of Genetic Diversity of Trees -State, Pressure, Benefit and Response. State of the World’s forest GeneticResources""",,"246_61","1 - Significant","1 - Significant","1 - Significant","1 - Significant"
92,1,1900-01-01 00:00:00,2200-01-01 00:00:00,247,"Strategy informing national tree seed systems with respect to Forest Landscape Restoration. Strategy Title: ""Fit for purpose seed supply systems for the implementation of landscape restoration under Initiative 20x20""",,"247_61","1 - Significant","1 - Significant","1 - Significant","1 - Significant"
93,1,1900-01-01 00:00:00,2200-01-01 00:00:00,248,"The African Plant Breeding Academy (AfPBA). Curriculum to train practicing African plant breeders in the most advanced theory and technologies for plant breeding in support of critical decisions for crop improvement.",,"248_61","1 - Significant","1 - Significant","2 - Principal","1 - Significant"
94,1,1900-01-01 00:00:00,2200-01-01 00:00:00,250,"Strategy on the role of coffee and cocoa in deforestation and tree cover change",,"250_61","N/A - Not applicable","N/A - Not applicable","1 - Significant","1 - Significant"
95,1,1900-01-01 00:00:00,2200-01-01 00:00:00,251,"Draft Agroforestry Policy and Manual for for the Association of Southeast Asian Nations ( ASEAN).  At approval Level with ASEAN Ministerial Council",,"251_61","1 - Significant","1 - Significant","1 - Significant","1 - Significant"
96,1,1900-01-01 00:00:00,2200-01-01 00:00:00,252,"Draft Agroforestry Policy for Nepal at final stages of approval in government",,"252_61","1 - Significant","1 - Significant","1 - Significant","1 - Significant"
97,1,1900-01-01 00:00:00,2200-01-01 00:00:00,1,"Informed investment of  USD 1.2 million for scaling up `Underground Taming of Floods for Irrigation` (UTFI) in India",,"1_11",,,,
98,1,1900-01-01 00:00:00,2200-01-01 00:00:00,2,"Informed investments of USD 170 million in India for scaling up the Happy Seeder technology",,"2_11",,,,
99,1,1900-01-01 00:00:00,2200-01-01 00:00:00,3,"Developing a new international system of plant germplasm exchange, as part of implementation of the International Treaty on Plant Genetic Resources for Food and Agriculture (ITPGRFA).",,"3_11",,,,
100,1,1900-01-01 00:00:00,2200-01-01 00:00:00,4,"National policies and laws for implementing the International Treaty on Plant Genetic Resources for Food and Agriculture (ITPGRFA) adopted by Bhutan, Burkina Faso, Costa Rica, Côte d’Ivoire, Guatemala, Nepal, Rwanda and Uganda",,"4_11",,,,
101,1,1900-01-01 00:00:00,2200-01-01 00:00:00,5,"New laws were passed to enhance capacity to adapt to climate change by implementing the International Treaty on Plant Genetic Resources for Food and Agriculture (ITPGRFA) and the Nagoya protocol, in Madagascar and Benin.  ",,"5_11",,,,
102,1,1900-01-01 00:00:00,2200-01-01 00:00:00,6,"Informed investment of USD 1.6 million for Climate Smart Agriculture (CSA) in Niger",,"6_11",,,,
103,1,1900-01-01 00:00:00,2200-01-01 00:00:00,7,"Informed investment of  USD 21.5 billion by the Indian Government to provide 2.75 million solar pumps to farmers and farmer cooperatives.  ",,"7_11",,,,
104,1,1900-01-01 00:00:00,2200-01-01 00:00:00,8,"Informed investment of  USD 2 million for a regional Climate Smart Agriculture (CSA) strategy for Central America",,"8_11",,,,
105,1,1900-01-01 00:00:00,2200-01-01 00:00:00,9,"Kenya launched the Climate Smart Agriculture Strategy 2017?2026. ",,"9_11",,,,
106,1,1900-01-01 00:00:00,2200-01-01 00:00:00,10,"Informed investment of USD 66 million in Colombia for scaling up Climate Smart Agriculture (CSA) in Cauca, Colombia ",,"10_11",,,,
107,1,1900-01-01 00:00:00,2200-01-01 00:00:00,11," Rwanda initiated a national policy framework for climate services under the UN Global Framework for Climate Services",,"11_11",,,,
108,1,1900-01-01 00:00:00,2200-01-01 00:00:00,12,"Design of the Nigeria Agricultural Sector Food Security and Nutrition Strategy (2016-2025)",,"12_12",,,,
109,1,1900-01-01 00:00:00,2200-01-01 00:00:00,13,"Steps towards reform of the agricultural research system in Swaziland",,"13_12",,,,
110,1,1900-01-01 00:00:00,2200-01-01 00:00:00,14,"Organizational merger forming Kenya Agriculture and Livestock Research Organization (KALRO), for improved capacity and performance.",,"14_12",,,,
111,1,1900-01-01 00:00:00,2200-01-01 00:00:00,15,"The Collaborating for Resilience method for implementing a participatory approach to strengthen the governance of natural resources used by International Land Coalition’s National Engagement Strategy (NES).",,"15_12",,,,
112,1,1900-01-01 00:00:00,2200-01-01 00:00:00,16,"Common Monitoring and Evaluation Framework for Land in Africa approved by the African Land Policy Center for use by African countries to track progress towards the AU Declaration on Land",,"16_12",,,,
113,1,1900-01-01 00:00:00,2200-01-01 00:00:00,17,"Joint Village Land Use Planning methodology used by the government to clarify and affirm resource rights for pastoralist groups in Tanzania.  ",,"17_12",,,,
114,1,1900-01-01 00:00:00,2200-01-01 00:00:00,18,"Design of Gesellschaft für Internationale Zusammenarbeit (GIZ)-supported  land restoration programs in Ethiopia and Madagascar.",,"18_12",,,,
115,1,1900-01-01 00:00:00,2200-01-01 00:00:00,19,"Investment by Brazil and Ghana in the new phase of Agricultural Mechanization Services Enterprise Centers in Ghana",,"19_12",,,,
116,1,1900-01-01 00:00:00,2200-01-01 00:00:00,20,"Alliance for a Green Revolution in Africa (AGRA) drew heavily from PIM rural transformation research for its 2017 Africa Agriculture Status Report",,"20_12",,,,
117,1,1900-01-01 00:00:00,2200-01-01 00:00:00,21,"Investment priorities for the International Fund for Agricultural Development (IFAD). ",,"21_12",,,,
118,1,1900-01-01 00:00:00,2200-01-01 00:00:00,22,"Design of the 2017 UK Department for International Development (DFID) Economic Development Strategy",,"22_12",,,,
119,1,1900-01-01 00:00:00,2200-01-01 00:00:00,23,"Design of World Bank loans and government investments in Burkina Faso, Malawi, Mali, Nigeria, Togo, and Zambia.",,"23_12",,,,
120,1,1900-01-01 00:00:00,2200-01-01 00:00:00,24,"Restructuring of the agricultural public sector in Nepal",,"24_12",,,,
121,1,1900-01-01 00:00:00,2200-01-01 00:00:00,25,"Promotion of the Use of the Women's Empowement in Agriculture (WEAI)  by the African Union’s Comprehensive Africa Agriculture Development Programme (CAADP) for countries to track progress on indicator 4.4 on women participation in agriculture",,"25_12",,,,
122,1,1900-01-01 00:00:00,2200-01-01 00:00:00,26,"Improved design of Egypt's  'Takaful and Karama' (Solidarity and Dignity) Social Protection program, including changes in eligibility criteria and messaging promoting women's empowerment",,"26_12",,,,
123,1,1900-01-01 00:00:00,2200-01-01 00:00:00,27,"Integration of social protection (Productive Safety Nets Program, PSNP) and Community-Based Health Insurance (CBHI) programs in Ethiopia",,"27_12",,,,
124,1,1900-01-01 00:00:00,2200-01-01 00:00:00,28,"Investment by a private insurer in India in developing and testing picture-based insurance products resulting in the offering of a new insurance product at a lower premium to farmers.",,"28_12",,,,
125,1,1900-01-01 00:00:00,2200-01-01 00:00:00,29,"Use of smartphone pictures to test advisory service products by a private meteorological company in India",,"29_12",,,,
126,1,1900-01-01 00:00:00,2200-01-01 00:00:00,30,"Design of European Union trade policy relating to agreements with African Regional Economic communities",,"30_12",,,,
127,1,1900-01-01 00:00:00,2200-01-01 00:00:00,31,"Data harmonisation and publication strategy for the Ag-Incentive Consortium (FAO, IFPRI, Inter-American Development Bank, OECD, World Bank data on agricultural distortions).  ",,"31_12",,,,
128,1,1900-01-01 00:00:00,2200-01-01 00:00:00,201700000209,"United Nations Framework Convention on Climate Change (UNFCCC) decision on agriculture after six years of negotiations.",,"201700000209_11",,,,
129,1,1900-01-01 00:00:00,2200-01-01 00:00:00,201700000210,"The Climate Smart Village approach and associated tools have been taken up at the sub-national level in Vietnam, Colombia and the Philippines. ",,"201700000210_11",,,,
130,1,1900-01-01 00:00:00,2200-01-01 00:00:00,201700000211,"Improved policy on farmer payments by a large milk cooperative in Kenya",,"201700000211_12",,,,
131,1,1900-01-01 00:00:00,2200-01-01 00:00:00,201700000212,"Extension and improved design of the Mali government’s 'Jigisemejiri' cash transfer (social protection) program including modifying frequency of cash transfers (important for recipients)",,"201700000212_12",,,,
132,1,1900-01-01 00:00:00,2200-01-01 00:00:00,201700000213,"Kakira Sugar Limited, Uganda, implemented modified procedures designed to facilitate the registration of outgrower contracts for women.  ",,"201700000213_12",,,,
133,1,1900-01-01 00:00:00,2200-01-01 00:00:00,201700000214,"Tropical Bank, Uganda, implemented modified procedures designed to facilitate the opening of bank accounts by women. ",,"201700000214_12",,,,
134,1,1900-01-01 00:00:00,2200-01-01 00:00:00,201700000215,"Design of Ethiopia's Productive Safety Net Program redesigned to address maternal and child nutrition explicitly",,"201700000215_14",,,,
135,1,1900-01-01 00:00:00,2200-01-01 00:00:00,201700000216,"Improved risk assessment and foodborne disease surveillance system in Vietnam benefitting up to 94 million consumers",,"201700000216_14",,,,
136,1,1900-01-01 00:00:00,2200-01-01 00:00:00,201700000217,"Design of Bangladesh's Vulnerable Group Development program modified to include nutrition Behaviour Change Communication(BCC) in order to improve mother and child nutrition.",,"201700000217_14",,,,
137,1,1900-01-01 00:00:00,2200-01-01 00:00:00,201700000218,"Government of Bangladesh with support from UNICEF implemented recommendations to strengthen frontline delivery through District Nutrition Officers.",,"201700000218_14",,,,
138,1,1900-01-01 00:00:00,2200-01-01 00:00:00,201700000219,"Government of Odisha (India) rolled out the Odisha Multi-Sectoral Nutrition Action Plan (2017-20)",,"201700000219_14",,,,
139,1,1900-01-01 00:00:00,2200-01-01 00:00:00,201700000220,"Government of India launched a National Nutrition Strategy in 2017",,"201700000220_14",,,,
140,1,1900-01-01 00:00:00,2200-01-01 00:00:00,201700000221,"Improvements in government policy and procedures related to nutrition in four African countries as a result of participation in the Transform Nutrition course",,"201700000221_14",,,,
141,1,1900-01-01 00:00:00,2200-01-01 00:00:00,201700000222,"The Bill & Melinda Gates Foundation invested $4 million to launch the five-year Transform Nutrition West Africa for nutrition knowledge generation and mobilization across the region",,"201700000222_14",,,,
142,1,1900-01-01 00:00:00,2200-01-01 00:00:00,201700000223,"East African Community (EAC) released nine policy briefs on aflatoxins, based largely on technical papers produced by CGIAR and partners",,"201700000223_14",,,,
143,1,1900-01-01 00:00:00,2200-01-01 00:00:00,201700000224,"Global Forum on Food Security and Nutrition endorsed the nutrition-sensitive value chains framework and several more partners, includine several of the Rome-based agencies (RBAs) adapted, applied, and embedded it projects and in several completed and ongoing evaluations",,"201700000224_14",,,,
144,1,1900-01-01 00:00:00,2200-01-01 00:00:00,201700000225,"The International Fund for Agricultural Development (IFAD) progressed in mainstreaming nutrition into its investments",,"201700000225_14",,,,
145,1,1900-01-01 00:00:00,2200-01-01 00:00:00,201700000226,"Biofortification definition advances to Step 5 in the Codex process add a couple of words to explain implications",,"201700000226_14",,,,
146,1,1900-01-01 00:00:00,2200-01-01 00:00:00,201700000227,"World Bank’s Agriculture Global Practice Report “An Overview of Links Between Obesity and Food Systems Implications for the Agriculture Agenda”  cited evidence on biofortification",,"201700000227_14",,,,
147,1,1900-01-01 00:00:00,2200-01-01 00:00:00,201700000228,"African Development Bank’s Nutrition Strategy cited evidence on biofortification",,"201700000228_14",,,,
148,1,1900-01-01 00:00:00,2200-01-01 00:00:00,201700000229,"FAO’s Nutrition-Sensitive Agriculture and Food Systems in Practice: Options for Intervention cited evidnece on biofortification",,"201700000229_14",,,,
149,1,1900-01-01 00:00:00,2200-01-01 00:00:00,201700000230,"Malabo-Montpellier Panel Report “Nourished: How Africa Can Build a Future Free from Hunger and Malnutrition” cited evidence on biofortification",,"201700000230_14",,,,
150,1,1900-01-01 00:00:00,2200-01-01 00:00:00,201700000231,"Committee on World Food Security High Level Panel of Experts on Food Security and Nutrition Report “Nutrition and Food Systems” cited CGIAR evidence on biofortification",,"201700000231_14",,,,
151,1,1900-01-01 00:00:00,2200-01-01 00:00:00,201700000232,"World Food Program (WFP) adopted recommendations on how to make programs more nutrition-sensitive",,"201700000232_14",,,,
152,1,1900-01-01 00:00:00,2200-01-01 00:00:00,201700000233,"The Bill & Melinda Gates Foundation's private sector strategy took into consideration evidence on prices and diets",,"201700000233_14",,,,
153,1,1900-01-01 00:00:00,2200-01-01 00:00:00,201700000234,"Increased focus on investments on nutrition in African countries",,"201700000234_14",,,,
154,1,1900-01-01 00:00:00,2200-01-01 00:00:00,201700000235,"USAID's Nutrition Strategy cited evidence on strengthening enabling environments as a strategy for nutritional improvement within a country and cost-benefit analysis.",,"201700000235_14",,,,
155,1,1900-01-01 00:00:00,2200-01-01 00:00:00,201700000236,"Kenya's draft National Brucellosis Strategy incorporated CGIAR evidence from ILRI /Livestock",,"201700000236_14",,,,
156,1,1900-01-01 00:00:00,2200-01-01 00:00:00,201700000237,"India's National Plan of Action for Children cited the India Health Report",,"201700000237_14",,,,
157,1,1900-01-01 00:00:00,2200-01-01 00:00:00,201700000238,"Government of of Kenya agreed to incorporate ILRI's eSurveillance in low potential areas with their eSurveillance from high potential areas",,"201700000238_14",,,,
158,1,1900-01-01 00:00:00,2200-01-01 00:00:00,201700000239,"National Food Security Investment Plans (NAFSIPs) of Tanzania, Nigeria, Malawi, Senegal, The Gambia, and Uganda included Aflasafe as an important aflatoxin mitigation tool.",,"201700000239_14",,,,
159,1,1900-01-01 00:00:00,2200-01-01 00:00:00,201700000240,"Specific International Fund for Agricultural Development (IFAD) projects in six countries designed to be nutrition sensitive",,"201700000240_14",,,,
160,1,1900-01-01 00:00:00,2200-01-01 00:00:00,201700000241,"The Bill & Melinda Gates Foundation provided continuation of funding for a second phase of the Advancing Research on Nutrition and Agriculture project (ARENA) project.",,"201700000241_14",,,,
161,1,1900-01-01 00:00:00,2200-01-01 00:00:00,201700000242,"World Bank Africa and Latin America and Caribbean (LAC) regions recommend including biofortified crops in agricultural tranformation programs such as the West Africa Agricultural Transformation Program and East and Central Africa Agricultural Transformation Program (ECAAT)/ Association for Strengthening Agricultural Research in Eastern and Central Africa (ASARECA)",,"201700000242_14",,,,
162,1,1900-01-01 00:00:00,2200-01-01 00:00:00,201700000243,"White paper on food safety used to guide the development of a new USAID innovation lab on food safety to be formally launched in 2018",,"201700000243_14",,,,
163,1,1900-01-01 00:00:00,2200-01-01 00:00:00,201700000244,"Technical support to a food safety situational analysis in Vietnam underpins a $20 million investment in 4 cities",,"201700000244_14",,,,
164,1,1900-01-01 00:00:00,2200-01-01 00:00:00,201700000245,"Government of India invited partners to develop nutrition case studies for training Indian Administrative Services (IAS) officials",,"201700000245_14",,,,
165,1,1900-01-01 00:00:00,2200-01-01 00:00:00,201700000246,"Transforming Nutrition short course curriculum modified/developed taking into account latest research and capacity needs",,"201700000246_14",,,,
166,1,1900-01-01 00:00:00,2200-01-01 00:00:00,201700000247,"Mekong basin fisheries management strategies",,"201700000247_266",,,,
167,1,1900-01-01 00:00:00,2200-01-01 00:00:00,201700000248,"7 national policies (Cambodia, India, Malawi, Myanmar) relating to water and land use tenure policies for rice?field fisheries, fish breeding, aquaculture research, small?scale fisheries management and fish value chain development ",,"201700000248_266",,,,
168,1,1900-01-01 00:00:00,2200-01-01 00:00:00,201700000249,"Fisheries Law in the Ayeyarwady region of Myanmar",,"201700000249_266",,,,
169,1,1900-01-01 00:00:00,2200-01-01 00:00:00,201700000250,"Legal instruments (Cambodia): Sub-decree on community fisheries",,"201700000250_266",,,,
170,1,1900-01-01 00:00:00,2200-01-01 00:00:00,201700000251,"Informed aquaculture investment projects with African Development Bank (AfDB) Project or projects in Zambia",,"201700000251_266",,,,
171,1,1900-01-01 00:00:00,2200-01-01 00:00:00,201700000252," Informed aquaculture investment projects with World Bank Project in State of Assam, India",,"201700000252_266",,,,
172,1,1900-01-01 00:00:00,2200-01-01 00:00:00,201700000253,"Informed aquaculture investment projects with Odisha State government, India",,"201700000253_266",,,,
173,1,1900-01-01 00:00:00,2200-01-01 00:00:00,201700000254,"Vietnam's 2017 Law on Forestry",,"201700000254_16",,,,
174,1,1900-01-01 00:00:00,2200-01-01 00:00:00,201700000255,"Forestry Research Strategy of Vietnam To 2020",,"201700000255_16",,,,
175,1,1900-01-01 00:00:00,2200-01-01 00:00:00,201700000256,"Payment for Forest Environmental Services in Vietnam",,"201700000256_16",,,,
176,1,1900-01-01 00:00:00,2200-01-01 00:00:00,201700000257,"Adoption of specific policy/procedures for Intact Forest Landscapes by the Forest Stewardship Council (FSC).",,"201700000257_16",,,,
177,1,1900-01-01 00:00:00,2200-01-01 00:00:00,201700000258,"Local regulation on sustainable plantations in East Kalimantan, Indonesia (facilitated drafting process)",,"201700000258_16",,,,
178,1,1900-01-01 00:00:00,2200-01-01 00:00:00,201700000259,"2 Subnational policies on fire prevention in forests adopted by Riau Province Parliament and Bengkalis District Parliament to be part of their legislation program in 2017 and 2018",,"201700000259_16",,,,
179,1,1900-01-01 00:00:00,2200-01-01 00:00:00,201700000260,"Strengthening Indonesian Sustainable Palm Oil (ISPO) certification, with regulations on peatland intervention and restoration. ",,"201700000260_16",,,,
180,1,1900-01-01 00:00:00,2200-01-01 00:00:00,201700000261,"The Ministry of Forests and Fauna (MINFOF) formally recognized and adopted a system to monitor small-scale timber trade in Cameroon",,"201700000261_16",,,,
181,1,1900-01-01 00:00:00,2200-01-01 00:00:00,201700000262,"Curriculum reforms at Kisangani University, Congo (UNIKIS) using two- year Masters courses on 'Law and governing access to natural resources in DRC’ and 'Law and land governance in sub-Saharan Africa'",,"201700000262_16",,,,
182,1,1900-01-01 00:00:00,2200-01-01 00:00:00,201700000263,"Working group established in Tanzania to implement road map for reforming Tanzanian policies on sustainability and upgrading of Artisanal and Small Scale Mining (ASM)",,"201700000263_16",,,,
183,1,1900-01-01 00:00:00,2200-01-01 00:00:00,201700000264,"Program for low-emission development in three districts in Papua, Indonesia (Involvement in local government planning)",,"201700000264_16",,,,
184,1,1900-01-01 00:00:00,2200-01-01 00:00:00,201700000265,"Four mitigation actions for local government in four districts of Indonesia: Purbalingga, Banjarnegara, Jayapura and Jayawijaya (Involvement in local government planning)",,"201700000265_16",,,,
185,1,1900-01-01 00:00:00,2200-01-01 00:00:00,201700000266,"Implementation of ' Land-use Planning for Multiple Environmental Services (LUMENS)' methodology and software in Indonesia",,"201700000266_16",,,,
186,1,1900-01-01 00:00:00,2200-01-01 00:00:00,201700000267,"Informed major investment in recovery of tropical dry forest in the Cauca River valley, Antioquia, Colombia",,"201700000267_16",,,,
187,1,1900-01-01 00:00:00,2200-01-01 00:00:00,201700000268,"Strategy and action plan for forest landscape restoration in Sarawak, Malaysia",,"201700000268_16",,,,
188,1,1900-01-01 00:00:00,2200-01-01 00:00:00,201700000269,"Improved Regulation on Seeds of Forest Trees, Peru",,"201700000269_16",,,,
189,1,1900-01-01 00:00:00,2200-01-01 00:00:00,201700000270,"Bundling additional animal health services with vaccination in Garissa and Marsabit Counties of Kenya.",,"201700000270_15",,,,
190,1,1900-01-01 00:00:00,2200-01-01 00:00:00,201700000271,"Investment in drought insurance program for pastoralists in 8 Counties by Government of Kenya.",,"201700000271_15",,,,
191,1,1900-01-01 00:00:00,2200-01-01 00:00:00,201700000272,"Masterplan for livestock investment in Ethiopia, informing major investments which will benefit more than 2.3 million households",,"201700000272_15",,,,
192,1,1900-01-01 00:00:00,2200-01-01 00:00:00,201700000273,"Animal breeding and genetics online training course",,"201700000273_15",,,,
193,1,1900-01-01 00:00:00,2200-01-01 00:00:00,201700000274,"Training course for vaccinators in Infection and Treatment Method against East Coast Fever in cattle (ITM-ECF)",,"201700000274_15",,,,
194,1,1900-01-01 00:00:00,2200-01-01 00:00:00,201700000275,"Conservation Agriculture (CA)?based sustainable intensification in the national extension package of Ethiopia.",,"201700000275_18",,,,
195,1,1900-01-01 00:00:00,2200-01-01 00:00:00,201700000276,"Regional seed policy agreement that speeds up the distribution of modern rice varieties across nine nations in South and Southeast Asia. ",,"201700000276_186",,,,
196,1,1900-01-01 00:00:00,2200-01-01 00:00:00,201700000277,"Institutionalization of the Philippine Rice Information System (PRiSM) within the Philippine Department of Agriculture. ",,"201700000277_186",,,,
197,1,1900-01-01 00:00:00,2200-01-01 00:00:00,201700000278,"National investment informed by RICE research: Philippine Rice Road Map",,"201700000278_186",,,,
198,1,1900-01-01 00:00:00,2200-01-01 00:00:00,201700000279,"National investment informed by RICE research: the 'Small Farm Large Field' program in Vietnam is suported with RICE research on value chain analysis and improvement, market support, and best-management practices to enable farmers to produce better-quality rice",,"201700000279_186",,,,
199,1,1900-01-01 00:00:00,2200-01-01 00:00:00,201700000280,"National investment informed by RICE research: support for Greenhouse Gas Nationally Appropriate Mitigation Actions (NAMA).",,"201700000280_186",,,,
200,1,1900-01-01 00:00:00,2200-01-01 00:00:00,201700000281,"Biofortification included in the Nigerian Food and Nutrition Policy (2016–2020)",,"201700000281_256",,,,
201,1,1900-01-01 00:00:00,2200-01-01 00:00:00,201700000282,"Biofortification included in the Agricultural sector food security and nutrition strategy (2016–2025) of the Federal Ministry of Agriculture and Rural Development (FMARD) of Nigeria",,"201700000282_256",,,,
202,1,1900-01-01 00:00:00,2200-01-01 00:00:00,201700000283,"Biofortification included in the Draft Nigerian Food and Nutrition Strategic Plan of Action",,"201700000283_256",,,,
203,1,1900-01-01 00:00:00,2200-01-01 00:00:00,201700000284,"Biofortification included in The Ministry of Agriculture, Livestock and Fisheries’ Food Security plan, Tanzania",,"201700000284_256",,,,
204,1,1900-01-01 00:00:00,2200-01-01 00:00:00,201700000285,"Biofortification included in The Tanzania Food and Nutrition Centre (TFNC) 5?year strategic plan",,"201700000285_256",,,,
205,1,1900-01-01 00:00:00,2200-01-01 00:00:00,201700000286,"The United Nations Framework Convention on Climate Change (UNFCCC) Conference of the Parties formally recognized that increasing soil organic matter puts carbon back into the soil and hence can help mitigate climate change",,"201700000286_13",,,,
206,1,1900-01-01 00:00:00,2200-01-01 00:00:00,201700000287,"The Ethiopian Prime Minister approved a policy to make all water technologies tax exempt. This tax exemption aims to encourage the adoption of agricultural water technologies such as solar irrigation.",,"201700000287_13",,,,
207,1,1900-01-01 00:00:00,2200-01-01 00:00:00,201700000288,"Revised Ethiopian Soil Strategy which includes soil fertility management measures that will contribute to reducing soil degradation",,"201700000288_13",,,,
208,1,1900-01-01 00:00:00,2200-01-01 00:00:00,201700000289,"Design of new investments by Government of India in grid connected solar pumps for irrigation, with surplus power buy-back arrangements (US$7,000M)",,"201700000289_13",,,,
209,1,1900-01-01 00:00:00,2200-01-01 00:00:00,201700000290,"Design of new investments by Government of India in groundwater irrigation(US$400M) in irrigation-deprived districts",,"201700000290_13",,,,
210,1,1900-01-01 00:00:00,2200-01-01 00:00:00,201700000291,"The Sri Lankan cabinet approval of the new National Sanitation Policy of Sri Lanka.",,"201700000291_13",,,,
211,1,1900-01-01 00:00:00,2200-01-01 00:00:00,256,"Guidelines for CGIAR Research Centers on the Nagoya Protocol on Access to Genetic Resources and the Fair and Equitable Sharing of Benefits Arising from their Utilization to the Convention on Biological Diversity",,"256_374","0 - Not Targeted","0 - Not Targeted","1 - Significant","0 - Not Targeted"
212,1,1900-01-01 00:00:00,2200-01-01 00:00:00,258,"Updating the Standard Material Transfer Agreement under the Global Plan of Action (GPA) for Plant Genetic Resources for Food and Agriculture",,"258_374","0 - Not Targeted","0 - Not Targeted","1 - Significant","0 - Not Targeted"
213,1,1900-01-01 00:00:00,2200-01-01 00:00:00,259,"Green Pass Protocol to facilitate the exchange of phytosanitary clean germplasm from CGIAR centers.",,"259_374","0 - Not Targeted","0 - Not Targeted","1 - Significant","0 - Not Targeted"
214,1,1900-01-01 00:00:00,2200-01-01 00:00:00,268,"[Regulation] Procedure to determine if new genome-edited varieties are considered genetically modified organism or conventional cultivar for their release into the environment in Colombia",,"268_259","0 - Not Targeted","0 - Not Targeted","0 - Not Targeted","0 - Not Targeted"
215,1,1900-01-01 00:00:00,2200-01-01 00:00:00,269,"National standards and guidelines on cassava seeds in Rwanda",,"269_259","0 - Not Targeted","0 - Not Targeted","2 - Principal","0 - Not Targeted"
216,1,1900-01-01 00:00:00,2200-01-01 00:00:00,270,"The Tanzania Official Seed Certification Institute 5-Year Action Plan for Cassava Seed Certification in Tanzania",,"270_259","0 - Not Targeted","0 - Not Targeted","2 - Principal","0 - Not Targeted"
217,1,1900-01-01 00:00:00,2200-01-01 00:00:00,271,"National technical guidelines preventing the spread of potato cyst nematode in Kenya",,"271_259","0 - Not Targeted","0 - Not Targeted","2 - Principal","0 - Not Targeted"
218,1,1900-01-01 00:00:00,2200-01-01 00:00:00,272,"Policy recommendations were jointly developed by the Ethiopian Institute for Agricultural Research (EIAR), the Tigray Agricultural Research Institute (TARI), Fera Science Ltd (Fera) and CIP to tackle the spread of potato bacterial wilt through strengthened see systems, improved surveillance mechanisms and dissemination of good management practices.",,"272_259","0 - Not Targeted","0 - Not Targeted","2 - Principal","0 - Not Targeted"
219,1,1900-01-01 00:00:00,2200-01-01 00:00:00,273,"Ministry of Agriculture and Food Security (Republic of Mozambique) Technical Recommendations for Containment of Panama Disease (Foc TR4) in Nampula Province (Mozambique)",,"273_259","0 - Not Targeted","0 - Not Targeted","2 - Principal","0 - Not Targeted"
220,1,1900-01-01 00:00:00,2200-01-01 00:00:00,274,"Progress towards a Regional plan to control cassava mosaic disease spread in South-East Asia",,"274_259","0 - Not Targeted","0 - Not Targeted","2 - Principal","0 - Not Targeted"
221,1,1900-01-01 00:00:00,2200-01-01 00:00:00,275,"Tanzania National Multi-Sectoral Nutrition Action Plan for Prevention of Micronutrient Deficiencies (NMNAP), considers the experience of the CGIAR on scaling biofortified crops",,"275_259","1 - Significant","1 - Significant","2 - Principal","0 - Not Targeted"
222,1,1900-01-01 00:00:00,2200-01-01 00:00:00,276,"Contributions to the development of the West and Central African Council for Agricultural Research and Development (CORAF) Nutrition Strategy for implementation in Promoting West Africa Trade Integration (WAtiP)",,"276_259","1 - Significant","1 - Significant","2 - Principal","0 - Not Targeted"
223,1,1900-01-01 00:00:00,2200-01-01 00:00:00,277,"The Communique of the Pan African Parliament (PAP) and NEPAD nutrition document and the Resolution of the PAP-NEPAD High level event on nutrition and food systems.",,"277_259","1 - Significant","1 - Significant","2 - Principal","0 - Not Targeted"
224,1,1900-01-01 00:00:00,2200-01-01 00:00:00,278,"Peruvian Regulation for Seed Potato Production. ",,"278_259","0 - Not Targeted","0 - Not Targeted","2 - Principal","0 - Not Targeted"
225,1,1900-01-01 00:00:00,2200-01-01 00:00:00,279,"Progress towards Curriculum change at Makerere University, Uganda. Modules of Arbuscular mycorrhizal bio fertilizer (AMF) inoculum use and production defined.",,"279_279","0 - Not Targeted","1 - Significant","2 - Principal","0 - Not Targeted"
226,1,1900-01-01 00:00:00,2200-01-01 00:00:00,280,"Minimum Standards on Iron and Zinc Established in Pearl Millet National Cultivar Release Policy (India)",,"280_279","2 - Principal","1 - Significant","1 - Significant","1 - Significant"
227,1,1900-01-01 00:00:00,2200-01-01 00:00:00,243,"Draft Agroforestry Policy and Manual for ASEAN.  At approval Level with ASEAN Ministerial Council",,"243_61",,,,
228,1,1900-01-01 00:00:00,2200-01-01 00:00:00,281,"Fish standards and conformity assessments developed in participation with regional and national governments and adopted by the Common Market for Eastern and Southern Africa (COMESA) to facilitate inclusive domestic and cross-border fish trade along key African trade corridors. ",,"281_269",,,,
229,1,1900-01-01 00:00:00,2200-01-01 00:00:00,282,"Inclusive, evidence-based development of a National Fisheries Strategy for Timor-Leste that sets the direction for future fisheries and food security investments by government, international donors and development.       ",,"282_269",,,,
230,1,1900-01-01 00:00:00,2200-01-01 00:00:00,283,"The Government Policy Corrigendum on Grant of Long-term lease of Gram Panchayat Tanks for Pisciculture is a new policy promulgated in Odisha State in 2018 that allows communities longer term access to small water bodies for aquaculture.",,"283_269",,,,
231,1,1900-01-01 00:00:00,2200-01-01 00:00:00,284,"Contributions to revision of  Hilsa Fisheries Management Action Plan, for the Padma-Meghna River ecosystem, Bangladesh. (The hilsa shad, Tenualosa ilisha, is the national fish of Bangladesh. )   ",,"284_269",,,,
232,1,1900-01-01 00:00:00,2200-01-01 00:00:00,285,"Significant new investment in aquaculture to increase income, diversify diets, and empower women.",,"285_269",,,,
