pk_id_sdg,version,date_from,date_to,"id",sdg_id,"sdg_short_name","sdg_name",sdg_target_id,"sdg_target_code","sdg_target_name",sdg_indicator_id,"sdg_indicator_unsd_code","sdg_indicator_codes","sdg_indicator_name",sub_ido_id,"sub_ido_code","sub_ido_description"
0,1,,,,,,,,,,,,,,,,
1,1,1900-01-01 00:00:00,2200-01-01 00:00:00,"3_5",1,"Goal 1: No Poverty","End poverty in all its forms everywhere",4,"1.4","By 2030, ensure that all men and women, in particular the poor and the vulnerable, have equal rights to economic resources, as well as access to basic services, ownership and control over land and other forms of property, inheritance, natural resources, appropriate new technology and financial services, including microfinance",5,"C010401","1.4.1","Proportion of population living in households with access to basic services",3,"1.2.1","Improved access to financial and other services"
2,1,1900-01-01 00:00:00,2200-01-01 00:00:00,"13_5",1,"Goal 1: No Poverty","End poverty in all its forms everywhere",4,"1.4","By 2030, ensure that all men and women, in particular the poor and the vulnerable, have equal rights to economic resources, as well as access to basic services, ownership and control over land and other forms of property, inheritance, natural resources, appropriate new technology and financial services, including microfinance",5,"C010401","1.4.1","Proportion of population living in households with access to basic services",13,"1.4.5","Increased access to productive assets, including natural resources"
3,1,1900-01-01 00:00:00,2200-01-01 00:00:00,"36_5",1,"Goal 1: No Poverty","End poverty in all its forms everywhere",4,"1.4","By 2030, ensure that all men and women, in particular the poor and the vulnerable, have equal rights to economic resources, as well as access to basic services, ownership and control over land and other forms of property, inheritance, natural resources, appropriate new technology and financial services, including microfinance",5,"C010401","1.4.1","Proportion of population living in households with access to basic services",36,"B.1.1","Gender-equitable control of productive assets and resources"
4,1,1900-01-01 00:00:00,2200-01-01 00:00:00,"3_6",1,"Goal 1: No Poverty","End poverty in all its forms everywhere",4,"1.4","By 2030, ensure that all men and women, in particular the poor and the vulnerable, have equal rights to economic resources, as well as access to basic services, ownership and control over land and other forms of property, inheritance, natural resources, appropriate new technology and financial services, including microfinance",6,"C010402","1.4.2","Proportion of total adult population with secure tenure rights to land, with legally recognized documentation and who perceive their rights to land as secure, by sex and by type of tenure",3,"1.2.1","Improved access to financial and other services"
5,1,1900-01-01 00:00:00,2200-01-01 00:00:00,"13_6",1,"Goal 1: No Poverty","End poverty in all its forms everywhere",4,"1.4","By 2030, ensure that all men and women, in particular the poor and the vulnerable, have equal rights to economic resources, as well as access to basic services, ownership and control over land and other forms of property, inheritance, natural resources, appropriate new technology and financial services, including microfinance",6,"C010402","1.4.2","Proportion of total adult population with secure tenure rights to land, with legally recognized documentation and who perceive their rights to land as secure, by sex and by type of tenure",13,"1.4.5","Increased access to productive assets, including natural resources"
6,1,1900-01-01 00:00:00,2200-01-01 00:00:00,"36_6",1,"Goal 1: No Poverty","End poverty in all its forms everywhere",4,"1.4","By 2030, ensure that all men and women, in particular the poor and the vulnerable, have equal rights to economic resources, as well as access to basic services, ownership and control over land and other forms of property, inheritance, natural resources, appropriate new technology and financial services, including microfinance",6,"C010402","1.4.2","Proportion of total adult population with secure tenure rights to land, with legally recognized documentation and who perceive their rights to land as secure, by sex and by type of tenure",36,"B.1.1","Gender-equitable control of productive assets and resources"
7,1,1900-01-01 00:00:00,2200-01-01 00:00:00,"1_7",1,"Goal 1: No Poverty","End poverty in all its forms everywhere",5,"1.5","By 2030, build the resilience of the poor and those in vulnerable situations and reduce their exposure and vulnerability to climate-related extreme events and other economic, social and environmental shocks and disasters",7,"C200303","1.5.1","Number of deaths, missing persons and directly affected persons attributed to disasters per 100,000 population",1,"1.1.1","Increased household capacity to cope with shocks"
8,1,1900-01-01 00:00:00,2200-01-01 00:00:00,"2_7",1,"Goal 1: No Poverty","End poverty in all its forms everywhere",5,"1.5","By 2030, build the resilience of the poor and those in vulnerable situations and reduce their exposure and vulnerability to climate-related extreme events and other economic, social and environmental shocks and disasters",7,"C200303","1.5.1","Number of deaths, missing persons and directly affected persons attributed to disasters per 100,000 population",2,"1.1.2","Reduced smallholders production risk"
9,1,1900-01-01 00:00:00,2200-01-01 00:00:00,"34_7",1,"Goal 1: No Poverty","End poverty in all its forms everywhere",5,"1.5","By 2030, build the resilience of the poor and those in vulnerable situations and reduce their exposure and vulnerability to climate-related extreme events and other economic, social and environmental shocks and disasters",7,"C200303","1.5.1","Number of deaths, missing persons and directly affected persons attributed to disasters per 100,000 population",34,"A.1.4","Enhanced capacity to deal with climatic risks and extremes (Mitigation and adaptation achieved)"
10,1,1900-01-01 00:00:00,2200-01-01 00:00:00,"42_7",1,"Goal 1: No Poverty","End poverty in all its forms everywhere",5,"1.5","By 2030, build the resilience of the poor and those in vulnerable situations and reduce their exposure and vulnerability to climate-related extreme events and other economic, social and environmental shocks and disasters",7,"C200303","1.5.1","Number of deaths, missing persons and directly affected persons attributed to disasters per 100,000 population",42,"C.1.4","Conducive environment for managing shocks and vulnerability, as evidenced in rapid response mechanisms"
11,1,1900-01-01 00:00:00,2200-01-01 00:00:00,"1_8",1,"Goal 1: No Poverty","End poverty in all its forms everywhere",5,"1.5","By 2030, build the resilience of the poor and those in vulnerable situations and reduce their exposure and vulnerability to climate-related extreme events and other economic, social and environmental shocks and disasters",8,"C010502","1.5.2","Direct economic loss attributed to disasters in relation to global gross domestic product (GDP)",1,"1.1.1","Increased household capacity to cope with shocks"
12,1,1900-01-01 00:00:00,2200-01-01 00:00:00,"2_8",1,"Goal 1: No Poverty","End poverty in all its forms everywhere",5,"1.5","By 2030, build the resilience of the poor and those in vulnerable situations and reduce their exposure and vulnerability to climate-related extreme events and other economic, social and environmental shocks and disasters",8,"C010502","1.5.2","Direct economic loss attributed to disasters in relation to global gross domestic product (GDP)",2,"1.1.2","Reduced smallholders production risk"
13,1,1900-01-01 00:00:00,2200-01-01 00:00:00,"34_8",1,"Goal 1: No Poverty","End poverty in all its forms everywhere",5,"1.5","By 2030, build the resilience of the poor and those in vulnerable situations and reduce their exposure and vulnerability to climate-related extreme events and other economic, social and environmental shocks and disasters",8,"C010502","1.5.2","Direct economic loss attributed to disasters in relation to global gross domestic product (GDP)",34,"A.1.4","Enhanced capacity to deal with climatic risks and extremes (Mitigation and adaptation achieved)"
14,1,1900-01-01 00:00:00,2200-01-01 00:00:00,"42_8",1,"Goal 1: No Poverty","End poverty in all its forms everywhere",5,"1.5","By 2030, build the resilience of the poor and those in vulnerable situations and reduce their exposure and vulnerability to climate-related extreme events and other economic, social and environmental shocks and disasters",8,"C010502","1.5.2","Direct economic loss attributed to disasters in relation to global gross domestic product (GDP)",42,"C.1.4","Conducive environment for managing shocks and vulnerability, as evidenced in rapid response mechanisms"
15,1,1900-01-01 00:00:00,2200-01-01 00:00:00,"1_9",1,"Goal 1: No Poverty","End poverty in all its forms everywhere",5,"1.5","By 2030, build the resilience of the poor and those in vulnerable situations and reduce their exposure and vulnerability to climate-related extreme events and other economic, social and environmental shocks and disasters",9,"C200304","1.5.3","Number of countries that adopt and implement national disaster risk reduction strategies in line with the Sendai Framework for Disaster Risk Reduction 2015–2030",1,"1.1.1","Increased household capacity to cope with shocks"
16,1,1900-01-01 00:00:00,2200-01-01 00:00:00,"2_9",1,"Goal 1: No Poverty","End poverty in all its forms everywhere",5,"1.5","By 2030, build the resilience of the poor and those in vulnerable situations and reduce their exposure and vulnerability to climate-related extreme events and other economic, social and environmental shocks and disasters",9,"C200304","1.5.3","Number of countries that adopt and implement national disaster risk reduction strategies in line with the Sendai Framework for Disaster Risk Reduction 2015–2030",2,"1.1.2","Reduced smallholders production risk"
17,1,1900-01-01 00:00:00,2200-01-01 00:00:00,"34_9",1,"Goal 1: No Poverty","End poverty in all its forms everywhere",5,"1.5","By 2030, build the resilience of the poor and those in vulnerable situations and reduce their exposure and vulnerability to climate-related extreme events and other economic, social and environmental shocks and disasters",9,"C200304","1.5.3","Number of countries that adopt and implement national disaster risk reduction strategies in line with the Sendai Framework for Disaster Risk Reduction 2015–2030",34,"A.1.4","Enhanced capacity to deal with climatic risks and extremes (Mitigation and adaptation achieved)"
18,1,1900-01-01 00:00:00,2200-01-01 00:00:00,"42_9",1,"Goal 1: No Poverty","End poverty in all its forms everywhere",5,"1.5","By 2030, build the resilience of the poor and those in vulnerable situations and reduce their exposure and vulnerability to climate-related extreme events and other economic, social and environmental shocks and disasters",9,"C200304","1.5.3","Number of countries that adopt and implement national disaster risk reduction strategies in line with the Sendai Framework for Disaster Risk Reduction 2015–2030",42,"C.1.4","Conducive environment for managing shocks and vulnerability, as evidenced in rapid response mechanisms"
19,1,1900-01-01 00:00:00,2200-01-01 00:00:00,"1_10",1,"Goal 1: No Poverty","End poverty in all its forms everywhere",5,"1.5","By 2030, build the resilience of the poor and those in vulnerable situations and reduce their exposure and vulnerability to climate-related extreme events and other economic, social and environmental shocks and disasters",10,"C200305","1.5.4","Proportion of local governments that adopt and implement local disaster risk reduction strategies in line with national disaster risk reduction strategies",1,"1.1.1","Increased household capacity to cope with shocks"
20,1,1900-01-01 00:00:00,2200-01-01 00:00:00,"2_10",1,"Goal 1: No Poverty","End poverty in all its forms everywhere",5,"1.5","By 2030, build the resilience of the poor and those in vulnerable situations and reduce their exposure and vulnerability to climate-related extreme events and other economic, social and environmental shocks and disasters",10,"C200305","1.5.4","Proportion of local governments that adopt and implement local disaster risk reduction strategies in line with national disaster risk reduction strategies",2,"1.1.2","Reduced smallholders production risk"
21,1,1900-01-01 00:00:00,2200-01-01 00:00:00,"34_10",1,"Goal 1: No Poverty","End poverty in all its forms everywhere",5,"1.5","By 2030, build the resilience of the poor and those in vulnerable situations and reduce their exposure and vulnerability to climate-related extreme events and other economic, social and environmental shocks and disasters",10,"C200305","1.5.4","Proportion of local governments that adopt and implement local disaster risk reduction strategies in line with national disaster risk reduction strategies",34,"A.1.4","Enhanced capacity to deal with climatic risks and extremes (Mitigation and adaptation achieved)"
22,1,1900-01-01 00:00:00,2200-01-01 00:00:00,"42_10",1,"Goal 1: No Poverty","End poverty in all its forms everywhere",5,"1.5","By 2030, build the resilience of the poor and those in vulnerable situations and reduce their exposure and vulnerability to climate-related extreme events and other economic, social and environmental shocks and disasters",10,"C200305","1.5.4","Proportion of local governments that adopt and implement local disaster risk reduction strategies in line with national disaster risk reduction strategies",42,"C.1.4","Conducive environment for managing shocks and vulnerability, as evidenced in rapid response mechanisms"
23,1,1900-01-01 00:00:00,2200-01-01 00:00:00,"38_14",1,"Goal 1: No Poverty","End poverty in all its forms everywhere",7,"1.b","Create sound policy frameworks at the national, regional and international levels, based on pro-poor and gender-sensitive development strategies, to support accelerated investment in poverty eradication actions",14,"C010b01","1.b.1","Proportion of government recurrent and capital spending to sectors that disproportionately benefit women, the poor and vulnerable groups",38,"B.1.3","Improved capacity of women and young people to participate in decision-making"
24,1,1900-01-01 00:00:00,2200-01-01 00:00:00,"14_15",2,"Goal 2: Zero Hunger","End hunger, achieve food security and improved nutrition and promote sustainable agriculture",8,"2.1","By 2030, end hunger and ensure access by all people, in particular the poor and people in vulnerable situations, including infants, to safe, nutritious and sufficient food all year round",15,"C020101","2.1.1","Prevalence of undernourishment",14,"2.1.1","Increased availability of diverse nutrient-rich foods"
25,1,1900-01-01 00:00:00,2200-01-01 00:00:00,"15_15",2,"Goal 2: Zero Hunger","End hunger, achieve food security and improved nutrition and promote sustainable agriculture",8,"2.1","By 2030, end hunger and ensure access by all people, in particular the poor and people in vulnerable situations, including infants, to safe, nutritious and sufficient food all year round",15,"C020101","2.1.1","Prevalence of undernourishment",15,"2.1.2","Increased access to diverse nutrient-rich foods"
26,1,1900-01-01 00:00:00,2200-01-01 00:00:00,"3_18",2,"Goal 2: Zero Hunger","End hunger, achieve food security and improved nutrition and promote sustainable agriculture",10,"2.3","By 2030, double the agricultural productivity and incomes of small-scale food producers, in particular women, indigenous peoples, family farmers, pastoralists and fishers, including through secure and equal access to land, other productive resources and inputs, knowledge, financial services, markets and opportunities for value addition and non-farm employment",18,"C020301","2.3.1","Volume of production per labour unit by classes of farming/pastoral/forestry enterprise size",3,"1.2.1","Improved access to financial and other services"
27,1,1900-01-01 00:00:00,2200-01-01 00:00:00,"4_18",2,"Goal 2: Zero Hunger","End hunger, achieve food security and improved nutrition and promote sustainable agriculture",10,"2.3","By 2030, double the agricultural productivity and incomes of small-scale food producers, in particular women, indigenous peoples, family farmers, pastoralists and fishers, including through secure and equal access to land, other productive resources and inputs, knowledge, financial services, markets and opportunities for value addition and non-farm employment",18,"C020301","2.3.1","Volume of production per labour unit by classes of farming/pastoral/forestry enterprise size",4,"1.2.2","Reduced market barriers"
28,1,1900-01-01 00:00:00,2200-01-01 00:00:00,"10_18",2,"Goal 2: Zero Hunger","End hunger, achieve food security and improved nutrition and promote sustainable agriculture",10,"2.3","By 2030, double the agricultural productivity and incomes of small-scale food producers, in particular women, indigenous peoples, family farmers, pastoralists and fishers, including through secure and equal access to land, other productive resources and inputs, knowledge, financial services, markets and opportunities for value addition and non-farm employment",18,"C020301","2.3.1","Volume of production per labour unit by classes of farming/pastoral/forestry enterprise size",10,"1.4.2","Closed yield gaps through improved agronomic and animal husbandry practices"
29,1,1900-01-01 00:00:00,2200-01-01 00:00:00,"11_18",2,"Goal 2: Zero Hunger","End hunger, achieve food security and improved nutrition and promote sustainable agriculture",10,"2.3","By 2030, double the agricultural productivity and incomes of small-scale food producers, in particular women, indigenous peoples, family farmers, pastoralists and fishers, including through secure and equal access to land, other productive resources and inputs, knowledge, financial services, markets and opportunities for value addition and non-farm employment",18,"C020301","2.3.1","Volume of production per labour unit by classes of farming/pastoral/forestry enterprise size",11,"1.4.3","Adoption of CGIAR materials with enhanced genetic gains"
30,1,1900-01-01 00:00:00,2200-01-01 00:00:00,"3_19",2,"Goal 2: Zero Hunger","End hunger, achieve food security and improved nutrition and promote sustainable agriculture",10,"2.3","By 2030, double the agricultural productivity and incomes of small-scale food producers, in particular women, indigenous peoples, family farmers, pastoralists and fishers, including through secure and equal access to land, other productive resources and inputs, knowledge, financial services, markets and opportunities for value addition and non-farm employment",19,"C020302","2.3.2","Average income of small-scale food producers, by sex and indigenous status",3,"1.2.1","Improved access to financial and other services"
31,1,1900-01-01 00:00:00,2200-01-01 00:00:00,"4_19",2,"Goal 2: Zero Hunger","End hunger, achieve food security and improved nutrition and promote sustainable agriculture",10,"2.3","By 2030, double the agricultural productivity and incomes of small-scale food producers, in particular women, indigenous peoples, family farmers, pastoralists and fishers, including through secure and equal access to land, other productive resources and inputs, knowledge, financial services, markets and opportunities for value addition and non-farm employment",19,"C020302","2.3.2","Average income of small-scale food producers, by sex and indigenous status",4,"1.2.2","Reduced market barriers"
32,1,1900-01-01 00:00:00,2200-01-01 00:00:00,"10_19",2,"Goal 2: Zero Hunger","End hunger, achieve food security and improved nutrition and promote sustainable agriculture",10,"2.3","By 2030, double the agricultural productivity and incomes of small-scale food producers, in particular women, indigenous peoples, family farmers, pastoralists and fishers, including through secure and equal access to land, other productive resources and inputs, knowledge, financial services, markets and opportunities for value addition and non-farm employment",19,"C020302","2.3.2","Average income of small-scale food producers, by sex and indigenous status",10,"1.4.2","Closed yield gaps through improved agronomic and animal husbandry practices"
33,1,1900-01-01 00:00:00,2200-01-01 00:00:00,"11_19",2,"Goal 2: Zero Hunger","End hunger, achieve food security and improved nutrition and promote sustainable agriculture",10,"2.3","By 2030, double the agricultural productivity and incomes of small-scale food producers, in particular women, indigenous peoples, family farmers, pastoralists and fishers, including through secure and equal access to land, other productive resources and inputs, knowledge, financial services, markets and opportunities for value addition and non-farm employment",19,"C020302","2.3.2","Average income of small-scale food producers, by sex and indigenous status",11,"1.4.3","Adoption of CGIAR materials with enhanced genetic gains"
34,1,1900-01-01 00:00:00,2200-01-01 00:00:00,"25_20",2,"Goal 2: Zero Hunger","End hunger, achieve food security and improved nutrition and promote sustainable agriculture",11,"2.4","By 2030, ensure sustainable food production systems and implement resilient agricultural practices that increase productivity and production, that help maintain ecosystems, that strengthen capacity for adaptation to climate change, extreme weather, drought, flooding and other disasters and that progressively improve land and soil quality",20,"C020401","2.4.1","Proportion of agricultural area under productive and sustainable agriculture",25,"3.2.1","More productive and equitable management of natural resources"
35,1,1900-01-01 00:00:00,2200-01-01 00:00:00,"26_20",2,"Goal 2: Zero Hunger","End hunger, achieve food security and improved nutrition and promote sustainable agriculture",11,"2.4","By 2030, ensure sustainable food production systems and implement resilient agricultural practices that increase productivity and production, that help maintain ecosystems, that strengthen capacity for adaptation to climate change, extreme weather, drought, flooding and other disasters and that progressively improve land and soil quality",20,"C020401","2.4.1","Proportion of agricultural area under productive and sustainable agriculture",26,"3.2.2","Agricultural systems diversified and intensified in ways that protect soils and water"
36,1,1900-01-01 00:00:00,2200-01-01 00:00:00,"30_20",2,"Goal 2: Zero Hunger","End hunger, achieve food security and improved nutrition and promote sustainable agriculture",11,"2.4","By 2030, ensure sustainable food production systems and implement resilient agricultural practices that increase productivity and production, that help maintain ecosystems, that strengthen capacity for adaptation to climate change, extreme weather, drought, flooding and other disasters and that progressively improve land and soil quality",20,"C020401","2.4.1","Proportion of agricultural area under productive and sustainable agriculture",30,"3.3.3","Reduced net greenhouse gas emissions from agriculture, forests and other forms of land-use (More sustainably managed agro-ecosystems)"
37,1,1900-01-01 00:00:00,2200-01-01 00:00:00,"12_21",2,"Goal 2: Zero Hunger","End hunger, achieve food security and improved nutrition and promote sustainable agriculture",12,"2.5","By 2020, maintain the genetic diversity of seeds, cultivated plants and farmed and domesticated animals and their related wild species, including through soundly managed and diversified seed and plant banks at the national, regional and international levels, and promote access to and fair and equitable sharing of benefits arising from the utilization of genetic resources and associated traditional knowledge, as internationally agreed",21,"C020501","2.5.1","Number of plant and animal genetic resources for food and agriculture secured in either medium- or long-term conservation facilities",12,"1.4.4","Increased conservation and use of genetic resources"
38,1,1900-01-01 00:00:00,2200-01-01 00:00:00,"12_22",2,"Goal 2: Zero Hunger","End hunger, achieve food security and improved nutrition and promote sustainable agriculture",12,"2.5","By 2020, maintain the genetic diversity of seeds, cultivated plants and farmed and domesticated animals and their related wild species, including through soundly managed and diversified seed and plant banks at the national, regional and international levels, and promote access to and fair and equitable sharing of benefits arising from the utilization of genetic resources and associated traditional knowledge, as internationally agreed",22,"C020502","2.5.2","Proportion of local breeds classified as being at risk, not at risk or at unknown level of risk of extinction",12,"1.4.4","Increased conservation and use of genetic resources"
39,1,1900-01-01 00:00:00,2200-01-01 00:00:00,"39_23",2,"Goal 2: Zero Hunger","End hunger, achieve food security and improved nutrition and promote sustainable agriculture",13,"2.a","Increase investment, including through enhanced international cooperation, in rural infrastructure, agricultural research and extension services, technology development and plant and livestock gene banks in order to enhance agricultural productive capacity in developing countries, in particular least developed countries",23,"C020a01","2.a.1","The agriculture orientation index for government expenditures",39,"C.1.1","Increase capacity of beneficiaries to adopt research outputs"
40,1,1900-01-01 00:00:00,2200-01-01 00:00:00,"40_23",2,"Goal 2: Zero Hunger","End hunger, achieve food security and improved nutrition and promote sustainable agriculture",13,"2.a","Increase investment, including through enhanced international cooperation, in rural infrastructure, agricultural research and extension services, technology development and plant and livestock gene banks in order to enhance agricultural productive capacity in developing countries, in particular least developed countries",23,"C020a01","2.a.1","The agriculture orientation index for government expenditures",40,"C.1.2","Increased capacity of partner organizations, as evidenced by rate of investments in agricultural research"
41,1,1900-01-01 00:00:00,2200-01-01 00:00:00,"39_24",2,"Goal 2: Zero Hunger","End hunger, achieve food security and improved nutrition and promote sustainable agriculture",13,"2.a","Increase investment, including through enhanced international cooperation, in rural infrastructure, agricultural research and extension services, technology development and plant and livestock gene banks in order to enhance agricultural productive capacity in developing countries, in particular least developed countries",24,"C020a02","2.a.2","Total official flows (official development assistance plus other official flows) to the agriculture sector",39,"C.1.1","Increase capacity of beneficiaries to adopt research outputs"
42,1,1900-01-01 00:00:00,2200-01-01 00:00:00,"40_24",2,"Goal 2: Zero Hunger","End hunger, achieve food security and improved nutrition and promote sustainable agriculture",13,"2.a","Increase investment, including through enhanced international cooperation, in rural infrastructure, agricultural research and extension services, technology development and plant and livestock gene banks in order to enhance agricultural productive capacity in developing countries, in particular least developed countries",24,"C020a02","2.a.2","Total official flows (official development assistance plus other official flows) to the agriculture sector",40,"C.1.2","Increased capacity of partner organizations, as evidenced by rate of investments in agricultural research"
43,1,1900-01-01 00:00:00,2200-01-01 00:00:00,"4_26",2,"Goal 2: Zero Hunger","End hunger, achieve food security and improved nutrition and promote sustainable agriculture",15,"2.c","Adopt measures to ensure the proper functioning of food commodity markets and their derivatives and facilitate timely access to market information, including on food reserves, in order to help limit extreme food price volatility",26,"C020c01","2.c.1","Indicator of food price anomalies",4,"1.2.2","Reduced market barriers"
44,1,1900-01-01 00:00:00,2200-01-01 00:00:00,"17_45",3,"Goal 3: Good Health and Well-Being for People","Ensure healthy lives and promote well-being for all at all ages",24,"3.9","By 2030, substantially reduce the number of deaths and illnesses from hazardous chemicals and air, water and soil pollution and contamination",45,"C030901","3.9.1","Mortality rate attributed to household and ambient air pollution",17,"2.2.1","Reduced biological and chemical hazards in the food system"
45,1,1900-01-01 00:00:00,2200-01-01 00:00:00,"17_46",3,"Goal 3: Good Health and Well-Being for People","Ensure healthy lives and promote well-being for all at all ages",24,"3.9","By 2030, substantially reduce the number of deaths and illnesses from hazardous chemicals and air, water and soil pollution and contamination",46,"C030902","3.9.2","Mortality rate attributed to unsafe water, unsafe sanitation and lack of hygiene (exposure to unsafe Water, Sanitation and Hygiene for All (WASH) services)",17,"2.2.1","Reduced biological and chemical hazards in the food system"
46,1,1900-01-01 00:00:00,2200-01-01 00:00:00,"17_47",3,"Goal 3: Good Health and Well-Being for People","Ensure healthy lives and promote well-being for all at all ages",24,"3.9","By 2030, substantially reduce the number of deaths and illnesses from hazardous chemicals and air, water and soil pollution and contamination",47,"C030903","3.9.3","Mortality rate attributed to unintentional poisoning",17,"2.2.1","Reduced biological and chemical hazards in the food system"
47,1,1900-01-01 00:00:00,2200-01-01 00:00:00,"37_78",5,"Goal 5: Gender Equality","Achieve gender equality and empower all women and girls",46,"5.b","Enhance the use of enabling technology, in particular information and communications technology, to promote the empowerment of women",78,"C050c01","5.c.1","Proportion of countries with systems to track and make public allocations for gender equality and women’s empowerment",37,"B.1.2","Technologies that reduce women`s labor and energy expenditure adopted"
48,1,1900-01-01 00:00:00,2200-01-01 00:00:00,"38_79",5,"Goal 5: Gender Equality","Achieve gender equality and empower all women and girls",47,"5.c","Adopt and strengthen sound policies and enforceable legislation for the promotion of gender equality and the empowerment of all women and girls at all levels",79,"C060101","6.1.1","Proportion of population using safely managed drinking water services",38,"B.1.3","Improved capacity of women and young people to participate in decision-making"
49,1,1900-01-01 00:00:00,2200-01-01 00:00:00,"19_83",6,"Goal 6: Clean Water and Sanitation","Ensure availability and sustainable management of water and sanitation for all",50,"6.3","By 2030, improve water quality by reducing pollution, eliminating dumping and minimizing release of hazardous chemicals and materials, halving the proportion of untreated wastewater and substantially increasing recycling and safe reuse globally",83,"C060401","6.4.1","Change in water-use efficiency over time",19,"2.3.1","Improved water quality"
50,1,1900-01-01 00:00:00,2200-01-01 00:00:00,"19_84",6,"Goal 6: Clean Water and Sanitation","Ensure availability and sustainable management of water and sanitation for all",50,"6.3","By 2030, improve water quality by reducing pollution, eliminating dumping and minimizing release of hazardous chemicals and materials, halving the proportion of untreated wastewater and substantially increasing recycling and safe reuse globally",84,"C060402","6.4.2","Level of water stress: freshwater withdrawal as a proportion of available freshwater resources",19,"2.3.1","Improved water quality"
51,1,1900-01-01 00:00:00,2200-01-01 00:00:00,"26_85",6,"Goal 6: Clean Water and Sanitation","Ensure availability and sustainable management of water and sanitation for all",51,"6.4","By 2030, substantially increase water-use efficiency across all sectors and ensure sustainable withdrawals and supply of freshwater to address water scarcity and substantially reduce the number of people suffering from water scarcity",85,"C060501","6.5.1","Degree of integrated water resources management implementation (0–100)",26,"3.2.2","Agricultural systems diversified and intensified in ways that protect soils and water"
52,1,1900-01-01 00:00:00,2200-01-01 00:00:00,"26_86",6,"Goal 6: Clean Water and Sanitation","Ensure availability and sustainable management of water and sanitation for all",52,"6.5","By 2030, implement integrated water resources management at all levels, including through transboundary cooperation as appropriate",86,"C060502","6.5.2","Proportion of transboundary basin area with an operational arrangement for water cooperation",26,"3.2.2","Agricultural systems diversified and intensified in ways that protect soils and water"
53,1,1900-01-01 00:00:00,2200-01-01 00:00:00,"26_87",6,"Goal 6: Clean Water and Sanitation","Ensure availability and sustainable management of water and sanitation for all",53,"6.6","By 2020, protect and restore water-related ecosystems, including mountains, forests, wetlands, rivers, aquifers and lakes",87,"C060601","6.6.1","Change in the extent of water-related ecosystems over time",26,"3.2.2","Agricultural systems diversified and intensified in ways that protect soils and water"
54,1,1900-01-01 00:00:00,2200-01-01 00:00:00,"7_97",8,"Goal 8: Decent Work and Economic Growth","Promote sustained, inclusive and sustainable economic growth, full and productive employment and decent work for all",62,"8.2","Achieve higher levels of economic productivity through diversification, technological upgrading and innovation, including through a focus on high-value added and labour-intensive sectors",97,"C080201","8.2.1","Annual growth rate of real GDP per employed person",7,"1.3.3","Increased value capture by producers"
55,1,1900-01-01 00:00:00,2200-01-01 00:00:00,"37_100",8,"Goal 8: Decent Work and Economic Growth","Promote sustained, inclusive and sustainable economic growth, full and productive employment and decent work for all",65,"8.5","By 2030, achieve full and productive employment and decent work for all women and men, including for young people and persons with disabilities, and equal pay for work of equal value",100,"C200203","8.4.2","Domestic material consumption, domestic material consumption per capita, and domestic material consumption per GDP",37,"B.1.2","Technologies that reduce women`s labor and energy expenditure adopted"
56,1,1900-01-01 00:00:00,2200-01-01 00:00:00,"39_118",9,"Goal 9: Industry, Innovation, and Infrastructure","Build resilient infrastructure, promote inclusive and sustainable industrialization and foster innovation",77,"9.5","Enhance scientific research, upgrade the technological capabilities of industrial sectors in all countries, in particular developing countries, including, by 2030, encouraging innovation and substantially increasing the number of research and development workers per 1 million people and public and private research and development spending",118,"C090302","9.3.2","Proportion of small-scale industries with a loan or line of credit",39,"C.1.1","Increase capacity of beneficiaries to adopt research outputs"
57,1,1900-01-01 00:00:00,2200-01-01 00:00:00,"40_120",9,"Goal 9: Industry, Innovation, and Infrastructure","Build resilient infrastructure, promote inclusive and sustainable industrialization and foster innovation",79,"9.b","Support domestic technology development, research and innovation in developing countries, including by ensuring a conducive policy environment for, inter alia, industrial diversification and value addition to commodities",120,"C090501","9.5.1","Research and development expenditure as a proportion of GDP",40,"C.1.2","Increased capacity of partner organizations, as evidenced by rate of investments in agricultural research"
58,1,1900-01-01 00:00:00,2200-01-01 00:00:00,"40_121",9,"Goal 9: Industry, Innovation, and Infrastructure","Build resilient infrastructure, promote inclusive and sustainable industrialization and foster innovation",79,"9.b","Support domestic technology development, research and innovation in developing countries, including by ensuring a conducive policy environment for, inter alia, industrial diversification and value addition to commodities",121,"C090502","9.5.2","Researchers (in full-time equivalent) per million inhabitants",40,"C.1.2","Increased capacity of partner organizations, as evidenced by rate of investments in agricultural research"
59,1,1900-01-01 00:00:00,2200-01-01 00:00:00,"6_123",10,"Goal 10: Reducing Inequalities","Reduce inequality within and among countries",81,"10.1","By 2030, progressively achieve and sustain income growth of the bottom 40 per cent of the population at a rate higher than the national average",123,"C090b01","9.b.1","Proportion of medium and high-tech industry value added in total value added",6,"1.3.2","Increased livelihood opportunities"
60,1,1900-01-01 00:00:00,2200-01-01 00:00:00,"4_127",10,"Goal 10: Reducing Inequalities","Reduce inequality within and among countries",85,"10.5","Improve the regulation and monitoring of global financial markets and institutions and strengthen the implementation of such regulations",127,"C200204","10.3.1","Proportion of population reporting having personally felt discriminated against or harassed in the previous 12 months on the basis of a ground of discrimination prohibited under international human rights law",4,"1.2.2","Reduced market barriers"
61,1,1900-01-01 00:00:00,2200-01-01 00:00:00,"5_150",12,"Goal 12: Responsible Consumption and Production","Ensure sustainable consumption and production patterns",101,"12.1","Implement the 10-Year Framework of Programmes on Sustainable Consumption and Production Patterns, all countries taking action, with developed countries taking the lead, taking into account the development and capabilities of developing countries",150,"C110c01","11.c.1","Proportion of financial support to the least developed countries that is allocated to the construction and retrofitting of sustainable, resilient and resource-efficient buildings utilizing local materials",5,"1.3.1","Diversified enterprise opportunities"
62,1,1900-01-01 00:00:00,2200-01-01 00:00:00,"16_150",12,"Goal 12: Responsible Consumption and Production","Ensure sustainable consumption and production patterns",101,"12.1","Implement the 10-Year Framework of Programmes on Sustainable Consumption and Production Patterns, all countries taking action, with developed countries taking the lead, taking into account the development and capabilities of developing countries",150,"C110c01","11.c.1","Proportion of financial support to the least developed countries that is allocated to the construction and retrofitting of sustainable, resilient and resource-efficient buildings utilizing local materials",16,"2.1.3","Optimized consumption of diverse nutrient-rich foods"
63,1,1900-01-01 00:00:00,2200-01-01 00:00:00,"8_151",12,"Goal 12: Responsible Consumption and Production","Ensure sustainable consumption and production patterns",102,"12.2","By 2030, achieve the sustainable management and efficient use of natural resources",151,"C120101","12.1.1","Number of countries with sustainable consumption and production (SCP) national action plans or SCP mainstreamed as a priority or a target into national policies",8,"1.3.4","More efficient use of inputs"
64,1,1900-01-01 00:00:00,2200-01-01 00:00:00,"13_151",12,"Goal 12: Responsible Consumption and Production","Ensure sustainable consumption and production patterns",102,"12.2","By 2030, achieve the sustainable management and efficient use of natural resources",151,"C120101","12.1.1","Number of countries with sustainable consumption and production (SCP) national action plans or SCP mainstreamed as a priority or a target into national policies",13,"1.4.5","Increased access to productive assets, including natural resources"
65,1,1900-01-01 00:00:00,2200-01-01 00:00:00,"9_152",12,"Goal 12: Responsible Consumption and Production","Ensure sustainable consumption and production patterns",103,"12.3","By 2030, halve per capita global food waste at the retail and consumer levels and reduce food losses along production and supply chains, including post-harvest losses",152,"C200202","12.2.1","Material footprint, material footprint per capita, and material footprint per GDP",9,"1.4.1","Reduce pre- and post-harvest losses, including those caused by climate change"
66,1,1900-01-01 00:00:00,2200-01-01 00:00:00,"9_153",12,"Goal 12: Responsible Consumption and Production","Ensure sustainable consumption and production patterns",103,"12.3","By 2030, halve per capita global food waste at the retail and consumer levels and reduce food losses along production and supply chains, including post-harvest losses",153,"C200203","12.2.2","Domestic material consumption, domestic material consumption per capita, and domestic material consumption per GDP",9,"1.4.1","Reduce pre- and post-harvest losses, including those caused by climate change"
67,1,1900-01-01 00:00:00,2200-01-01 00:00:00,"17_154",12,"Goal 12: Responsible Consumption and Production","Ensure sustainable consumption and production patterns",104,"12.4","By 2020, achieve the environmentally sound management of chemicals and all wastes throughout their life cycle, in accordance with agreed international frameworks, and significantly reduce their release to air, water and soil in order to minimize their adverse impacts on human health and the environment",154,"C120301","12.3.1","Global food loss index",17,"2.2.1","Reduced biological and chemical hazards in the food system"
68,1,1900-01-01 00:00:00,2200-01-01 00:00:00,"26_154",12,"Goal 12: Responsible Consumption and Production","Ensure sustainable consumption and production patterns",104,"12.4","By 2020, achieve the environmentally sound management of chemicals and all wastes throughout their life cycle, in accordance with agreed international frameworks, and significantly reduce their release to air, water and soil in order to minimize their adverse impacts on human health and the environment",154,"C120301","12.3.1","Global food loss index",26,"3.2.2","Agricultural systems diversified and intensified in ways that protect soils and water"
69,1,1900-01-01 00:00:00,2200-01-01 00:00:00,"5_160",12,"Goal 12: Responsible Consumption and Production","Ensure sustainable consumption and production patterns",109,"12.a","Support developing countries to strengthen their scientific and technological capacity to move towards more sustainable patterns of consumption and production",160,"C120801","12.8.1","Extent to which (i) global citizenship education and (ii) education for sustainable development (including climate change education) are mainstreamed in (a) national education policies; (b) curricula; (c) teacher education; and (d) student assessment",5,"1.3.1","Diversified enterprise opportunities"
70,1,1900-01-01 00:00:00,2200-01-01 00:00:00,"16_160",12,"Goal 12: Responsible Consumption and Production","Ensure sustainable consumption and production patterns",109,"12.a","Support developing countries to strengthen their scientific and technological capacity to move towards more sustainable patterns of consumption and production",160,"C120801","12.8.1","Extent to which (i) global citizenship education and (ii) education for sustainable development (including climate change education) are mainstreamed in (a) national education policies; (b) curricula; (c) teacher education; and (d) student assessment",16,"2.1.3","Optimized consumption of diverse nutrient-rich foods"
71,1,1900-01-01 00:00:00,2200-01-01 00:00:00,"43_160",12,"Goal 12: Responsible Consumption and Production","Ensure sustainable consumption and production patterns",109,"12.a","Support developing countries to strengthen their scientific and technological capacity to move towards more sustainable patterns of consumption and production",160,"C120801","12.8.1","Extent to which (i) global citizenship education and (ii) education for sustainable development (including climate change education) are mainstreamed in (a) national education policies; (b) curricula; (c) teacher education; and (d) student assessment",43,"D.1.1","Enhanced institutional capacity of partner research organizations"
72,1,1900-01-01 00:00:00,2200-01-01 00:00:00,"44_160",12,"Goal 12: Responsible Consumption and Production","Ensure sustainable consumption and production patterns",109,"12.a","Support developing countries to strengthen their scientific and technological capacity to move towards more sustainable patterns of consumption and production",160,"C120801","12.8.1","Extent to which (i) global citizenship education and (ii) education for sustainable development (including climate change education) are mainstreamed in (a) national education policies; (b) curricula; (c) teacher education; and (d) student assessment",44,"D.1.2","Enhanced individual capacity in partner research organizations through training and exchange"
73,1,1900-01-01 00:00:00,2200-01-01 00:00:00,"33_164",13,"Goal 13: Climate Action","Take urgent action to combat climate change and its impacts[b]",113,"13.2","Integrate climate change measures into national policies, strategies and planning",164,"C200303","13.1.1","Number of deaths, missing persons and directly affected persons attributed to disasters per 100,000 population",33,"A.1.3","Improved forecasting of impacts of climate change and targeted technology development"
74,1,1900-01-01 00:00:00,2200-01-01 00:00:00,"41_164",13,"Goal 13: Climate Action","Take urgent action to combat climate change and its impacts[b]",113,"13.2","Integrate climate change measures into national policies, strategies and planning",164,"C200303","13.1.1","Number of deaths, missing persons and directly affected persons attributed to disasters per 100,000 population",41,"C.1.3","Conducive agricultural policy environment"
75,1,1900-01-01 00:00:00,2200-01-01 00:00:00,"33_165",13,"Goal 13: Climate Action","Take urgent action to combat climate change and its impacts[b]",113,"13.2","Integrate climate change measures into national policies, strategies and planning",165,"C200304","13.1.2","Number of countries that adopt and implement national disaster risk reduction strategies in line with the Sendai Framework for Disaster Risk Reduction 2015–2030",33,"A.1.3","Improved forecasting of impacts of climate change and targeted technology development"
76,1,1900-01-01 00:00:00,2200-01-01 00:00:00,"41_165",13,"Goal 13: Climate Action","Take urgent action to combat climate change and its impacts[b]",113,"13.2","Integrate climate change measures into national policies, strategies and planning",165,"C200304","13.1.2","Number of countries that adopt and implement national disaster risk reduction strategies in line with the Sendai Framework for Disaster Risk Reduction 2015–2030",41,"C.1.3","Conducive agricultural policy environment"
77,1,1900-01-01 00:00:00,2200-01-01 00:00:00,"33_166",13,"Goal 13: Climate Action","Take urgent action to combat climate change and its impacts[b]",113,"13.2","Integrate climate change measures into national policies, strategies and planning",166,"C200305","13.1.3","Proportion of local governments that adopt and implement local disaster risk reduction strategies in line with national disaster risk reduction strategies",33,"A.1.3","Improved forecasting of impacts of climate change and targeted technology development"
78,1,1900-01-01 00:00:00,2200-01-01 00:00:00,"41_166",13,"Goal 13: Climate Action","Take urgent action to combat climate change and its impacts[b]",113,"13.2","Integrate climate change measures into national policies, strategies and planning",166,"C200305","13.1.3","Proportion of local governments that adopt and implement local disaster risk reduction strategies in line with national disaster risk reduction strategies",41,"C.1.3","Conducive agricultural policy environment"
79,1,1900-01-01 00:00:00,2200-01-01 00:00:00,"29_167",13,"Goal 13: Climate Action","Take urgent action to combat climate change and its impacts[b]",114,"13.3","Improve education, awareness-raising and human and institutional capacity on climate change mitigation, adaptation, impact reduction and early warning",167,"C130201","13.2.1","Number of countries that have communicated the establishment or operationalization of an integrated policy/strategy/plan which increases their ability to adapt to the adverse impacts of climate change, and foster climate resilience and low greenhouse gas emissions development in a manner that does not threaten food production (including a national adaptation plan, nationally determined contributio",29,"3.3.2","Enhanced adaptive capacity to climate risks (More sustainably managed agro-ecosystems)"
80,1,1900-01-01 00:00:00,2200-01-01 00:00:00,"34_167",13,"Goal 13: Climate Action","Take urgent action to combat climate change and its impacts[b]",114,"13.3","Improve education, awareness-raising and human and institutional capacity on climate change mitigation, adaptation, impact reduction and early warning",167,"C130201","13.2.1","Number of countries that have communicated the establishment or operationalization of an integrated policy/strategy/plan which increases their ability to adapt to the adverse impacts of climate change, and foster climate resilience and low greenhouse gas emissions development in a manner that does not threaten food production (including a national adaptation plan, nationally determined contributio",34,"A.1.4","Enhanced capacity to deal with climatic risks and extremes (Mitigation and adaptation achieved)"
81,1,1900-01-01 00:00:00,2200-01-01 00:00:00,"43_167",13,"Goal 13: Climate Action","Take urgent action to combat climate change and its impacts[b]",114,"13.3","Improve education, awareness-raising and human and institutional capacity on climate change mitigation, adaptation, impact reduction and early warning",167,"C130201","13.2.1","Number of countries that have communicated the establishment or operationalization of an integrated policy/strategy/plan which increases their ability to adapt to the adverse impacts of climate change, and foster climate resilience and low greenhouse gas emissions development in a manner that does not threaten food production (including a national adaptation plan, nationally determined contributio",43,"D.1.1","Enhanced institutional capacity of partner research organizations"
82,1,1900-01-01 00:00:00,2200-01-01 00:00:00,"44_167",13,"Goal 13: Climate Action","Take urgent action to combat climate change and its impacts[b]",114,"13.3","Improve education, awareness-raising and human and institutional capacity on climate change mitigation, adaptation, impact reduction and early warning",167,"C130201","13.2.1","Number of countries that have communicated the establishment or operationalization of an integrated policy/strategy/plan which increases their ability to adapt to the adverse impacts of climate change, and foster climate resilience and low greenhouse gas emissions development in a manner that does not threaten food production (including a national adaptation plan, nationally determined contributio",44,"D.1.2","Enhanced individual capacity in partner research organizations through training and exchange"
83,1,1900-01-01 00:00:00,2200-01-01 00:00:00,"30_170",13,"Goal 13: Climate Action","Take urgent action to combat climate change and its impacts[b]",116,"13.b","Promote mechanisms for raising capacity for effective climate change-related planning and management in least developed countries and small island developing States, including focusing on women, youth and local and marginalized communities",170,"C130a01","13.a.1","Mobilized amount of United States dollars per year between 2020 and 2025 accountable towards the $100 billion commitment",30,"3.3.3","Reduced net greenhouse gas emissions from agriculture, forests and other forms of land-use (More sustainably managed agro-ecosystems)"
84,1,1900-01-01 00:00:00,2200-01-01 00:00:00,"28_172",14,"Goal 14: Life Below Water","Conserve and sustainably use the oceans, seas and marine resources for sustainable development",118,"14.2","By 2020, sustainably manage and protect marine and coastal ecosystems to avoid significant adverse impacts, including by strengthening their resilience, and take action for their restoration in order to achieve healthy and productive oceans",172,"C140101","14.1.1","Index of coastal eutrophication and floating plastic debris density",28,"3.3.1","Increased resilience of agro-ecosystems and communities, especially those including smallholders"
85,1,1900-01-01 00:00:00,2200-01-01 00:00:00,"27_173",14,"Goal 14: Life Below Water","Conserve and sustainably use the oceans, seas and marine resources for sustainable development",119,"14.3","Minimize and address the impacts of ocean acidification, including through enhanced scientific cooperation at all levels",173,"C140201","14.2.1","Proportion of national exclusive economic zones managed using ecosystem-based approaches",27,"3.2.3","Enrichment of plant and animal biodiversity for multiple goods and services"
86,1,1900-01-01 00:00:00,2200-01-01 00:00:00,"25_178",14,"Goal 14: Life Below Water","Conserve and sustainably use the oceans, seas and marine resources for sustainable development",124,"14.a","Increase scientific knowledge, develop research capacity and transfer marine technology, taking into account the Intergovernmental Oceanographic Commission Criteria and Guidelines on the Transfer of Marine Technology, in order to improve ocean health and to enhance the contribution of marine biodiversity to the development of developing countries, in particular small island developing States and least developed countries",178,"C140701","14.7.1","Sustainable fisheries as a proportion of GDP in small island developing States, least developed countries and all countries",25,"3.2.1","More productive and equitable management of natural resources"
87,1,1900-01-01 00:00:00,2200-01-01 00:00:00,"8_179",14,"Goal 14: Life Below Water","Conserve and sustainably use the oceans, seas and marine resources for sustainable development",125,"14.b","Provide access for small-scale artisanal fishers to marine resources and markets",179,"C140a01","14.a.1","Proportion of total research budget allocated to research in the field of marine technology",8,"1.3.4","More efficient use of inputs"
88,1,1900-01-01 00:00:00,2200-01-01 00:00:00,"23_181",15,"Goal 15: Life on Land","Protect, restore and promote sustainable use of terrestrial ecosystems, sustainably manage forests, combat desertification, and halt and reverse land degradation and halt biodiversity loss",127,"15.1","By 2020, ensure the conservation, restoration and sustainable use of terrestrial and inland freshwater ecosystems and their services, in particular forests, wetlands, mountains and drylands, in line with obligations under international agreements",181,"C140c01","14.c.1","Number of countries making progress in ratifying, accepting and implementing through legal, policy and institutional frameworks, ocean-related instruments that implement international law, as reflected in the United Nations Convention on the Law of the Sea, for the conservation and sustainable use of the oceans and their resources",23,"3.1.2","Enhanced conservation of habitats and resources"
89,1,1900-01-01 00:00:00,2200-01-01 00:00:00,"22_184",15,"Goal 15: Life on Land","Protect, restore and promote sustainable use of terrestrial ecosystems, sustainably manage forests, combat desertification, and halt and reverse land degradation and halt biodiversity loss",129,"15.3","By 2030, combat desertification, restore degraded land and soil, including land affected by desertification, drought and floods, and strive to achieve a land degradation-neutral world",184,"C150201","15.2.1","Progress towards sustainable forest management",22,"3.1.1","Land, water and forest degradation (Including deforestation) minimized and reversed"
90,1,1900-01-01 00:00:00,2200-01-01 00:00:00,"24_185",15,"Goal 15: Life on Land","Protect, restore and promote sustainable use of terrestrial ecosystems, sustainably manage forests, combat desertification, and halt and reverse land degradation and halt biodiversity loss",130,"15.4","By 2030, ensure the conservation of mountain ecosystems, including their biodiversity, in order to enhance their capacity to provide benefits that are essential for sustainable development",185,"C150301","15.3.1","Proportion of land that is degraded over total land area",24,"3.1.3","Increased genetic diversity of agricultural and associated landscapes"
91,1,1900-01-01 00:00:00,2200-01-01 00:00:00,"22_186",15,"Goal 15: Life on Land","Protect, restore and promote sustainable use of terrestrial ecosystems, sustainably manage forests, combat desertification, and halt and reverse land degradation and halt biodiversity loss",131,"15.5","Take urgent and significant action to reduce the degradation of natural habitats, halt the loss of biodiversity and, by 2020, protect and prevent the extinction of threatened species",186,"C150401","15.4.1","Coverage by protected areas of important sites for mountain biodiversity",22,"3.1.1","Land, water and forest degradation (Including deforestation) minimized and reversed"
92,1,1900-01-01 00:00:00,2200-01-01 00:00:00,"22_187",15,"Goal 15: Life on Land","Protect, restore and promote sustainable use of terrestrial ecosystems, sustainably manage forests, combat desertification, and halt and reverse land degradation and halt biodiversity loss",131,"15.5","Take urgent and significant action to reduce the degradation of natural habitats, halt the loss of biodiversity and, by 2020, protect and prevent the extinction of threatened species",187,"C150402","15.4.2","Mountain Green Cover Index",22,"3.1.1","Land, water and forest degradation (Including deforestation) minimized and reversed"
93,1,1900-01-01 00:00:00,2200-01-01 00:00:00,"24_191",15,"Goal 15: Life on Land","Protect, restore and promote sustainable use of terrestrial ecosystems, sustainably manage forests, combat desertification, and halt and reverse land degradation and halt biodiversity loss",135,"15.9","By 2020, integrate ecosystem and biodiversity values into national and local planning, development processes, poverty reduction strategies and accounts",191,"C150801","15.8.1","Proportion of countries adopting relevant national legislation and adequately resourcing the prevention or control of invasive alien species",24,"3.1.3","Increased genetic diversity of agricultural and associated landscapes"
94,1,1900-01-01 00:00:00,2200-01-01 00:00:00,"43_215",16,"Goal 16: Peace, Justice and Strong Institutions","Promote peaceful and inclusive societies for sustainable development, provide access to justice for all and build effective, accountable and inclusive institutions at all levels",149,"16.a","Strengthen relevant national institutions, including through international cooperation, for building capacity at all levels, in particular in developing countries, to prevent violence and combat terrorism and crime",215,"C161001","16.10.1","Number of verified cases of killing, kidnapping, enforced disappearance, arbitrary detention and torture of journalists, associated media personnel, trade unionists and human rights advocates in the previous 12 months",43,"D.1.1","Enhanced institutional capacity of partner research organizations"
95,1,1900-01-01 00:00:00,2200-01-01 00:00:00,"43_216",16,"Goal 16: Peace, Justice and Strong Institutions","Promote peaceful and inclusive societies for sustainable development, provide access to justice for all and build effective, accountable and inclusive institutions at all levels",149,"16.a","Strengthen relevant national institutions, including through international cooperation, for building capacity at all levels, in particular in developing countries, to prevent violence and combat terrorism and crime",216,"C161002","16.10.2","Number of countries that adopt and implement constitutional, statutory and/or policy guarantees for public access to information",43,"D.1.1","Enhanced institutional capacity of partner research organizations"
96,1,1900-01-01 00:00:00,2200-01-01 00:00:00,"43_228",17,"Goal 17: Partnerships for the goals","Strengthen the means of implementation and revitalize the Global Partnership for Sustainable Development",158,"17.8","Fully operationalize the technology bank and science, technology and innovation capacity-building mechanism for least developed countries by 2017 and enhance the use of enabling technology, in particular information and communications technology",228,"C170701","17.7.1","Total amount of approved funding for developing countries to promote the development, transfer, dissemination and diffusion of environmentally sound technologies",43,"D.1.1","Enhanced institutional capacity of partner research organizations"
97,1,1900-01-01 00:00:00,2200-01-01 00:00:00,"44_228",17,"Goal 17: Partnerships for the goals","Strengthen the means of implementation and revitalize the Global Partnership for Sustainable Development",158,"17.8","Fully operationalize the technology bank and science, technology and innovation capacity-building mechanism for least developed countries by 2017 and enhance the use of enabling technology, in particular information and communications technology",228,"C170701","17.7.1","Total amount of approved funding for developing countries to promote the development, transfer, dissemination and diffusion of environmentally sound technologies",44,"D.1.2","Enhanced individual capacity in partner research organizations through training and exchange"
98,1,1900-01-01 00:00:00,2200-01-01 00:00:00,"43_229",17,"Goal 17: Partnerships for the goals","Strengthen the means of implementation and revitalize the Global Partnership for Sustainable Development",159,"17.9","Enhance international support for implementing effective and targeted capacity-building in developing countries to support national plans to implement all the Sustainable Development Goals, including through North-South, South-South and triangular cooperation",229,"C170801","17.8.1","Proportion of individuals using the Internet",43,"D.1.1","Enhanced institutional capacity of partner research organizations"
99,1,1900-01-01 00:00:00,2200-01-01 00:00:00,"44_229",17,"Goal 17: Partnerships for the goals","Strengthen the means of implementation and revitalize the Global Partnership for Sustainable Development",159,"17.9","Enhance international support for implementing effective and targeted capacity-building in developing countries to support national plans to implement all the Sustainable Development Goals, including through North-South, South-South and triangular cooperation",229,"C170801","17.8.1","Proportion of individuals using the Internet",44,"D.1.2","Enhanced individual capacity in partner research organizations through training and exchange"
100,1,1900-01-01 00:00:00,2200-01-01 00:00:00,"41_234",17,"Goal 17: Partnerships for the goals","Strengthen the means of implementation and revitalize the Global Partnership for Sustainable Development",164,"17.14","Enhance policy coherence for sustainable development",234,"C171301","17.13.1","Macroeconomic Dashboard",41,"C.1.3","Conducive agricultural policy environment"
101,1,1900-01-01 00:00:00,2200-01-01 00:00:00,"45_236",17,"Goal 17: Partnerships for the goals","Strengthen the means of implementation and revitalize the Global Partnership for Sustainable Development",166,"17.16","Enhance the Global Partnership for Sustainable Development, complemented by multi-stakeholder partnerships that mobilize and share knowledge, expertise, technology and financial resources, to support the achievement of the Sustainable Development Goals in all countries, in particular developing countries",236,"C171501","17.15.1","Extent of use of country-owned results frameworks and planning tools by providers of development cooperation",45,"D.1.3","Increased capacity for innovations in partner research organizations"
102,1,1900-01-01 00:00:00,2200-01-01 00:00:00,"46_236",17,"Goal 17: Partnerships for the goals","Strengthen the means of implementation and revitalize the Global Partnership for Sustainable Development",166,"17.16","Enhance the Global Partnership for Sustainable Development, complemented by multi-stakeholder partnerships that mobilize and share knowledge, expertise, technology and financial resources, to support the achievement of the Sustainable Development Goals in all countries, in particular developing countries",236,"C171501","17.15.1","Extent of use of country-owned results frameworks and planning tools by providers of development cooperation",46,"D.1.4","Increased capacity for innovation in partner development organizations and in poor and vulnerable communities"
103,1,1900-01-01 00:00:00,2200-01-01 00:00:00,"45_237",17,"Goal 17: Partnerships for the goals","Strengthen the means of implementation and revitalize the Global Partnership for Sustainable Development",167,"17.17","Encourage and promote effective public, public-private and civil society partnerships, building on the experience and resourcing strategies of partnerships",237,"C171601","17.16.1","Number of countries reporting progress in multi-stakeholder development effectiveness monitoring frameworks that support the achievement of the sustainable development goals",45,"D.1.3","Increased capacity for innovations in partner research organizations"
104,1,1900-01-01 00:00:00,2200-01-01 00:00:00,"46_237",17,"Goal 17: Partnerships for the goals","Strengthen the means of implementation and revitalize the Global Partnership for Sustainable Development",167,"17.17","Encourage and promote effective public, public-private and civil society partnerships, building on the experience and resourcing strategies of partnerships",237,"C171601","17.16.1","Number of countries reporting progress in multi-stakeholder development effectiveness monitoring frameworks that support the achievement of the sustainable development goals",46,"D.1.4","Increased capacity for innovation in partner development organizations and in poor and vulnerable communities"
105,1,1900-01-01 00:00:00,2200-01-01 00:00:00,"43_238",17,"Goal 17: Partnerships for the goals","Strengthen the means of implementation and revitalize the Global Partnership for Sustainable Development",168,"17.18","By 2020, enhance capacity-building support to developing countries, including for least developed countries and small island developing States, to increase significantly the availability of high-quality, timely and reliable data disaggregated by income, gender, age, race, ethnicity, migratory status, disability, geographic location and other characteristics relevant in national contexts",238,"C171701","17.17.1","Amount of United States dollars committed to public-private and civil society partnerships",43,"D.1.1","Enhanced institutional capacity of partner research organizations"
106,1,1900-01-01 00:00:00,2200-01-01 00:00:00,"44_238",17,"Goal 17: Partnerships for the goals","Strengthen the means of implementation and revitalize the Global Partnership for Sustainable Development",168,"17.18","By 2020, enhance capacity-building support to developing countries, including for least developed countries and small island developing States, to increase significantly the availability of high-quality, timely and reliable data disaggregated by income, gender, age, race, ethnicity, migratory status, disability, geographic location and other characteristics relevant in national contexts",238,"C171701","17.17.1","Amount of United States dollars committed to public-private and civil society partnerships",44,"D.1.2","Enhanced individual capacity in partner research organizations through training and exchange"
