pk_id_stg_maturities,version,date_from,date_to,id,"name","description"
0,1,,,,,
1,1,1900-01-01 00:00:00,2200-01-01 00:00:00,1,"Level 1","(sphere of influence) CGIAR research (and related activities) has contributed to changed discourse and/or behavior among key actors (related to the theory of change).  Examples of evidence:  outcome mapping study, media analysis, e-mail correspondence. "
2,1,1900-01-01 00:00:00,2200-01-01 00:00:00,2,"Level 2","(sphere of influence) CGIAR research (and related activities) has contributed to documented policy and practice change by key actors.  This may include changes such as income, nutrient intake etc. in the sphere of influence (e.g. project level).  Example of evidence: a study of adoption and effects, commissioned at project level. "
3,1,1900-01-01 00:00:00,2200-01-01 00:00:00,3,"Level 3","(sphere of interest) Policy and/or practice changes influenced by CGIAR research (and related activities) has led to impacts at scale or beyond the direct CGIAR sphere of influence.  Example of evidence:  ex-post Impact Assessment"
