pk_id_main_risk,version,date_from,date_to,id,"name","description"
0,1,,,,,
1,1,1900-01-01 00:00:00,2200-01-01 00:00:00,1,"1. Research/science","Inherent risk in unknown cutting edge research or science"
2,1,1900-01-01 00:00:00,2200-01-01 00:00:00,2,"2. Financial","Funding not fully confirmed or at risk of being cut"
3,1,1900-01-01 00:00:00,2200-01-01 00:00:00,3,"3. Partnership  ","Risk that partners won�t be able to deliver a key piece on time"
4,1,1900-01-01 00:00:00,2200-01-01 00:00:00,4,"4. Internal resources ","Risk that key staff, infrastructure or equipment not available at time needed"
5,1,1900-01-01 00:00:00,2200-01-01 00:00:00,5,"5. Weather ","For example,  drought or heavy rain affecting field trials"
6,1,1900-01-01 00:00:00,2200-01-01 00:00:00,6,"6. External environment (political, economic, legal, market) ","E.g. risk of non-delivery due to conflict, economic/market changes  "
7,1,1900-01-01 00:00:00,2200-01-01 00:00:00,7,"7. Other ",
