pk_id_partnership_2018_info,version,date_from,date_to,id,"description","other_partnership_main_area"
0,1,,,,,
1,1,1900-01-01 00:00:00,2200-01-01 00:00:00,1,"Partnership with GREAT (Gender-Responsive Researchers Equipped for Agricultural Transformation) to design, conduct and deliver innovations that integrate gender (https://www.greatagriculture.org/). ",
2,1,1900-01-01 00:00:00,2200-01-01 00:00:00,2,"Collaboration with the Technical Centre for Agricultural and Rural Cooperation (CTA) in implementing the project “Promoting Youth Entrepreneurship and Job Creation in West Africa’s Rice Value Chain”",
3,1,1900-01-01 00:00:00,2200-01-01 00:00:00,3,"Collaboration with University of Illinois, University of Arizona, Colorado State University, University of Connecticut and University of Nicosia for impact assessment of rice technologies in Africa.",
4,1,1900-01-01 00:00:00,2200-01-01 00:00:00,4,"Continued partnership with Philippine government agencies, namely, Philippine Rice Research Institute, Bureau of Plant Industry, Department of Agriculture (DA)-Central and Regional Field Offices through three projects funded by the DA ",
5,1,1900-01-01 00:00:00,2200-01-01 00:00:00,5,"New partnership to support work on crop insurance, development of new algorithm for historical yield data generation and integrating remote sensing based information into Rice Crop Manager",
6,1,1900-01-01 00:00:00,2200-01-01 00:00:00,6,"Partnership with private companies (i.e Advanced Chemical Industries Ltd (ACI), Metal Private Ltd) in Bangladesh to bring sustainability in the seed sector with respect to climate resilient rice",
7,1,1900-01-01 00:00:00,2200-01-01 00:00:00,7,"CIRAD collaborates with research and development organization on the upgrading of rice value chains in West Africa. ",
8,1,1900-01-01 00:00:00,2200-01-01 00:00:00,8,"Direct Seeded Rice Consortium, a multi-stakeholder (public-private) consortium, which aims to develop a comprehensive, science-based, agronomic package adapted for direct seeded rice production in Asia",
9,1,1900-01-01 00:00:00,2200-01-01 00:00:00,9,"A Global Long-Term Experiment Network (GLTEN) for Sustainable Agriculture ",
10,1,1900-01-01 00:00:00,2200-01-01 00:00:00,10,"les Systèmes de Production d'Altitude et Durabilité (SPAD), which aims to develop sustainable farming systems in highlands in Madagascar",
11,1,1900-01-01 00:00:00,2200-01-01 00:00:00,11,"Sequencing heat MAGIC to identity genes conferring heat tolerance, as key trait in rice for adapting to climate change",
12,1,1900-01-01 00:00:00,2200-01-01 00:00:00,12,"AfricaRice partnered with BECA-ILRI hub and Intertek (through high-throughput phenotyping project led by ICRISAT) for high throughput genotyping of rice",
13,1,1900-01-01 00:00:00,2200-01-01 00:00:00,13,"Improvement of crop models and prediction of climate change effects and adaptations on rice production",
14,1,1900-01-01 00:00:00,2200-01-01 00:00:00,14,"CIAT collaborate with EMBRAPA to study the upland environments in Brazil and determine the specificities for breeding (TPE) using modelling approaches (Oryza model)",
15,1,1900-01-01 00:00:00,2200-01-01 00:00:00,15,"CIAT collaborate with Rothamsted , tokyo university and universidad javeriana for the development of software and hardware for data analysis from drones and satellites..",
16,1,1900-01-01 00:00:00,2200-01-01 00:00:00,16,"Analysis of disease resistance, characterization of pathogens and development of diagnosis tools",
17,1,1900-01-01 00:00:00,2200-01-01 00:00:00,17,"CIAT works closely  with partners (FEDEARROZ and FLAR), universities (Universidad Javeriana, University of Tokyo, University of Texas) to develop a low-cost fixed station platform that monitors crop growth, soil status ",
18,1,1900-01-01 00:00:00,2200-01-01 00:00:00,18,"To expand C4 mutant screening capacity, IRRI has initiated collaboration with CAAS, China to formulate a joint laboratory in the Biotechnology Research Institute, Beijing that will become operational in 2018 ",
19,1,1900-01-01 00:00:00,2200-01-01 00:00:00,19,"CIRAD and EMBRAPA work together on dissection of genetic bases of female outcrossing ability and female hybrid seed production ability",
20,1,1900-01-01 00:00:00,2200-01-01 00:00:00,20,"CIRAD-CIAT-FLAR collaborate on inventory of elites lines for major irrigated rice breeding programs in Latin America.",
21,1,1900-01-01 00:00:00,2200-01-01 00:00:00,21,"Forages Network for Colombia to coordinate forage development",
22,1,1900-01-01 00:00:00,2200-01-01 00:00:00,22,"Private forage seed sector agreement for forage hybrid development, testing, commercialization and dissemination",
23,1,1900-01-01 00:00:00,2200-01-01 00:00:00,23,"Partnership with several UK universities in the context of BBSRC funded projects",
24,1,1900-01-01 00:00:00,2200-01-01 00:00:00,24,"Renewal of membership in Colombian Roundtable for Sustainable Cattle",
25,1,1900-01-01 00:00:00,2200-01-01 00:00:00,25,"Adoption of the Agricultural Science and Technology Indicators by national and regional partners in Asia",
26,1,1900-01-01 00:00:00,2200-01-01 00:00:00,27,"Design and implementation of a certificate program for biosafety inspectors in Malawi",
27,1,1900-01-01 00:00:00,2200-01-01 00:00:00,29,"Building a research agenda on cash transfers and intimate partner violence: a new ""research collaborative""",
28,1,1900-01-01 00:00:00,2200-01-01 00:00:00,30,"Design of USAID programs for women's empowerment in Feed the Future countries",
29,1,1900-01-01 00:00:00,2200-01-01 00:00:00,34,"Michigan State University's dual management and research role in PIM Flagship 2","Management"
30,1,1900-01-01 00:00:00,2200-01-01 00:00:00,36,"Using PIM’s research on public expenditures for developing China's Rural Revitalization Strategy",
31,1,1900-01-01 00:00:00,2200-01-01 00:00:00,38,"Designing IFAD's country investment strategies using IFPRI’s economywide investment and value chain analysis methods and the IFPRI/IFAD Rural Investment and Policy Analysis modeling toolkit",
32,1,1900-01-01 00:00:00,2200-01-01 00:00:00,39,"Structural Transformation of African Agriculture and Rural Spaces (STAARS) project ",
33,1,1900-01-01 00:00:00,2200-01-01 00:00:00,40,"Partnership with the International Growth Centre facilitates IFPRI's engagement with the Zambian Revenue Authority to ensure that research findings are policy relevant",
34,1,1900-01-01 00:00:00,2200-01-01 00:00:00,41,"High-impact publications on health implications and environmental impacts of alternative diets",
35,1,1900-01-01 00:00:00,2200-01-01 00:00:00,42,"Development and delivery of materials and training courses on NDCs in target regions and countries in Sub-Saharan Africa.",
36,1,1900-01-01 00:00:00,2200-01-01 00:00:00,45,"Impact evaluation of the ""Takaful and Karama"" cash transfer program",
37,1,1900-01-01 00:00:00,2200-01-01 00:00:00,47,"Impact evaluation of the Improved Maternity and Lactating Mother Allowance and Vulnerable Group Development programs",
38,1,1900-01-01 00:00:00,2200-01-01 00:00:00,50,"Approaches to humanitarian assistance to reduce malnutrition in fragile settings",
39,1,1900-01-01 00:00:00,2200-01-01 00:00:00,51,"Ag-Incentives Consortium: International Organisations Consortium for Measuring the Policy Environment for Agriculture",
40,1,1900-01-01 00:00:00,2200-01-01 00:00:00,54,"Wageningen University and Research's dual management and research role in PIM Flagship 3",
41,1,1900-01-01 00:00:00,2200-01-01 00:00:00,56,"Providing online computable general equilibrium modeling training to African economists",
42,1,1900-01-01 00:00:00,2200-01-01 00:00:00,58,"Applied research on picture-based insurance and advisory services",
43,1,1900-01-01 00:00:00,2200-01-01 00:00:00,62,"Collaboration on improving understanding among countries of Tier 2 MRV practices for livestock; support of capacity building through PhD research.",
44,1,1900-01-01 00:00:00,2200-01-01 00:00:00,63,"In East Africa, development of expanded suite of gridded, online regional historic and forecast climate information products tailored to agricultural needs. Coordination of introduction of new products through Greater Horn of Africa Climate Outlook Forum.",
45,1,1900-01-01 00:00:00,2200-01-01 00:00:00,64,"In West Africa, development of expanded suite of gridded, online regional historic and forecast climate information products tailored to agricultural needs. Coordination of introduction of new products through regional Climate Outlook Forum process.",
46,1,1900-01-01 00:00:00,2200-01-01 00:00:00,65,"Development and support for use of CRAFT tool.",
47,1,1900-01-01 00:00:00,2200-01-01 00:00:00,66,"Development and implementation of tools and products used in the PICSA approach.",
48,1,1900-01-01 00:00:00,2200-01-01 00:00:00,67,"Collaboration on Global Framework for Climate Services, including supporting countries to develop national level plans.",
49,1,1900-01-01 00:00:00,2200-01-01 00:00:00,68,"Scaling up efforts to secure tenure, improve governance, and contribute to ecological restoration of 30 million acres of common land in India",
50,1,1900-01-01 00:00:00,2200-01-01 00:00:00,69," Improved rangeland governance in Ethiopia, Tanzania, and Tunisia",
51,1,1900-01-01 00:00:00,2200-01-01 00:00:00,70,"Capacity building to convene and sustain multistakeholder platforms that accelerate progress in reforming and implementing policies for people-centered land governance",
52,1,1900-01-01 00:00:00,2200-01-01 00:00:00,72,"Understanding community-level tenure factors affecting implementation of forest landscape restoration in Ethiopia and supporting implementation of rights devolution in the 2018 Forest Proclamation",
53,1,1900-01-01 00:00:00,2200-01-01 00:00:00,73,"Improving capacities and tools to address the challenges of formalization and tenure security of native communities in Peru",
54,1,1900-01-01 00:00:00,2200-01-01 00:00:00,75,"A new artistic platform for disseminating poultry genomics research outputs to the general public and donors","Communication"
55,1,1900-01-01 00:00:00,2200-01-01 00:00:00,76,"Policy guidelines for informing livestock breed/population improvement and conservation options in developing countries",
56,1,1900-01-01 00:00:00,2200-01-01 00:00:00,77,"Development of new tools (chicken and cattle DNA SNPs chips)",
57,1,1900-01-01 00:00:00,2200-01-01 00:00:00,78,"Develop livestock master plans, by building more robust and user friendly modelling tools, building capacity and supporting the implementation of these plans",
58,1,1900-01-01 00:00:00,2200-01-01 00:00:00,79,"Collaborating on analysis of Infection and Treatment Method (ITM) impact study to determine herd and farm effects as well as household livelihood impacts of ITM vaccinations ",
59,1,1900-01-01 00:00:00,2200-01-01 00:00:00,80,"AgriFoSe2030- Develop the capacity of recent PhD graduates to undertake policy relevant research and analysis in East Africa",
60,1,1900-01-01 00:00:00,2200-01-01 00:00:00,81,"Complementary expertise - research and development activities in the dairy value chains, with possibility to expand to poultry",
61,1,1900-01-01 00:00:00,2200-01-01 00:00:00,82,"To develop a joint approach (strategy and planning) to commercializing biofortification in different contexts",
62,1,1900-01-01 00:00:00,2200-01-01 00:00:00,83,"Agroknow supported the evolution of GARDIAN by contributing with broadening the discoverability and scope of the system, enabling data integration and interoperability, and enabling a service ecosystem",
63,1,1900-01-01 00:00:00,2200-01-01 00:00:00,84,"Through Transform Nutrition West Africa, improve and support policy and program actions to accelerate reductions in maternal and child undernutrition, achieved through an inclusive process of knowledge generation and mobilization.",
64,1,1900-01-01 00:00:00,2200-01-01 00:00:00,85,"Adapt and validate a measure of women’s empowerment that agricultural projects can use to diagnose areas of women’s (and men’s) disempowerment; design strategies to monitor project outcomes; and build capacity.",
65,1,1900-01-01 00:00:00,2200-01-01 00:00:00,86,"To improve the availability, access, and use of nutrition implementation knowledge in Scaling up Nutrition (SUN) countries ",
66,1,1900-01-01 00:00:00,2200-01-01 00:00:00,87,"To develop national food-based dietary guidelines for Ethiopia",
67,1,1900-01-01 00:00:00,2200-01-01 00:00:00,88,"To co-design and evaluate the implementation of a front-of-packaging labelling of food products to improve nutrition awareness and healthy choices in Vietnam",
68,1,1900-01-01 00:00:00,2200-01-01 00:00:00,89,"To support and promote standardized and harmonized policies and regulations for aflatoxins.",
69,1,1900-01-01 00:00:00,2200-01-01 00:00:00,90,"To develop stakeholder aligned aflatoxin control action plans and mainstream them into National Agriculture and Food Security Investment Plans in countries countries which have already prioritized aflatoxin mitigation strategies. ",
70,1,1900-01-01 00:00:00,2200-01-01 00:00:00,91,"Foster knowledge exchange, innovation and learning around a series of annual events for researchers and users of research working at intersection of agriculture, nutrition and health called ANH Academy",
71,1,1900-01-01 00:00:00,2200-01-01 00:00:00,92,"To develop a One Health Regional Network – individuals and organisations in the Horn of Africa that can undertake high quality research into links between people’s health, wealth, livestock, environment.",
72,1,1900-01-01 00:00:00,2200-01-01 00:00:00,93,"Implementation and assessment of delivery for the supply of biofortified crops (extension services, farmer organization and training) in Bangladesh, Kenya, and Vietnam",
73,1,1900-01-01 00:00:00,2200-01-01 00:00:00,94,"Public private partnerships for the supply and demand of biofortified crops/foods in Bangladesh and India",
74,1,1900-01-01 00:00:00,2200-01-01 00:00:00,95,"Through an MSc grant scheme, engage and build capacity of young researchers and their supervisors from local universities in food system related research",
75,1,1900-01-01 00:00:00,2200-01-01 00:00:00,96,"Contributions to global, regional and national investments in food safety",
76,1,1900-01-01 00:00:00,2200-01-01 00:00:00,97,"To determine resistance of mosquitoes breeding around different crops in West and Central Africa; identify which system has a greater risk of contributing to resistance in mosquitoes that transmit malaria",
77,1,1900-01-01 00:00:00,2200-01-01 00:00:00,98,"Enhancing the agricultural research system in Pakistan",
78,1,1900-01-01 00:00:00,2200-01-01 00:00:00,99,"Evaluation of innovative extension methods in East Africa",
79,1,1900-01-01 00:00:00,2200-01-01 00:00:00,100,"Evaluations of contract farming innovations to increase inclusion of women",
80,1,1900-01-01 00:00:00,2200-01-01 00:00:00,103,"Fostering gender-inclusive business models in small rural enterprises in Honduras through the use of the gender-responsive LINK methodology",
81,1,1900-01-01 00:00:00,2200-01-01 00:00:00,104,"Management of Gender Platform",
82,1,1900-01-01 00:00:00,2200-01-01 00:00:00,105,"Tools to analyze women’s involvement in intrahousehold decisionmaking",
83,1,1900-01-01 00:00:00,2200-01-01 00:00:00,106,"To convene regional information sharing and priority setting in East and West Africa and Latin America",
84,1,1900-01-01 00:00:00,2200-01-01 00:00:00,107,"To share successes in rangeland management",
85,1,1900-01-01 00:00:00,2200-01-01 00:00:00,108,"Impact evaluation of the Strengthen PSNP4 Institutions and Resilience (SPIR) Development Food Security Activity program in Ethiopia",
86,1,1900-01-01 00:00:00,2200-01-01 00:00:00,109,"Impact of conflict and food assistance on food-insecure populations in Mali",
87,1,1900-01-01 00:00:00,2200-01-01 00:00:00,110,"Address issues of animal welfare within the CRP Livestock",
88,1,1900-01-01 00:00:00,2200-01-01 00:00:00,111,"Develop and evaluate light-touch market-based approaches to improving food safety, while safeguarding livelihoods and reducing the burden of food-borne disease in informal, emerging, and niche pork markets in Vietnam",
89,1,1900-01-01 00:00:00,2200-01-01 00:00:00,112,"To produce and multiply certified seed of released varieties of iron beans for delivery to farmers in Rwanda",
90,1,1900-01-01 00:00:00,2200-01-01 00:00:00,114,"To develop a system to classify animal diseases by economic impact that includes production losses, expenditure, wider economic impacts including health health, plus human reaction to disease presence or risk ",
91,1,1900-01-01 00:00:00,2200-01-01 00:00:00,115,"Promote cultivation and consumption of of underutilised nutrient-rich biodiversity by providing evidence, influencing policy, and raising awareness in Brazil, Kenya, Turkey, and Sri Lanka","Raising awar"
92,1,1900-01-01 00:00:00,2200-01-01 00:00:00,116,"Address evidence gaps related to effects of agricultural interventions on maternal and child nutrition, specifically, to assess impact of incorporating a behaviour change communication strategy into an agricultural credit program",
93,1,1900-01-01 00:00:00,2200-01-01 00:00:00,117,"Incorporation of CCAFS climate science into the Rainforest Alliance voluntary certification scheme.",
94,1,1900-01-01 00:00:00,2200-01-01 00:00:00,118,"Formulation, coordination and adoption of the policies, plans, programs and projects for the Agricultural, Fisheries and Rural Development sector, including scaling up of climate actions in agriculture. ",
95,1,1900-01-01 00:00:00,2200-01-01 00:00:00,119,"Secondment of FP1 staff to the World Bank to facilitate linkages between CGIAR research and the Bank's agriculture portfolio.",
96,1,1900-01-01 00:00:00,2200-01-01 00:00:00,120,"Scientific inputs into the CSA program, including metrics for measuring CSA progress, prioritization at the regional level, soil carbon, and global policy engagement.",
97,1,1900-01-01 00:00:00,2200-01-01 00:00:00,121,"Research, capacity development and policy engagement. Included joint engagement in UNFCCC processes, scaling out CSA at the regional and global levels, and addressing emissions from the livestock sector.",
98,1,1900-01-01 00:00:00,2200-01-01 00:00:00,122,"Scientific inputs into the CSA program, including metrics for measuring CSA progress, prioritization at the regional level, soil carbon, and global policy engagement.",
99,1,1900-01-01 00:00:00,2200-01-01 00:00:00,123,"Integrations of CSA approaches and exposure maps into decision-making by Root Capital and the Council on Smallholder Agricultural Finance.",
100,1,1900-01-01 00:00:00,2200-01-01 00:00:00,124,"Learning alliance for adaptation in agriculture, and joint efforts focused on climate-nutrition interface, scaling up private sector investments, gender transformative approaches, and South-South cooperation.",
101,1,1900-01-01 00:00:00,2200-01-01 00:00:00,125,"Work on sustainable intensification of plant production in Sub-Saharan Africa, business models and financial incentives for CSA, biological nitrogen fixation for smallholders, and modelling of CCAFS scenarios.",
102,1,1900-01-01 00:00:00,2200-01-01 00:00:00,126,"Support to KDB and State Department of Livestock in developing a dairy NAMA and for submission to the Green Climate Fund.",
103,1,1900-01-01 00:00:00,2200-01-01 00:00:00,129,"Testing public private partnership business models and facilitating the creation of an enabling environment with a strong focus on institutional adjustments and capacity development in the Ethiopian veterinary sector",
104,1,1900-01-01 00:00:00,2200-01-01 00:00:00,130,"Quality assurance for thermostable PPR vaccines",
105,1,1900-01-01 00:00:00,2200-01-01 00:00:00,131,"Mycoplasma research and genomics",
106,1,1900-01-01 00:00:00,2200-01-01 00:00:00,133,"The team is supporting the COPO tool implementation to streamline metadata entry to GARDIAN and Center repositories. The Tool facilitates the standarization of dataset column headings with ontology/GACS terms ",
107,1,1900-01-01 00:00:00,2200-01-01 00:00:00,134,"Mini-grant recipient that is co-investing in developing the analytic pipelines for linking GARDIAN to modeling tools and the AgMIP data translators.   ",
108,1,1900-01-01 00:00:00,2200-01-01 00:00:00,135,"Contributing to: development of an ontology independent, flexible and extensible metadata schema; testing an MSI supported software platform for secure data management; developing a mash up of the existing ontologies.",
109,1,1900-01-01 00:00:00,2200-01-01 00:00:00,136,"Providing guidance on managing personally identifiable information in geo-spatial data, developing a common analytics environment linked to GARDIAN technical training on the use of R/Python programming for spatial analyses.",
110,1,1900-01-01 00:00:00,2200-01-01 00:00:00,137,"Research collaboration around validation of data services: ""Clean Historical Weather Data” and ""Seasonal Probabilistic Forecast"".",
111,1,1900-01-01 00:00:00,2200-01-01 00:00:00,138,"Rothamsted Research supports reference for calibration of WLE’s dry spectral calibrations and partners on the Africa Soil Information Service project and development of new initiatives to take advances to scale.",
112,1,1900-01-01 00:00:00,2200-01-01 00:00:00,139,"Africa Soil Information Service furthers the development of state-of-the-art national soil information systems based on soil-plant dry spectral analysis and digital soil property mapping.",
113,1,1900-01-01 00:00:00,2200-01-01 00:00:00,140,"International/national/scientific/academic partnership to assess sustainability at household and landscape levels to determine how land-based options contribute to building sustainable landscapes; country-level to determine SDG achievement and the trade-offs/synergies among objectives.  ",
114,1,1900-01-01 00:00:00,2200-01-01 00:00:00,141,"A partnership for developing decision support tools to provide solutions to water management challenges in Honduras",
115,1,1900-01-01 00:00:00,2200-01-01 00:00:00,142,"Promotes dialogue between scientists and policy makers on desertification, land degradation and drought (DLDD)",
116,1,1900-01-01 00:00:00,2200-01-01 00:00:00,143,"Linkages with other CGIAR and external partner joint initiatives, including the Innovation lab for Small-Scale Irrigation which includes Texas A&M Univereseity, International Water Management Institute(IWMI) and International Livestock Research Institute(ILRI).",
117,1,1900-01-01 00:00:00,2200-01-01 00:00:00,144,"Influencing the key messages going to the High-Level Political Forum on the review of the nutrition targets under the SDGs",
118,1,1900-01-01 00:00:00,2200-01-01 00:00:00,145,"A research collaboration between International Food Policy Research Institute (IFPRI) and University of Development Studies, Ghana (UDS) on the impacts of a motor pump experiment",
119,1,1900-01-01 00:00:00,2200-01-01 00:00:00,146,"A tri-lateral research collaboration with International Food Policy Research Institute (IFPRI) on nutrition sensitive irrigation under the Feed the Future Innovation Lab on Small Scale Irrigation (ILSSI)",
120,1,1900-01-01 00:00:00,2200-01-01 00:00:00,147,"Agricultural Transformation Agency (ATA) is implementing solar pumps in 16 districts in Ethiopia. ATA asked IWMI to undertake impact assessment and support in planning given past experience in pilot schemes",
121,1,1900-01-01 00:00:00,2200-01-01 00:00:00,148,"Uptake of WLE research on Resource, Recovery and Reuse (RRR) business models",
122,1,1900-01-01 00:00:00,2200-01-01 00:00:00,149,"Support of United Nations publications",
123,1,1900-01-01 00:00:00,2200-01-01 00:00:00,150,"Public Private Partnerships on Fortifer production","Implementation"
124,1,1900-01-01 00:00:00,2200-01-01 00:00:00,151,"Advisor on food and the circular economy",
125,1,1900-01-01 00:00:00,2200-01-01 00:00:00,152,"WLE continues to liaise with the Food, Energy-Environment and Water Network (FE2W network) which supports co-development and implementation of Nexus tools and approaches",
126,1,1900-01-01 00:00:00,2200-01-01 00:00:00,153,"Integration of innovative nature-based solutions to climate adaptation into city planning",
127,1,1900-01-01 00:00:00,2200-01-01 00:00:00,154,"WLE is part of the Sustainable Water Future Programme(WaterFuture) of Future Earth, a global platform facilitating international scientific collaboration to solutions to water problems, through the International Water Management Institute(IWMI).",
128,1,1900-01-01 00:00:00,2200-01-01 00:00:00,155,"WLE participates in the Ramsar Science and Technical Review Panel(STRP), which provides scientific and technical guidance to the Conference of the Parties, Standing Committe and the Ramsar Secretariat",
129,1,1900-01-01 00:00:00,2200-01-01 00:00:00,156,"University of Bonn is a partner in Flagship 5’s decision analysis work, providing scientific and technical support and student co-supervision.",
130,1,1900-01-01 00:00:00,2200-01-01 00:00:00,157,"Working with World Agroforestry Centre (ICRAF) in Disa Forest, Tigray.",
131,1,1900-01-01 00:00:00,2200-01-01 00:00:00,158,"Discovery and scaling (AOCC)",
132,1,1900-01-01 00:00:00,2200-01-01 00:00:00,159,"Discovery/piloting and scaling (PATSPO)",
133,1,1900-01-01 00:00:00,2200-01-01 00:00:00,160,"Scaling (landscape restoration)",
134,1,1900-01-01 00:00:00,2200-01-01 00:00:00,161,"Piloting and scaling.  Smallholder agroforestry systems for food security and livelihood enhancement; landscape restoration and Farmer Managed Natural Regeneration (FMNR)",
135,1,1900-01-01 00:00:00,2200-01-01 00:00:00,163,"FP4 aims to develop functional relationships linking public, private and local civil society partners to develop multi-functional landscapes at scale.",
136,1,1900-01-01 00:00:00,2200-01-01 00:00:00,164,"Updates on Projects to support GCF Jurisdictional Strategies and Investment Plans. FP5 worked with 28 sub-national jurisdictions across the world, gathered under GCFTF on the issue of assessing land-use sustainability.",
137,1,1900-01-01 00:00:00,2200-01-01 00:00:00,165,"Inclusive business / inclusive finance. Provide access to project evaluation data and mobilize and establish linkages with inclusive businesses",
138,1,1900-01-01 00:00:00,2200-01-01 00:00:00,166,"Mobilize and establish linkages with financial institutions and investors",
139,1,1900-01-01 00:00:00,2200-01-01 00:00:00,167,"Collaboration with FAO's Forest and Farm Facility (FFF). Strengthen the linkages with Forest and Farm Producer organizations with whom FFF is collaborating providing access to their experiences and lessons",
140,1,1900-01-01 00:00:00,2200-01-01 00:00:00,168,"DNA extraction; survey analysis & policy engagement",
141,1,1900-01-01 00:00:00,2200-01-01 00:00:00,169,"Supervising data collection, co-funding, developing the analytical frame",
142,1,1900-01-01 00:00:00,2200-01-01 00:00:00,170,"Sabbatical arrangement",
143,1,1900-01-01 00:00:00,2200-01-01 00:00:00,171,"Biological Nitrification Inhibition (BNI) Consortium Global coordination of and implementation of joint research projects focused on BNI, across crops, cropping systems and scientific disciplines. 3rd symposium held in 2018.",
144,1,1900-01-01 00:00:00,2200-01-01 00:00:00,172,"Methods, tools, data storage genetic discovery, genotypic data linked to new breeding management software",
145,1,1900-01-01 00:00:00,2200-01-01 00:00:00,173,"Agriculture Innovation Project in Pakistan: Deploy seed varieties (multi-crop) and capacity building, improved agronomic practices",
146,1,1900-01-01 00:00:00,2200-01-01 00:00:00,174,"National partners, precision phenotyping platforms",
147,1,1900-01-01 00:00:00,2200-01-01 00:00:00,175,"High-throughput genotyping and phenotyping projects partners",
148,1,1900-01-01 00:00:00,2200-01-01 00:00:00,176,"4th Latin American Cereals Conference (LACC; 20 participants, 46 countries), & 13th International Gluten Workshop",
149,1,1900-01-01 00:00:00,2200-01-01 00:00:00,177,"Catalyze and initiate an innovation platform in Purnea, Madhubani, Rangpur and Rajshahi districts, incorporating farmers, researchers, change agents representing key components of the principal value chains",
150,1,1900-01-01 00:00:00,2200-01-01 00:00:00,178,"Plan, backstop and process documentation around potentials for scaling of Innovation Platforms",
151,1,1900-01-01 00:00:00,2200-01-01 00:00:00,179,"Expert Working Groups participation; identify gaps, priorities for wheat research coordination across borders",
152,1,1900-01-01 00:00:00,2200-01-01 00:00:00,180,"Fall armyworm Consortium; develop and implement a unified plan to fight this plant pest on the ground in Africa and South Asia",
153,1,1900-01-01 00:00:00,2200-01-01 00:00:00,181,"Multi-location precision phenotyping platform network for different traits in S. Asia",
154,1,1900-01-01 00:00:00,2200-01-01 00:00:00,182,"Biological Nitrification Inhibition (BNI) Consortium Global coordination of and implementation of joint research projects focused on BNI, across crops, cropping systems and scientific disciplines. ",
155,1,1900-01-01 00:00:00,2200-01-01 00:00:00,183,"Methods, tools, data storage genetic discovery, genotypic data linked to new breeding management software",
156,1,1900-01-01 00:00:00,2200-01-01 00:00:00,184,"High-throughput genotyping and phenotyping projects partners",
157,1,1900-01-01 00:00:00,2200-01-01 00:00:00,185,"Piloting nutrient management app with farmers",
158,1,1900-01-01 00:00:00,2200-01-01 00:00:00,186,"Consolidation as trategic partner, to_promote a sustainable intensification in Latin America that promotes combining adequate germplasm, productive practices and management & more direct and reliable relationships between producers and agro-industry.",
159,1,1900-01-01 00:00:00,2200-01-01 00:00:00,187,"Ultimate safety duplication of CGIAR germplasm.","Risk management"
160,1,1900-01-01 00:00:00,2200-01-01 00:00:00,188,"Research collaboration, partnership for germplasm distribution, safeguarding of genetic resources, recipient of capacity building and other genebank services","Capacity building and Risk management"
161,1,1900-01-01 00:00:00,2200-01-01 00:00:00,189,"Collaboration in the delivery of the Global Plan of Action","International policy"
162,1,1900-01-01 00:00:00,2200-01-01 00:00:00,190,"Collaboration in safe exchange of germplasm","Phytosanitary and international policy"
163,1,1900-01-01 00:00:00,2200-01-01 00:00:00,191,"Global information system (GLIS) on PGRFA",
164,1,1900-01-01 00:00:00,2200-01-01 00:00:00,192,"International PGRFA policy development and compliance, capacity building for policy implementation at national level","International policy"
165,1,1900-01-01 00:00:00,2200-01-01 00:00:00,193,"International Maize Improvement Consortium – Africa (IMIC-Africa); enhance members’ capacity for germplasm development in their own breeding programs & subsequent multi-location testing of elite pre-commercial maize hybrids throughout sub-Saharan Africa",
166,1,1900-01-01 00:00:00,2200-01-01 00:00:00,194,"Discovery and piloting Developing and promoting market-based agroforestry options and integrated landscape management for smallholder forestry",
167,1,1900-01-01 00:00:00,2200-01-01 00:00:00,195,"To develop an economic trait assessment of two product profiles.",
168,1,1900-01-01 00:00:00,2200-01-01 00:00:00,196,"Research",
169,1,1900-01-01 00:00:00,2200-01-01 00:00:00,197,"Provide colleagues from ICRISAT the opportunity to observe the state of the art breeding operations.",
170,1,1900-01-01 00:00:00,2200-01-01 00:00:00,198,"Development of analytical tools, software, and capacity development.",
171,1,1900-01-01 00:00:00,2200-01-01 00:00:00,199,"Development of phenotyping software.",
172,1,1900-01-01 00:00:00,2200-01-01 00:00:00,200,"Development and curation of RTB crop ontologies, including mapping of crop-specific traits to species-neutral concept, thus enabling search across species, which is needed for comparative genetics.",
173,1,1900-01-01 00:00:00,2200-01-01 00:00:00,201,"Carry out metabolomic assays and analysis of RTB crop samples for diversity analysis, characterization of metabolic pathways related to complex traits, and putative candidate gene discovery.",
174,1,1900-01-01 00:00:00,2200-01-01 00:00:00,202,"A computational infrastructure with analysis pipelines designed for breeders to apply high density genomic information in cultivar development to increase the rate of genetic gain.",
175,1,1900-01-01 00:00:00,2200-01-01 00:00:00,203,"Field testing of bioengineered RTB crops",
176,1,1900-01-01 00:00:00,2200-01-01 00:00:00,204,"Targeted collecting mission for diversity of wild Musa balbisiana",
177,1,1900-01-01 00:00:00,2200-01-01 00:00:00,205,"Operationalization of seed quality assurance mechanisms, such as quality declared seed, on RTB crops in SSA",
178,1,1900-01-01 00:00:00,2200-01-01 00:00:00,206,"Provision of germplasm, clean planting materials, information and advice",
179,1,1900-01-01 00:00:00,2200-01-01 00:00:00,207,"Household aspirations",
180,1,1900-01-01 00:00:00,2200-01-01 00:00:00,208,"Synthesis of impact studies and scaling approaches in GLDC projects","Scaling up strategies"
181,1,1900-01-01 00:00:00,2200-01-01 00:00:00,209,"Cowpea adoption and impact assessment",
182,1,1900-01-01 00:00:00,2200-01-01 00:00:00,210,"Gender and youth",
183,1,1900-01-01 00:00:00,2200-01-01 00:00:00,211,"Contextualizing research, capacity building, linking with farmer communities","Innovation Platform"
184,1,1900-01-01 00:00:00,2200-01-01 00:00:00,212,"Systems modelling and capacity building through workshops",
185,1,1900-01-01 00:00:00,2200-01-01 00:00:00,213,"Collaborative work on SI framework and sustainability assessment",
186,1,1900-01-01 00:00:00,2200-01-01 00:00:00,214,"Testing soybean varieties to identify high-yielding drought and disease-tolerant varieties adapted to various agroecologies across several African countries, including Mozambique",
187,1,1900-01-01 00:00:00,2200-01-01 00:00:00,215,"Partnership to improve farmers’ knowledge and skills in improved crop production practices in Malawi",
188,1,1900-01-01 00:00:00,2200-01-01 00:00:00,216,"Partnerships on research and graduate student training at the Institute for Rural Development at Université Nazi Boni (UNB)",
189,1,1900-01-01 00:00:00,2200-01-01 00:00:00,217,"Research conducted in partnership",
190,1,1900-01-01 00:00:00,2200-01-01 00:00:00,218,"Donors for heat tolerance and research article on basic knowledge about heat tolerance in lentil",
191,1,1900-01-01 00:00:00,2200-01-01 00:00:00,219,"Improving nitrogen and phosphate use efficiency of lentil in rice fallows",
192,1,1900-01-01 00:00:00,2200-01-01 00:00:00,220,"To scale out Triadic Comparisons of Technologies (TRICOT)",
193,1,1900-01-01 00:00:00,2200-01-01 00:00:00,221,"To develop tools that will influence behavior change",
194,1,1900-01-01 00:00:00,2200-01-01 00:00:00,222,"Collect and analyze household data",
195,1,1900-01-01 00:00:00,2200-01-01 00:00:00,223,,
196,1,1900-01-01 00:00:00,2200-01-01 00:00:00,224,"Partnership on research around access to cutting-edge technologies, knowledge from industry for translating to crop improvement efforts in sorghum and pearl millet, the major food-security crops in Asia and Africa",
197,1,1900-01-01 00:00:00,2200-01-01 00:00:00,225,"Pearl millet heat screening trials conducted in collaboration with the private sector",
198,1,1900-01-01 00:00:00,2200-01-01 00:00:00,226,"Partnerships established by FoodSTART+ with national agencies implementing IFAD investment projects in India, Indonesia, Philippines and Vietnam for enhancing scaling of innovations and contribution to development outcomes",
199,1,1900-01-01 00:00:00,2200-01-01 00:00:00,227,"Training of interns, BSc MSc-students and PhD candidates on innovation, ICT4Ag and scaling related topics",
200,1,1900-01-01 00:00:00,2200-01-01 00:00:00,228,"Training of development partners on ICT4Ag concepts and tools",
201,1,1900-01-01 00:00:00,2200-01-01 00:00:00,230,"Testing of banana hybrids and landraces for consumer acceptance and the first improved hybrids selected for on-farm testing",
202,1,1900-01-01 00:00:00,2200-01-01 00:00:00,231,"Provide technical backstopping, innovations, and capacity building along the entire potato value chain to increase its productivity, competitiveness, and improve the livelihoods of small and marginal farmers.",
203,1,1900-01-01 00:00:00,2200-01-01 00:00:00,232,"Increased agricultural system productivity, food security, and healthier diets in Bangladesh’s delta region through access and adoption of resilient salt-tolerant potato and better agronomic practices.",
204,1,1900-01-01 00:00:00,2200-01-01 00:00:00,233,"Improving rural livelihoods of small-scale farmers by increasing incomes and food security as an end result of the joint CIP-HZPC breeding efforts",
205,1,1900-01-01 00:00:00,2200-01-01 00:00:00,234,"Strengthening molecular tools and molecular breeding for sweetpotato",
206,1,1900-01-01 00:00:00,2200-01-01 00:00:00,235,"Multi-stage selection and allocation of breeding resources",
207,1,1900-01-01 00:00:00,2200-01-01 00:00:00,236,"Back stopping and feedback for CIP population hybrid breeding program",
208,1,1900-01-01 00:00:00,2200-01-01 00:00:00,237,"Strengthening mixed model analysis for sweetpotato breeding",
209,1,1900-01-01 00:00:00,2200-01-01 00:00:00,238,"Establish robust genetic and genomic resources for yams by developing genome-enabled platforms.",
210,1,1900-01-01 00:00:00,2200-01-01 00:00:00,239,"Provide training on Fusarium disease field identification, sample taking and lab-based diagnostics.",
211,1,1900-01-01 00:00:00,2200-01-01 00:00:00,240,"Development of a diagnostic tool based on polymerase chain reaction (PCR) for rapid, robust and specific detection and identification Xanthomonas vasicola pv. musacearum",
212,1,1900-01-01 00:00:00,2200-01-01 00:00:00,241,"Modelling Banana Bunchy Top Virus (BBTV) spread for predicting rate and scale of spread in Africa",
213,1,1900-01-01 00:00:00,2200-01-01 00:00:00,242,"Development of a bioinformatics online tool for the quick detection of pathogen sequences from metagenomics datasets",
214,1,1900-01-01 00:00:00,2200-01-01 00:00:00,244,"Implement a study on bioavailability of iron in biofortified potatoes",
215,1,1900-01-01 00:00:00,2200-01-01 00:00:00,245,"Assess the effect of supplementation of sweetpotato vines silage on dairy cattle and explore its potential use as an alternate supplement feed to other dairy farmers in central-Uganda and beyond",
216,1,1900-01-01 00:00:00,2200-01-01 00:00:00,246,"In coordination with local governments, Synergos and IITA have reinforced the capacities of cassava processors in three Nigerian states.",
217,1,1900-01-01 00:00:00,2200-01-01 00:00:00,247,"Trials conducted to test the inclusion of high-quality cassava peels into chicken feed. Results showed that cassava peels may replace up to 25% of maize in the formulation.",
218,1,1900-01-01 00:00:00,2200-01-01 00:00:00,248,"Assist commercial bakery outlets in Kenya to introduce orange-fleshed sweetpotato purée in their products. Naivas Supermarket started commercializing these new products in January 2018.",
219,1,1900-01-01 00:00:00,2200-01-01 00:00:00,249,"Support transfer of technologies for producing shelf-stable preservative-free orange-fleshed sweetpotato puree in Sub-Saharan Africa.",
220,1,1900-01-01 00:00:00,2200-01-01 00:00:00,251,"A research partnership for tilapia genetics and the application of genomic selection tools is enabling the selection of tilapia based on genetic markers, expanding GIFT research beyond a faster growth-oriented focus to introduce selection for new characteristics, such as disease resistance, resilience and feed efficiency, unique and new characteristics for tilapia globally.",
221,1,1900-01-01 00:00:00,2200-01-01 00:00:00,252,"A partnership for fish disease diagnostics, surveillance and control is developing epidemiology and health economic analytic tools and pond/host patho-microbiome research for early warning of fish disease. Special attention is being given to responding to TiLV transmission aspects and development of non-invasive sampling methods.",
222,1,1900-01-01 00:00:00,2200-01-01 00:00:00,253,"The growing partnership for assessing/managing antimicrobial resistance in aquaculture is drawing together key globally leading research institutions in cooperation with the CGIAR Antimicrobial Resistance Hub.",
223,1,1900-01-01 00:00:00,2200-01-01 00:00:00,254,"A partnership for aquaculture genetics policies in Southern and Eastern Africa, which has endorsed the FISH research program on genetics of three regional species, namely: O. mossambicus in Mozambique and South Africa; O. shiranus in Malawi and O. andersonii in Zambia and launched work on a regional strategy for access and benefit sharing for SADC",
224,1,1900-01-01 00:00:00,2200-01-01 00:00:00,255,"member states to share the improved genetic materials from the three regional species.",
225,1,1900-01-01 00:00:00,2200-01-01 00:00:00,256,"A diverse set of partners from regional to national level under the partnership between WorldFish and the African Union Inter-African Bureau for Animal Resources within the EU-funded FishTrade for a Better Future project, contributed multiple outcomes related to facilitation of fish trade within key African trade corridors.",
226,1,1900-01-01 00:00:00,2200-01-01 00:00:00,257,"A partnership for Illuminating Hidden Harvests; the contribution of small-scale fisheries to sustainable development. Focusing on social, environmental, economic and governance contributions of small-scale fisheries at global and local scales; key drivers of change; and threats/opportunities. The partnership developed methodologies and some key formative publications in 2018, aiming for key influencing policy moments in 2020.",
227,1,1900-01-01 00:00:00,2200-01-01 00:00:00,258,"The most significant gender partnership is our engagement with KIT, including in 2018 the integration of the FISH gender strategy across the portfolio of gender-related projects. Importantly, the partnership includes building capacity with key partners to ensure FISH is able to deliver a gender-integrated approach.",
228,1,1900-01-01 00:00:00,2200-01-01 00:00:00,259,"The collaboration with these two research institutions aims to strengthen the quality of research and work on impact and outcome assessment in the field of aquaculture and small scale-fisheries. This will help to evaluate FISH specific innovations, interventions, investments and policies, and their related linkages to both the FISH CRP targets and the Sustainable Development Goals (SDGs).","Impact assessment"
229,1,1900-01-01 00:00:00,2200-01-01 00:00:00,260,"Development of a bioinformatics online tool for the quick detection of pathogen sequences from metagenomics datasets",
230,1,1900-01-01 00:00:00,2200-01-01 00:00:00,261,"Modelling Banana Bunchy Top Virus (BBTV) spread for predicting rate and scale of spread in Africa",
231,1,1900-01-01 00:00:00,2200-01-01 00:00:00,262,"Gender CCT_ Production of joint knowledge products, hosting joint workshops and participating in key forums to inform gender integration and enhance uptake of FTA research under UNFCCC and CBD.",
232,1,1900-01-01 00:00:00,2200-01-01 00:00:00,263,"Gender CCT_ Produce knowledge products to enhance the quality of FTA gender research, with emphasis on conceptual and methodological development on emerging topics (intersectionality, youth).",
233,1,1900-01-01 00:00:00,2200-01-01 00:00:00,264,"New agreement on forage breeding and germplasm evaluation for Colombia (Forage Network)",
234,1,1900-01-01 00:00:00,2200-01-01 00:00:00,265,"New bilateral project on forage germplasm evaluation for Colombia",
235,1,1900-01-01 00:00:00,2200-01-01 00:00:00,266,"Forage hybrid dissemination in the global tropics and subtropics - intensification of the collaboration with the private seed sector",
236,1,1900-01-01 00:00:00,2200-01-01 00:00:00,267,"Forage seed system development for East Africa",
237,1,1900-01-01 00:00:00,2200-01-01 00:00:00,268,"Forage piloting and scaling in Eastern Africa",
238,1,1900-01-01 00:00:00,2200-01-01 00:00:00,269,"Engagement on silvopastoral trial and project formulation (CATIE), long-term grazing trial (INTA) and analysis/publication of grass data (UCR)",
239,1,1900-01-01 00:00:00,2200-01-01 00:00:00,270,"Collaboration to implement interventions to improve women’s and men’s access to livestock-related extension information and adoption of these innovations",
240,1,1900-01-01 00:00:00,2200-01-01 00:00:00,271,"Wider outscaling of proven technologies through involving grassroot organizations",
241,1,1900-01-01 00:00:00,2200-01-01 00:00:00,272,"Development of sheep ration balancing tool",
242,1,1900-01-01 00:00:00,2200-01-01 00:00:00,273,"Evaluation of locally available sodium bentonite clay as an aflatoxin binder to reduce aflatoxin in dairy feed",
243,1,1900-01-01 00:00:00,2200-01-01 00:00:00,274,"Importation and distribution of new Kuroiler chicken lines",
244,1,1900-01-01 00:00:00,2200-01-01 00:00:00,275,"Developing guidelines for feed and forage certification standards",
245,1,1900-01-01 00:00:00,2200-01-01 00:00:00,276,"Identification of drought and heat stress tolerant forage cultivars",
246,1,1900-01-01 00:00:00,2200-01-01 00:00:00,277,"Molecular genetic mechanisms of drought tolerance traits in alfalfa",
247,1,1900-01-01 00:00:00,2200-01-01 00:00:00,278,"Contribute to development and dissemination of new rice varieties; local capacity development in Madagascar",
248,1,1900-01-01 00:00:00,2200-01-01 00:00:00,279,"The Project aims to establish a stable production system of “Frijol” by small-hold farmers in KoLFACI member countries through capacity building. ",
249,1,1900-01-01 00:00:00,2200-01-01 00:00:00,280,"Increasing the capability to develop regional strategies against pest and diseases where we are working in 7 countries through Pathotracer.",
250,1,1900-01-01 00:00:00,2200-01-01 00:00:00,281,"Collaboration on drone-based phenotyping in Senegal with CIRAAD and CERAAS.",
251,1,1900-01-01 00:00:00,2200-01-01 00:00:00,282,"To map urban food systems, policy options for improved nutrition, and the stakeholders associated with the policies shaping/influencing urban food systems ",
252,1,1900-01-01 00:00:00,2200-01-01 00:00:00,283,"To collect baseline data on dietary intake, seasonal fruit and vegetable availability, and retail outlet characterization including fruit and vegetable food flows in Nigeria and Vietnam",
253,1,1900-01-01 00:00:00,2200-01-01 00:00:00,285,"To study the nutritional value, recipes and value addition potential of selected wild foods ([w/Georg-August-Universitat Gottingen] in cooperation with local communities [w/University of Bonn] in Turkana (Kenya) ",
254,1,1900-01-01 00:00:00,2200-01-01 00:00:00,286,"To conduct a microsimulation aimed at vulnerable households; implementation of distributional effects in the microsimulation with food accessibility plus dietary adequacy proxied by nutrient composition of household food availability",
255,1,1900-01-01 00:00:00,2200-01-01 00:00:00,287,"To collaborate on a multidisciplinary framework for identifying and analyzing innovations in food systems and identify potential innovations and future research, which resulted in a published IFPRI discussion paper ",
256,1,1900-01-01 00:00:00,2200-01-01 00:00:00,288,"The African Development Bank mandated AfricaRice to lead the development of the ‘Continental Investment Plan for accelerating Rice Self-Sufficiency in Africa’ (CIPRiSSA) to support African countries to attain rice self-sufficiency. ",
257,1,1900-01-01 00:00:00,2200-01-01 00:00:00,289,"The partnership with University of Arizona on impact assessment has been very beneficial. With this partnership RICE effectively responded to calls launched by the CGIAR standing panel on impact assessment",
258,1,1900-01-01 00:00:00,2200-01-01 00:00:00,290,"A new partnership with international organizations and universities to investigate the role of policy support in curbing GHG emissions and to develop outlooks of the rice economy ",
259,1,1900-01-01 00:00:00,2200-01-01 00:00:00,291,"A new partnership is established with the Islamic Development Bank to implement the Regional Rice Value Chain Program (RRVCP) in 10 African countries",
260,1,1900-01-01 00:00:00,2200-01-01 00:00:00,292,"In partnership with Virginia Tech, CIAT conducted the impact assessment of CURE project in Vietnam and Nepal (Paik et al., 2020)",
261,1,1900-01-01 00:00:00,2200-01-01 00:00:00,293,"AGRITECHNICA ASIA Live in Myanmar is an effective model for public-private partnerships. This event was organized by IRRI, the Myanmar Rice Federation, the German Agriculture Society, Myanmar Agricultural Mechanization Department",
262,1,1900-01-01 00:00:00,2200-01-01 00:00:00,294,"Partnership with GrainPro Inc on the introduction of hermitic storage systems in Africa.",
263,1,1900-01-01 00:00:00,2200-01-01 00:00:00,295,"Upgrading rice value chains in Côte d’Ivoire ",
264,1,1900-01-01 00:00:00,2200-01-01 00:00:00,296,"Consumer study in Senegal and the development of new products from rice in Benin ",
265,1,1900-01-01 00:00:00,2200-01-01 00:00:00,297,"Multi-disciplinary exploratory missions in Casamance and Groundnut Basin (Senegal) ",
266,1,1900-01-01 00:00:00,2200-01-01 00:00:00,298,"Introduce/pilot pop rice and rice cracker technology in Africa; spillover of pop-rice technology to Africa and the design of pilot-scale pop-rice production equipment coupled with the rice husk furnace",
267,1,1900-01-01 00:00:00,2200-01-01 00:00:00,299,"To support research on antimicrobial resistance (AMR) in Uganda",
268,1,1900-01-01 00:00:00,2200-01-01 00:00:00,300,"To provide training on mosquito sampling and characterization in Uganda",
269,1,1900-01-01 00:00:00,2200-01-01 00:00:00,301,"To conduct research on zoonotic diseases under the OneHealth Regional Network for the Horn of Africa (HORN) ",
270,1,1900-01-01 00:00:00,2200-01-01 00:00:00,302,"To design and conduct activities under the new CGIAR Antimicrobial Resistance (AMR) Hub",
271,1,1900-01-01 00:00:00,2200-01-01 00:00:00,305,"Partnership with the Latin American Fund for Irrigated Rice - a public-private partnership of over 30 organizations in 17 Latin-American countries, providing advice on improved crop management and technology adoption",
272,1,1900-01-01 00:00:00,2200-01-01 00:00:00,306,"In Cambodia, CIRAD established partnership with service providers for specific machinery (Larano, a local manufacturer and importer) in sustainable cropping systems, and with companies for production of cover crop seeds",
273,1,1900-01-01 00:00:00,2200-01-01 00:00:00,307,"The Direct Seeded Rice Consortium  is a public-private multi-stakeholder research for development platform on direct-seeded rice, with 26 members, out of which 8 are from private sectors, three are international ",
274,1,1900-01-01 00:00:00,2200-01-01 00:00:00,353,"Partnership with Corteva enabled genomic selection and increased selection accuracy. Corteva hosted a visit to their MCRC facility in Hyderabad to explain their blast and Brown-plant hopper screening facilities, protocols. ",
275,1,1900-01-01 00:00:00,2200-01-01 00:00:00,355,"To develop a 'technical item, which informed the eventual adoption of a resolution on how external factors (e.g. climate change, conflicts, socio-economics,) will impact veterinary services and the adaptations required",
276,1,1900-01-01 00:00:00,2200-01-01 00:00:00,356,"To conduct a situational assessment of food safety in Bangladesh",
277,1,1900-01-01 00:00:00,2200-01-01 00:00:00,357,"To develop the first Africa Food Safety Index; the subsequent project that was launched in 2019 will institutionalize food safety tracking and capacity building through the Malabo Biennial Review",
278,1,1900-01-01 00:00:00,2200-01-01 00:00:00,358,"To develop the first assessment of the Global Burden of Animal Diseases and build a community of practice for animal health economics",
279,1,1900-01-01 00:00:00,2200-01-01 00:00:00,359,"To collaborate on new food safety projects in Burkina Faso, Ethiopia, and Kenya ",
280,1,1900-01-01 00:00:00,2200-01-01 00:00:00,364,"Mid-density shared genotyping service",
281,1,1900-01-01 00:00:00,2200-01-01 00:00:00,365,"To increase demand for nutrition policy-relevant data and evidence and capacity to use them as part of Partnerships and Opportunities to Strengthen and Harmonize Actions for Nutrition in India initiative",
282,1,1900-01-01 00:00:00,2200-01-01 00:00:00,366,"To support data analytics and strengthen nutrition-relevant data value chains globally, as part of the DataDENT (Data for Decisions to Expand Nutrition Transformation) initiative ",
283,1,1900-01-01 00:00:00,2200-01-01 00:00:00,367,"To analyze data on the project-level Women’s Empowerment in Agriculture Index (pro-WEAI) and develop a tool to monitor Sustainable Development Goal 5 on gender equality at national and program levels.",
284,1,1900-01-01 00:00:00,2200-01-01 00:00:00,368," To deliver leadership courses for nutrition professionals in West Africa",
285,1,1900-01-01 00:00:00,2200-01-01 00:00:00,370,"To assess the roles and impacts of World Food Programme’s Food Assistance for Assets Program in Sri Lanka",
286,1,1900-01-01 00:00:00,2200-01-01 00:00:00,371,"To learn from tools and methods for estimating impact of fortification at scale and to work on adaptation of these tools to biofortification.","Advocacy and Monitoring, Evaluation, Learning, and Impact Assessment (MELIA)"
287,1,1900-01-01 00:00:00,2200-01-01 00:00:00,372,"To conduct the study on iron beans effectiveness in Guatemala",
288,1,1900-01-01 00:00:00,2200-01-01 00:00:00,373,"Implementing interventions to transform and strengthen the veterinary service delivery in Ethiopia by facilitating the establishment of novel service delivery models built on public-private partnerships",
289,1,1900-01-01 00:00:00,2200-01-01 00:00:00,374,"Testing stationary and mobile One Health units to improve veterinary and public health services, combined with interventions to improve rangeland management, in pastoralist systems in the Horn of Africa",
290,1,1900-01-01 00:00:00,2200-01-01 00:00:00,375,"Harmonizing approaches to understand epidemiology and impact of Peste des Petits Ruminants at regional level, jointly developing study protocol, implementing activities, and developing better PPR control strategies",
291,1,1900-01-01 00:00:00,2200-01-01 00:00:00,376,"Harmonizing approaches to understand epidemiology and impact of Peste des Petits Ruminants at regional level, jointly developing study protocol, implementing activities, and developing better PPR control strategies",
292,1,1900-01-01 00:00:00,2200-01-01 00:00:00,377,"Harmonizing approaches to understand epidemiology and impact of Peste des Petits Ruminants at regional level, jointly developing study protocol, implementing activities, and developing better PPR control strategies",
293,1,1900-01-01 00:00:00,2200-01-01 00:00:00,378,"Creation of multi-stakeholder platforms to enhance vaccine delivery and delivery of information to livestock keepers",
294,1,1900-01-01 00:00:00,2200-01-01 00:00:00,379,"Characterization of circulating Peste des Petits Ruminants viruses",
295,1,1900-01-01 00:00:00,2200-01-01 00:00:00,380,"Partnership with AbacusBio to pilot a full-scale economic assessment of Sweetpotato & Cassava traits in Uganda and Nigeria, to evidence economic importance of traits to the pilot breeding programs.",
296,1,1900-01-01 00:00:00,2200-01-01 00:00:00,381,"Partnership with Syngenta Foundation for Sustainable Agriculture (SFSA, Demand Led Breeding) to develop a common harmonized too for product profile development, and later a common stage and gate system",
297,1,1900-01-01 00:00:00,2200-01-01 00:00:00,382,"Corteva provides support for improving the strategy by sharing knowledge on how they have done similar projects and provide technical and feet on the ground when required.",
298,1,1900-01-01 00:00:00,2200-01-01 00:00:00,383,"Bayer provides support for improving the strategy by sharing knowledge on how they have done similar projects and provide technical and feet on the ground when required.",
299,1,1900-01-01 00:00:00,2200-01-01 00:00:00,384,"KWS provides support for improving the strategy by sharing knowledge on how they have done similar projects and provide technical and feet on the ground when required.",
300,1,1900-01-01 00:00:00,2200-01-01 00:00:00,385,"Roslin is our main ally to deliver the breeding scheme optimization. They will provide FTEs to run  the simulations and communicate with the breeding programs.",
301,1,1900-01-01 00:00:00,2200-01-01 00:00:00,386,"Collaborating on development of new tools for national livestock sector analysis ",
302,1,1900-01-01 00:00:00,2200-01-01 00:00:00,387,"Collaboration for engagement and capacity building for livestock master plans",
303,1,1900-01-01 00:00:00,2200-01-01 00:00:00,388,"Joint work and coordination at regional level of the livestock systems innovation lab",
304,1,1900-01-01 00:00:00,2200-01-01 00:00:00,389,"Global Geo-informatic Options by Context (GeOC) solutions for sustainable land management",
305,1,1900-01-01 00:00:00,2200-01-01 00:00:00,390,"Solidaridad Nicaragua is supporting the strengthening of the livestock platform in the South Caribbean Coast Autonomous Region (RACCS) to address issues of sustainability and policy related to livestock production",
306,1,1900-01-01 00:00:00,2200-01-01 00:00:00,391,"Collaboration on crop modeling for foresight/targeting and gender/social inclusiveness.",
307,1,1900-01-01 00:00:00,2200-01-01 00:00:00,392,"Testing stationary and mobile One Health units to improve veterinary and public health services, combined with interventions to improve rangeland management, in pastoralist systems in the Horn of Africa",
308,1,1900-01-01 00:00:00,2200-01-01 00:00:00,393,"Harmonizing approaches to understand epidemiology and impact of Peste des Petits Ruminants at regional level, jointly developing study protocol, implementing activities, and developing better PPR control strategies",
309,1,1900-01-01 00:00:00,2200-01-01 00:00:00,395,"To test the effectiveness and scalability of digital tools in demand creation activities and for linking farmers to input and output markets.",
310,1,1900-01-01 00:00:00,2200-01-01 00:00:00,396,"To implement effectiveness studies/address questions along the impact pathway to scale in Flagship 2.",
311,1,1900-01-01 00:00:00,2200-01-01 00:00:00,397,"Collaboration on youth in Africa and rethinking adoption",
312,1,1900-01-01 00:00:00,2200-01-01 00:00:00,398,"Collaboration on crop modeling for foresight/targeting and gender/social inclusiveness.",
313,1,1900-01-01 00:00:00,2200-01-01 00:00:00,399,"Collaboration on rethinking adoption",
314,1,1900-01-01 00:00:00,2200-01-01 00:00:00,401,"Develop the GARDIAN data ecosystem, enabling data discovery from CGIAR and R&D partners, need-driven services, and a prototype analytics environment and model pipelines, all backstopped by secure data sharing.",
315,1,1900-01-01 00:00:00,2200-01-01 00:00:00,402,"Develop analytic use cases to demonstrate seamless integration of GARDIAN data with agricultural R&D tools. Extend AgMIP translation tools to harmonize data discovered via GARDIAN for input to models.",
316,1,1900-01-01 00:00:00,2200-01-01 00:00:00,403,"Develop R-based spatial data analysis environment to enable seamless analysis of data discovered via GARDIAN and promote its use through training workshops.",
317,1,1900-01-01 00:00:00,2200-01-01 00:00:00,404,"Support Agronomy Ontology refinement and mapping to field book; develop RDF converter for AgroFIMS; develop VIVO Expert Finder ontology and portal for CGIAR.",
318,1,1900-01-01 00:00:00,2200-01-01 00:00:00,405,"Implementation of the COPO data annotation tool to streamline metadata entry and ontology annotation of data variables prior to upload of data assets to GARDIAN or other repositories.",
319,1,1900-01-01 00:00:00,2200-01-01 00:00:00,406,"Supporting the Southern African Development Community (SADC) secretariat and Member States to develop plausible future-orientated climate-resilient development pathways for the agricultural sector, that contribute to increased regional integration",
320,1,1900-01-01 00:00:00,2200-01-01 00:00:00,407,"Secondment of a staff member to the World Bank to facilitate linkages between CGIAR research and the Bank's agriculture portfolio",
321,1,1900-01-01 00:00:00,2200-01-01 00:00:00,408,"External partner for Inspire Challenge winner: An Integrated Data Pipeline for Small Fisheries",
322,1,1900-01-01 00:00:00,2200-01-01 00:00:00,409,"External partner for Inspire Challenge winner: CubicA - Agriculture Advisory App",
323,1,1900-01-01 00:00:00,2200-01-01 00:00:00,410,"External partner for Inspire Challenge winner: Smart Seed Selection",
324,1,1900-01-01 00:00:00,2200-01-01 00:00:00,411,"External partner for Inspire Challenge winner: Revealing Informal Food Flows through Free Wifi",
325,1,1900-01-01 00:00:00,2200-01-01 00:00:00,412,"Co-development of events centered on the role of AI in agricultural development and collaborative research on emerging topics.",
326,1,1900-01-01 00:00:00,2200-01-01 00:00:00,413,"Collaborative research on emerging priority topics in digital agriculture and AI",
327,1,1900-01-01 00:00:00,2200-01-01 00:00:00,414,"External partner for Inspire Challenge winner: Use CML to Estimate Rainfalls for Agriculture",
328,1,1900-01-01 00:00:00,2200-01-01 00:00:00,416,"Co-funding of a Computer Science Phd focused on digitally enabled decision support system for farmers. ",
329,1,1900-01-01 00:00:00,2200-01-01 00:00:00,417,"Collaboration on Global Commission for Adaptation, Investment Blueprint for Digital Advisory Services, Roadmap for how to scale climate informed digital advisory services ",
330,1,1900-01-01 00:00:00,2200-01-01 00:00:00,418,"IRI, Columbia University is the host of FP4, but there is also substantial collaboration though the ACToday project and the Rwanda climate services project.",
331,1,1900-01-01 00:00:00,2200-01-01 00:00:00,419,"Collaboration on development and use of CRAFT tool",
332,1,1900-01-01 00:00:00,2200-01-01 00:00:00,420,"Collaboration on Global Commission for Adaptation activities",
333,1,1900-01-01 00:00:00,2200-01-01 00:00:00,421,"Climate Bonds Initiative requested technical leadership to draft criteria for climate change mitigation and adaptation for investments",
334,1,1900-01-01 00:00:00,2200-01-01 00:00:00,422,"World Bank's Transformative Carbon Asset Facility requested CCAFS to produce a blueprint for climate change adaptation and mitigation in agriculture",
335,1,1900-01-01 00:00:00,2200-01-01 00:00:00,423,"Global Research Alliance and CCAFS collaborated on administration of the CLIFF-GRADS program; GRA hired an administrator and increased funding of the program",
336,1,1900-01-01 00:00:00,2200-01-01 00:00:00,424,"In 2019, Mexican seed companies affiliated to the MasAgro Maize project had an impact of 1,107,537 hectares in the Mexican market, of which 56% was planted with CIMMYT germplasm.",
337,1,1900-01-01 00:00:00,2200-01-01 00:00:00,425,"Through a series of regional workshops, partners improved their capacity to implement modern breeding approaches, and take better advantage of CIMMYT maize products by aligning product profiles across institutions. ",
338,1,1900-01-01 00:00:00,2200-01-01 00:00:00,426,"Through a humanitarian license issued by Corteva, the SPTA project is introgressing into CIMMYT lines proprietary traits that will reduce the cost of seed production. ",
339,1,1900-01-01 00:00:00,2200-01-01 00:00:00,427,"CRP MAIZE breeding programs rely on extensive networks of public- and private-sector partners across the globe to implement multi-location testing of germplasm. ",
340,1,1900-01-01 00:00:00,2200-01-01 00:00:00,428,"Supporting a research project on identifying the most-appropriate pig genetics for Uganda smallholder famers, including on breeding program design and pig bioinformatics",
341,1,1900-01-01 00:00:00,2200-01-01 00:00:00,429,"Supporting an assessment of potential genetic interventions for large ruminants and pigs in ethnic minority communities in Vietnam",
342,1,1900-01-01 00:00:00,2200-01-01 00:00:00,430,"Partners of the Centre for Tropical Livestock Genetics and Health, undertaking livestock genomics research",
343,1,1900-01-01 00:00:00,2200-01-01 00:00:00,433,"CCoordinating the baseline study, on-station and on-farm testing of African Chicken Genetic Gains program strains within the country, help in organizing the innovation platforms",
344,1,1900-01-01 00:00:00,2200-01-01 00:00:00,437,"Providing a fully functional molecular laboratory for basic bench work, sample storage, whole genome sequencing preparation; supporting minimal bioinformatics platform; capacity building through hosting visiting scientists and students in China.",
345,1,1900-01-01 00:00:00,2200-01-01 00:00:00,438,"Collaborating on the African Dairy Genetics Gain Program work",
346,1,1900-01-01 00:00:00,2200-01-01 00:00:00,440,"Software development and biometrics",
347,1,1900-01-01 00:00:00,2200-01-01 00:00:00,441,"Field implementation of community-based breeding programs including establishment and operationalization of reproductive platforms",
348,1,1900-01-01 00:00:00,2200-01-01 00:00:00,442,"Design of breeding programs, development of database and capdev of national partners",
349,1,1900-01-01 00:00:00,2200-01-01 00:00:00,443,"Development of data capture and management system (AniCloud/ AniCapture",
350,1,1900-01-01 00:00:00,2200-01-01 00:00:00,444,"Field implementation of research activity related to introgression of prolificacy gene",
351,1,1900-01-01 00:00:00,2200-01-01 00:00:00,445,"Nutrient management and breeding of nutrient efficient varieties.",
352,1,1900-01-01 00:00:00,2200-01-01 00:00:00,446,"JIRCAS blast research network with NARES partners to develop breeding lines with blast resistance genes",
353,1,1900-01-01 00:00:00,2200-01-01 00:00:00,447,"Field implementation of research activity related to resistance of sheep to parasites",
354,1,1900-01-01 00:00:00,2200-01-01 00:00:00,448,"WBCSD is supporting CSA target settings at global corporate level to influence more than 200 private agri-business companies towards strengthening value chains commitments for climate action and food system transformation",
355,1,1900-01-01 00:00:00,2200-01-01 00:00:00,449,"Support and collaboration for climate risk profiling and development of four CSA Investment Plans working closely with national government partners for Mali and Cote d'Ivoire, Burkina Faso and Ghana",
356,1,1900-01-01 00:00:00,2200-01-01 00:00:00,450,"CCAFS and WFP developed the scientific bases of the climate conflict nexus for WFP as well as the CGIAR",
357,1,1900-01-01 00:00:00,2200-01-01 00:00:00,451,"Investigating regional responses to climate change in Southern Africa","Outreach"
358,1,1900-01-01 00:00:00,2200-01-01 00:00:00,452,"Expanding on past research on the effects of climate change on the nutrient content of crops by projecting these effects into the future at global and regional scale",
359,1,1900-01-01 00:00:00,2200-01-01 00:00:00,453,"Evaluation of ICT-based extension methods in Ethiopia and Uganda",
360,1,1900-01-01 00:00:00,2200-01-01 00:00:00,454,"Building the capacity of seed sector stakeholders, revising outdated regulations and improving smallholders’ access to improved varieties and quality seed in Ethiopia, Ghana, Kenya, Nepal, Nigeria, Vietnam, and Uganda",
361,1,1900-01-01 00:00:00,2200-01-01 00:00:00,455,"General release of a genetically engineered pod borer resistant cowpea in Nigeria",
362,1,1900-01-01 00:00:00,2200-01-01 00:00:00,456,"Developing and applying the Agriculture Investment Data Analyzer tool in Arab-speaking countries",
363,1,1900-01-01 00:00:00,2200-01-01 00:00:00,457,"Structural Transformation of African Agriculture and Rural Spaces (STAARS) Fellowship Program",
364,1,1900-01-01 00:00:00,2200-01-01 00:00:00,458,"Book Youth and Jobs in Rural Africa","Outreach"
365,1,1900-01-01 00:00:00,2200-01-01 00:00:00,459,"Research and policy engagement on land dynamics in East and Southern Africa",
366,1,1900-01-01 00:00:00,2200-01-01 00:00:00,460,"Understanding decentralization processes and progress in Zambia",
367,1,1900-01-01 00:00:00,2200-01-01 00:00:00,461,"Ag-Incentives Consortium: International Organisations Consortium for Measuring the Policy Environment for Agriculture",
368,1,1900-01-01 00:00:00,2200-01-01 00:00:00,462,"Fostering gender-inclusive business models in small rural enterprises in Honduras through the use of the gender-responsive LINK methodology",
369,1,1900-01-01 00:00:00,2200-01-01 00:00:00,463,"Testing value chain innovations related to quality certification and standards",
370,1,1900-01-01 00:00:00,2200-01-01 00:00:00,464,"Measurement and reduction of postharvest losses","Outreach"
371,1,1900-01-01 00:00:00,2200-01-01 00:00:00,465,"Applied research on picture-based insurance and advisory services",
372,1,1900-01-01 00:00:00,2200-01-01 00:00:00,466,"Effects of cash transfers in Yemen",
373,1,1900-01-01 00:00:00,2200-01-01 00:00:00,467,"Impact evaluation of the Strengthen PSNP4 Institutions and Resilience (SPIR) Development Food Security Activity program in Ethiopia",
374,1,1900-01-01 00:00:00,2200-01-01 00:00:00,468,"Impact evaluation of the Takaful and Karama cash transfer program",
375,1,1900-01-01 00:00:00,2200-01-01 00:00:00,469,"Impact evaluation of conflict and food assistance on food-insecure populations in Mali",
376,1,1900-01-01 00:00:00,2200-01-01 00:00:00,470,"Impact evaluation of the Improved Maternity and Lactating Mother Allowance and Vulnerable Group Development programs",
377,1,1900-01-01 00:00:00,2200-01-01 00:00:00,471,"Capacity building to convene and sustain multistakeholder platforms to accelerate progress in reforming and implementing policies for people-centered land governance",
378,1,1900-01-01 00:00:00,2200-01-01 00:00:00,472,"Scaling up efforts to secure tenure, improve governance and contribute to ecological restoration of 30 million acres of common land in India",
379,1,1900-01-01 00:00:00,2200-01-01 00:00:00,473,"Improved rangeland governance in Ethiopia, Tanzania and Tunisia",
380,1,1900-01-01 00:00:00,2200-01-01 00:00:00,474,"Improving capacities and tools to address the challenges of formalization and tenure security of native communities in Peru","Outreach"
381,1,1900-01-01 00:00:00,2200-01-01 00:00:00,475,"Assessment of the community forest concessions in the Maya Biosphere Reserve, Guatemala","Outreach"
382,1,1900-01-01 00:00:00,2200-01-01 00:00:00,476,"Management and coordination of the Gender Platform","Outreach"
383,1,1900-01-01 00:00:00,2200-01-01 00:00:00,477,"Tools to analyze women’s involvement in intrahousehold decision making",
384,1,1900-01-01 00:00:00,2200-01-01 00:00:00,478,"Building a research agenda on cash transfers and intimate partner violence","Outreach"
385,1,1900-01-01 00:00:00,2200-01-01 00:00:00,479,"Piloting the Women’s Empowerment in Agriculture Index for Value Chains in Bangladesh, Benin, Malawi and The Philippines ",
386,1,1900-01-01 00:00:00,2200-01-01 00:00:00,480,"Women’s empowerment and nutrition in Papua New Guinea",
387,1,1900-01-01 00:00:00,2200-01-01 00:00:00,481,"Discovery and scaling within the framework of the African Orphan Crops Consortium (AOCC) •	Yam genomics  • Shea genomics: . • African eggplant project: ",
388,1,1900-01-01 00:00:00,2200-01-01 00:00:00,482,"Discovery/piloting and scaling within the framework of Provision of Adequate Tree Seed Portfolios (PATSPO) in support of landscape restoration in Ethiopia",
389,1,1900-01-01 00:00:00,2200-01-01 00:00:00,483,"A global team including WHEAT scientists compared the costs and benefits of 10 distinct land preparation and sowing practices for northern India’s rice-wheat cropping rotations",
390,1,1900-01-01 00:00:00,2200-01-01 00:00:00,484,"CIMMYT Henan Innovation Centre",
391,1,1900-01-01 00:00:00,2200-01-01 00:00:00,485,"International Conference on Wheat Diversity and Human Health",
392,1,1900-01-01 00:00:00,2200-01-01 00:00:00,486,"G20 WHEAT Initiative- WHEAT scientists participated in most of the 11 Expert Working Groups of the G20 Wheat Initiative, the only crop-focused initiative to  coordinate and prioritize international research ",
393,1,1900-01-01 00:00:00,2200-01-01 00:00:00,487,"Precision Phenotyping Platforms- WHEAT and co-investing national partners managed seven platforms, with China joining in 2019. ",
394,1,1900-01-01 00:00:00,2200-01-01 00:00:00,488,"Scaling of climate appropriate portfolios of germplasm for landscape restoration based on climate analyses in Sri Lanka, Rwanda, and West Africa  ",
395,1,1900-01-01 00:00:00,2200-01-01 00:00:00,489,"Scaling of climate appropriate portfolios of Shea Nut (Vitellaria paradoxa) in  Burkina Faso",
396,1,1900-01-01 00:00:00,2200-01-01 00:00:00,491,"Piloting and Scaling Within the framework of Food Trees Project: Delivery of improved planting material (on-station, on-farm trials",
397,1,1900-01-01 00:00:00,2200-01-01 00:00:00,492,"Discovery within the framework of the Food Trees Project: Food science, novel food product development",
398,1,1900-01-01 00:00:00,2200-01-01 00:00:00,493,"Piloting within the framework of Food Trees Project: Food Tree Portfolios establishment ",
399,1,1900-01-01 00:00:00,2200-01-01 00:00:00,494,"Piloting within the framework of Food Trees Project: interventions related to portfolios, planting material, data activities and capacities",
400,1,1900-01-01 00:00:00,2200-01-01 00:00:00,495,"Piloting and Scaling within the framework of Food Trees Project",
401,1,1900-01-01 00:00:00,2200-01-01 00:00:00,496,"Developing multi-functional landscapes at scale. The  aim is to develop functional relationships linking Public, Private and Local civil society partners to develop multi-functional landscapes at scale.",
402,1,1900-01-01 00:00:00,2200-01-01 00:00:00,497,"FTA research findings are employed in Son La province in designing Vietnam’s Payment for Environmental Services (PES) system. CIFOR’s PES work was awarded with a prize by MARD Vietnam",
403,1,1900-01-01 00:00:00,2200-01-01 00:00:00,498,"Honduras terra-I",
404,1,1900-01-01 00:00:00,2200-01-01 00:00:00,499,"The Clinton Development Initiative works in the region to improve economic opportunity for farmers through better access to markets, technology, and inputs like seeds and fertilizer.",
405,1,1900-01-01 00:00:00,2200-01-01 00:00:00,500,"SIMLESA program chosen as regional flagship project to showcase during ASARECA Ministers of Agriculture summit",
406,1,1900-01-01 00:00:00,2200-01-01 00:00:00,501,"Secondment on a part-time Visiting Fellowship to IDRC to facilitate linkages between CGIAR gender research and IDRC’s agriculture and climate change portfolios.",
407,1,1900-01-01 00:00:00,2200-01-01 00:00:00,502,"Support the African Group of Negotiators Expert Support (AGNES) on gender and agriculture positions and submissions, particularly in relation to Koronivia Joing Work Programme and the Gender Action Plan (GAP)",
408,1,1900-01-01 00:00:00,2200-01-01 00:00:00,503,"Ultimate safety duplication of CGIAR germplasm","Risk management"
409,1,1900-01-01 00:00:00,2200-01-01 00:00:00,504,"Collaboration in the delivery of the Global Plan of Action",
410,1,1900-01-01 00:00:00,2200-01-01 00:00:00,505,"Collaboration in safe exchange of germplasm","Phytosanitary"
411,1,1900-01-01 00:00:00,2200-01-01 00:00:00,506,"Global information system (GLIS) on plant genetic resources for food and agriculture",
412,1,1900-01-01 00:00:00,2200-01-01 00:00:00,507,"International policy development and compliance for plant genetic resources for food and agriculture, capacity building for policy implementation at national level",
413,1,1900-01-01 00:00:00,2200-01-01 00:00:00,508,"International policy development and compliance for plant genetic resources for food and agriculture, capacity building for policy implementation at national level",
414,1,1900-01-01 00:00:00,2200-01-01 00:00:00,509,"Public and private commitments to zero deforestation: focus on sustainability certification systems",
415,1,1900-01-01 00:00:00,2200-01-01 00:00:00,510,"Public and private commitments to zero deforestation: focus on sustainability research of tree commodities",
416,1,1900-01-01 00:00:00,2200-01-01 00:00:00,511,"Plantations and tree crop commodities: Focus on sustainability and growth of timber plantations",
417,1,1900-01-01 00:00:00,2200-01-01 00:00:00,513,"The Economics of Ecosystem Restoration (TEER): Database of costs and benefits of restoration ",
418,1,1900-01-01 00:00:00,2200-01-01 00:00:00,514,"The partnership aims at sharing FTA knowledge across a wide community of practice working on gender and landscape restoration","Outreach, engagement"
419,1,1900-01-01 00:00:00,2200-01-01 00:00:00,515,"The aim of our partnership with UN Women is to provide evidence-based recommendations into gender-related policy processes coordinated by UN Women, particularly in the context of the Rio Conventions. ",
420,1,1900-01-01 00:00:00,2200-01-01 00:00:00,516,"The aim of our partnership with the UNFCCC is to ensure Parties are informed by FTA research on gender and climate change","Outreach and engagement"
421,1,1900-01-01 00:00:00,2200-01-01 00:00:00,517,"The aim of the partnership with Fairtrade is to review Fairtrade’s Gender Strategy 2016-2020 and analyze the transformative potential of for member organizations across three Producer Networks: FTA, CLAC, NAPP.","outreach and engagement"
422,1,1900-01-01 00:00:00,2200-01-01 00:00:00,518,"The aim of our partnership with Resource Equity is to expand the analysis of research findings from the Global Comparative Study and produce data sets","Outreach and engagement"
423,1,1900-01-01 00:00:00,2200-01-01 00:00:00,522,"Plantations and tree crop commodities: focus on sustainability and growth of rubber plantations",
424,1,1900-01-01 00:00:00,2200-01-01 00:00:00,523," Plantations and tree crop commodities; focus on improving smallholder supply chains in rubber plantations",
425,1,1900-01-01 00:00:00,2200-01-01 00:00:00,524," Innovating finance for sustainable landscapes: impacts of financial flows on their landscapes",
426,1,1900-01-01 00:00:00,2200-01-01 00:00:00,525,"WLE is working with the Nile Basin Initiative to implement irrigation benchmarking in Nile Basin countries",
427,1,1900-01-01 00:00:00,2200-01-01 00:00:00,526,"Partnership for the implementation of a nature for development project in Central Rift Valley",
428,1,1900-01-01 00:00:00,2200-01-01 00:00:00,527,"Task Force on Solar Powered Water Systems",
429,1,1900-01-01 00:00:00,2200-01-01 00:00:00,528,"Under the Catholic Relief Services (CRS) and Buffet Foundation’s Agricultural Landscape Restoration Initiative program, WLE/CIAT is implementing water-smart agriculture programming at landscape scale in El Salvador. ",
430,1,1900-01-01 00:00:00,2200-01-01 00:00:00,529,"CIAT-led “Business models to address deforestation in Amazonian landscapes in Peru” is developing bankable projects in cacao and oil palm value chains that contribute to land restoration and forest conservation. ",
431,1,1900-01-01 00:00:00,2200-01-01 00:00:00,530,"A flagship restoration project in Makueni County (Kenya) that focused on developing a viable business model to restore productive lands in this district ",
432,1,1900-01-01 00:00:00,2200-01-01 00:00:00,531,"Policy recommendation on soil carbon management and monitoring accepted by 197 country parties (16/COP14)",
433,1,1900-01-01 00:00:00,2200-01-01 00:00:00,532,"Soil spectroscopy working group of the Global Soil Laboratory Network of the Global Soil Partnership (hosted by FAO)",
434,1,1900-01-01 00:00:00,2200-01-01 00:00:00,533,"New Ethiopian Ministry of Agriculture Data Sharing Policy Supported by WLE/CIAT and GIZ will enhance Agricultural Transformation",
435,1,1900-01-01 00:00:00,2200-01-01 00:00:00,534,"Scaling partnerships for small scale irrigation technologies, especially solar irrigation for smallholders in Africa. (This partnership involves national distributors in Ghana and Ethiopia, in addition to those listed).",
436,1,1900-01-01 00:00:00,2200-01-01 00:00:00,535,"Collaboration to develop the baseline survey of the solar pump piloting project",
437,1,1900-01-01 00:00:00,2200-01-01 00:00:00,536,"Scale out a successful watershed management model out to over 35,000 ha in Central India. (This partnership includes seven local NGOs, in addition to the partners listed.)",
438,1,1900-01-01 00:00:00,2200-01-01 00:00:00,537,"Agricultural innovation Platforms and water smart management tools in two Zimbabwe communal irrigation schemes, improved water, land productivity and household incomes. The model is being extended to 30 more schemes",
439,1,1900-01-01 00:00:00,2200-01-01 00:00:00,538,"WLE/RUL is a recognized member of the BMGF supported Advisory consortium for Fecal Sludge Management in South Asia (TA-HUB SOUTH ASIA)",
440,1,1900-01-01 00:00:00,2200-01-01 00:00:00,539,"WLE/CIAT facilitated development and approval of the first Municipal food security policy for Cali, supporting an integrated action plan. With the Academic platform on food and nutritional safety (12 institutions).",
441,1,1900-01-01 00:00:00,2200-01-01 00:00:00,540,"To support the revision of two normative FAO guidelines on water quality and agriculture",
442,1,1900-01-01 00:00:00,2200-01-01 00:00:00,541,"CGIAR joins forces with international humanitarian, nonprofit organizations in piloting and scaling-up socially inclusive and gender-responsive RRR interventions in refugees and host communities for soil rehabilitation and energy recovery.",
443,1,1900-01-01 00:00:00,2200-01-01 00:00:00,542,"Research, innovations uptake in City Region Food Systems, urban agriculture and resilience, ensuring gender incorporated in Milan Urban Food Policy Pact indicators (with MUFPP secretariat, Urban Governance for Nutrition Programme)",
444,1,1900-01-01 00:00:00,2200-01-01 00:00:00,543,"Work with the Veolia Institute Foresight Committee, to influence private sector perceptions and knowledge on urban farming and climate change.",
445,1,1900-01-01 00:00:00,2200-01-01 00:00:00,544,"RUL invited into WHO-FAO expert groups to develop guidelines, policy advice on food- and vector borne diseases in Asia and Africa (WHO-FAO meetings on foodborne Antimicrobial Resistance, water safety)",
446,1,1900-01-01 00:00:00,2200-01-01 00:00:00,552,"WLE/IWMI provides strategic inputs to the Helvetas-led Gulf of Mottama project (Myanmar), to ensure the root causes of exclusion, vulnerability of marginalized women and men are better understood and addressed.  ",
447,1,1900-01-01 00:00:00,2200-01-01 00:00:00,553,"Participation in the Water-Energy-Food Nexus Network Africa (https://wefnexus.org/)",
448,1,1900-01-01 00:00:00,2200-01-01 00:00:00,554,"Scaling out ground and surface water governance in India using experiential games as a tool (Note: Andhra Pradesh Drought Mitigation Program  represented in partner list by Government of Andhra Pradesh)","Scaling"
449,1,1900-01-01 00:00:00,2200-01-01 00:00:00,556,"Promotion of knowledge products for contribution to Sri Lankan – Climate and Food Security Monitoring Bulletin https://hdl.handle.net/10568/103228",
450,1,1900-01-01 00:00:00,2200-01-01 00:00:00,557," Research on the use of groundwater for agriculture, influenced water policies and implementation programs in Lao PDR. ",
451,1,1900-01-01 00:00:00,2200-01-01 00:00:00,558,"Based on trials conducted by WLE, managed aquifer recharge adopted by the Government of Vietnam as a new tool to enhance climate resilience",
452,1,1900-01-01 00:00:00,2200-01-01 00:00:00,559,"Use of ESA tools for integrated landscape management and enhanced capacity building of key partner institutions",
453,1,1900-01-01 00:00:00,2200-01-01 00:00:00,560,"Use and expansion of ESA frameworks and tools for food - health – environment integration, with EAT-Lancet Commission",
454,1,1900-01-01 00:00:00,2200-01-01 00:00:00,561,"Use and expansion of ESA frameworks and tools for biodiversity – food – agriculture integration, with IPBES",
455,1,1900-01-01 00:00:00,2200-01-01 00:00:00,562,"Use and expansion of ESA frameworks and tools for land use management and enhanced capacity building of key partner institutions, with  partners of the Food and Land Use Coalition (FOLU)",
456,1,1900-01-01 00:00:00,2200-01-01 00:00:00,563,"Use and expansion of ESA framework and tools for integrated landscape management with the Indian Council for Agricultural Research (ICAR)",
457,1,1900-01-01 00:00:00,2200-01-01 00:00:00,564,"Use and expansion of ESA tools for anticipating and understanding trade-offs and enhanced capacity building of key partner institutions, with WUR",
458,1,1900-01-01 00:00:00,2200-01-01 00:00:00,565,"Flagship 5 developed and made available a cross-CGIAR knowledge-brokering framework for facilitating integrated landscape management, published in a joint, cross-center paper: https://www.frontiersin.org/articles/10.3389/fsufs.2020013/full",
459,1,1900-01-01 00:00:00,2200-01-01 00:00:00,566,"Field testing of bioengineered RTB crops and working with the late blight resistant potato and the bacterial wilt banana at several locations (Kenya and Uganda).",
460,1,1900-01-01 00:00:00,2200-01-01 00:00:00,567,"Carry out a global ecogeographic study and gap analysis of Musa landraces and crop wild relatives’ diversity.",
461,1,1900-01-01 00:00:00,2200-01-01 00:00:00,568,"Multi-party agreement aiming at characterizing a cassava biodiversity hotspot in Peru. This partnership may serve as a model for working on genetic resources with other indigenous groups.",
462,1,1900-01-01 00:00:00,2200-01-01 00:00:00,569,"Scaling up a payment for agrobiodiversity conservation mechanism in Peru. Main activities are: training for stakeholders at local, regional, national level; implementation of funding mechanism; dissemination of lessons learned.",
463,1,1900-01-01 00:00:00,2200-01-01 00:00:00,570,"Metabolomic research contributed in building a solid information base for all RTB crops. This is complementing genomics, transcriptomics and proteomics databases and is being translated in markers for breeding programs.",
464,1,1900-01-01 00:00:00,2200-01-01 00:00:00,571,"Characterization of yam varieties for industrial application. In particular, screening of genotypes (mostly D. cayanensis) for high diosgenin content.",
465,1,1900-01-01 00:00:00,2200-01-01 00:00:00,572,"Establishment of functional, scalable and sustainable basic and commercial yam seed systems in Nigeria.",
466,1,1900-01-01 00:00:00,2200-01-01 00:00:00,573,"The aim is to increase agricultural system productivity, food security, and healthier diets in Bangladesh’s delta region through access and adoption of resilient salt-tolerant potato and better agronomic practices.",
467,1,1900-01-01 00:00:00,2200-01-01 00:00:00,574,"Irish Potato Coalition: an alliance of public and private partners to holistically support potato value chains from the lab to the consumer, across seven countries in Eastern and Southern Africa.",
468,1,1900-01-01 00:00:00,2200-01-01 00:00:00,575,"Provide technical backstopping, innovations, and capacity building along the entire potato value chain in India to increase productivity, competitiveness, and improve the livelihoods of small and marginal farmers.",
469,1,1900-01-01 00:00:00,2200-01-01 00:00:00,576,"Development and adaptation of molecular tools to strengthen sweetpotato breeding programs and make them more efficient and effective.",
470,1,1900-01-01 00:00:00,2200-01-01 00:00:00,577,"Development and adaptation of molecular tools to strengthen sweetpotato breeding programs and make them more efficient and effective.",
471,1,1900-01-01 00:00:00,2200-01-01 00:00:00,578,"High throughput phenotyping of the transpiration dynamics response of banana genotypes towards light, vapor pressure deficit (VPD) and soil moisture content.",
472,1,1900-01-01 00:00:00,2200-01-01 00:00:00,579,"Enhance the implementation of surveillance strategies for the spread of Fusarium wilt of banana in Mozambique and Tanzania by using new information and communication technologies.",
473,1,1900-01-01 00:00:00,2200-01-01 00:00:00,580,"Implementation of thermal chamber for rapid propagation of banana disease-free planting material in Colombia.",
474,1,1900-01-01 00:00:00,2200-01-01 00:00:00,581,"Development of surveillance strategies for banana bunchy top virus based on better understating of disease epidemiology, improved modelling and sampling techniques. Development of low-cost biosensor-based detection system.",
475,1,1900-01-01 00:00:00,2200-01-01 00:00:00,582,"Enhancing farmer capacity to manage banana bacterial wilt by knowledge sharing and decision support tolls based on smart phones applications.",
476,1,1900-01-01 00:00:00,2200-01-01 00:00:00,583,"Diagnostics of cassava processing in Western Africa (Benin, Cameroon) to better understand the effects of processing on the quality of traditional cassava products (lafun, fufu)",
477,1,1900-01-01 00:00:00,2200-01-01 00:00:00,584,"Assist orange fleshed sweetpotato (OFSP) stakeholders in improving post-harvest management practices (including the use of aseptic shelf-stable preservative-free OFSP puree) and in diversifying food products (e.g. baked products).",
478,1,1900-01-01 00:00:00,2200-01-01 00:00:00,585,"National institute with vast expertise in post-harvest, food processing and value addition, including of RTB crops. Collaboration focus on assessing urban consumer preferences in Vietnam",
479,1,1900-01-01 00:00:00,2200-01-01 00:00:00,586,"Conduct research on livelihoods and future aspirations of rural youth in Nigeria.",
480,1,1900-01-01 00:00:00,2200-01-01 00:00:00,587,"DNA fingerprinting was used for adoption and impact study of cassava varieties in Vietnam. Results helped in identifying resistant varieties and in designing a management strategy for cassava mosaic disease.",
481,1,1900-01-01 00:00:00,2200-01-01 00:00:00,588,"Partnerships with national agencies implementing IFAD investment projects in India and Philippines for enhancing scaling of innovations and contribution to development outcomes.",
482,1,1900-01-01 00:00:00,2200-01-01 00:00:00,589,"Capacity development efforts to promote the use of information and communication technologies in agricultural projects. This included training of interns and post-graduate students as well as staff of development partners.",
483,1,1900-01-01 00:00:00,2200-01-01 00:00:00,590,"Bridge Collaborative, with key outreach events focused on cross-sectoral impacts, such as the Bigger Change Faster Policy Seminar (https://www.ifpri.org/event/bigger-change-faster-integrated-development-health-and-environment-actions-sustainable-future)",
484,1,1900-01-01 00:00:00,2200-01-01 00:00:00,591,"Research on genomics and genetics of advanced disease resistance and resilience traits in tilapias",
485,1,1900-01-01 00:00:00,2200-01-01 00:00:00,592,"Research and delivery of epidemiological, diagnostic and management tools for reducing disease risks in tilapia and carp aquaculture.",
486,1,1900-01-01 00:00:00,2200-01-01 00:00:00,593,"Research for reduction in use of antimicrobial (AMR) agents and application of “One Health” approaches in aquaculture",
487,1,1900-01-01 00:00:00,2200-01-01 00:00:00,594,"Research partnerships for on-farm trials and scaling of the nutritious pond concept",
488,1,1900-01-01 00:00:00,2200-01-01 00:00:00,595,"Research for the implementation of a baseline study on tilapia farm performance in Egypt ",
489,1,1900-01-01 00:00:00,2200-01-01 00:00:00,596,"Research environmental implications of different aquaculture systems in various contexts",
490,1,1900-01-01 00:00:00,2200-01-01 00:00:00,597,"Research around impacts of FISH CRP innovations and policies, including the development and testing of a methodology to assess related projected benefits.",
491,1,1900-01-01 00:00:00,2200-01-01 00:00:00,605,"Collaborative planning and work on special issue publication on farmer’s aspirations",
492,1,1900-01-01 00:00:00,2200-01-01 00:00:00,606,"Collaborative planning, project design and data collection work on youth transitions and opportunity structures with sociology departments of these universities, aligned to ongoing initiatives by partners in participating countries.",
493,1,1900-01-01 00:00:00,2200-01-01 00:00:00,607,"Adoption and impacts of improved cowpea varieties in Nigeria benefiting from technical inputs from breeders & agronomists involved in the development and dissemination of improved varieties & agronomic practices.",
494,1,1900-01-01 00:00:00,2200-01-01 00:00:00,608,"The partnership contributes to the CRP-GLDC’s insights on how to work with community to generate a brand identity for quality seeds of improved varieties (Crosscutting: G&Y)",
495,1,1900-01-01 00:00:00,2200-01-01 00:00:00,609,"Develop research approaches on the control of pest and diseases.",
496,1,1900-01-01 00:00:00,2200-01-01 00:00:00,610,"Collaborative work on the framework for sustainable intensification and sustainability assessment",
497,1,1900-01-01 00:00:00,2200-01-01 00:00:00,611,"Systems modelling and capacity building through workshops",
498,1,1900-01-01 00:00:00,2200-01-01 00:00:00,612,"Joint work to contextualize research, capacitate stakeholders and partner with farmer communities",
499,1,1900-01-01 00:00:00,2200-01-01 00:00:00,613,"CRP-GLDC resources and network leveraged W3Bil projects",
500,1,1900-01-01 00:00:00,2200-01-01 00:00:00,614,"The partnership contributes to the CRP-GLDC’s insights on how to work with community to generate a brand identity for quality seeds of improved varieties (Crosscutting: G&Y)",
501,1,1900-01-01 00:00:00,2200-01-01 00:00:00,615,"The Hybrid Parents Research Consortium meeting for sorghum, pearl millet and pigeonpea, with SA meeting successfully attended by 35 private sector organizations, and replicated in ESA for enhanced engagement with",
502,1,1900-01-01 00:00:00,2200-01-01 00:00:00,616,"Partnership with private service providers e.g., for SNP genotyping and developing drone-based imaging indices for GLDC crops",
503,1,1900-01-01 00:00:00,2200-01-01 00:00:00,617,"The partnership contributes to the CRP-GLDC’s insights on how to work with community to generate a brand identity for quality seeds of improved varieties (Crosscutting: G&Y)",
504,1,1900-01-01 00:00:00,2200-01-01 00:00:00,618,"Access to cutting edge technologies, knowledge from industry for translating to crop improvement efforts e.g., developing rapid generation turnover methodologies in sorghum and pearl millet; training of students and researchers",
505,1,1900-01-01 00:00:00,2200-01-01 00:00:00,619,"Heat screening trials conducted in collaboration with the private sector",
506,1,1900-01-01 00:00:00,2200-01-01 00:00:00,620,"Drought screening trials conducted in collaboration with public sector partner",
507,1,1900-01-01 00:00:00,2200-01-01 00:00:00,621,"Further strengthening of existing collaborative work with advanced research institutes (ARIs)",
508,1,1900-01-01 00:00:00,2200-01-01 00:00:00,622,"The partnership contributes to the CRP-GLDC’s insights on how to work with community to generate a brand identity for quality seeds of improved varieties (Crosscutting: G&Y)",
509,1,1900-01-01 00:00:00,2200-01-01 00:00:00,623,"Negotiations with KoLFACI, have taken place and took shape in form of that they came on board as donor for 2020.",
510,1,1900-01-01 00:00:00,2200-01-01 00:00:00,624,"Development of a transformative partnership platform on agroecological transitions to build climate resilient agriculture ",
511,1,1900-01-01 00:00:00,2200-01-01 00:00:00,639,"Research and scaling towards more resilient and equitable small-scale, coastal fisheries and communities (gender equity, fisheries performance, climate resilience/adaptive capacity), with focus in Bangladesh, Solomon Islands and Timor Leste",
512,1,1900-01-01 00:00:00,2200-01-01 00:00:00,640,"Research on innovations for water management and governance to support increased fish production in constructed water bodies in multi-functional rice-dominated landscapes",
513,1,1900-01-01 00:00:00,2200-01-01 00:00:00,641,"Increasing the connections between research and key FAO policy instruments, including representation of FISH research in the FAO International Conference on Fisheries Sustainability, November 2019 and the “Hidden Harvest” research",
514,1,1900-01-01 00:00:00,2200-01-01 00:00:00,642,"Global research on fish in food systems and nutrition-sensitive fisheries management. ",
515,1,1900-01-01 00:00:00,2200-01-01 00:00:00,643,"Regional research on fish in food systems in the three priority FISH regions; Africa’s Great Lakes, Mekong and Pacific ",
516,1,1900-01-01 00:00:00,2200-01-01 00:00:00,644,"Blue Foods Assessment, a component of the EAT-Lancet initiative on transformation of food systems ",
517,1,1900-01-01 00:00:00,2200-01-01 00:00:00,645,"Research around impacts of FISH CRP innovations and policies, including the development and testing of a methodology to assess related projected benefits.",
