pk_id_partnership_2018_info,version,date_from,date_to,id,"description","other_partnership_main_area"
0,1,,,,,
1,1,1900-01-01 00:00:00,2200-01-01 00:00:00,1,"Partnership with GREAT (Gender-Responsive Researchers Equipped for Agricultural Transformation) to design, conduct and deliver innovations that integrate gender (https://www.greatagriculture.org/). ",
2,1,1900-01-01 00:00:00,2200-01-01 00:00:00,2,"Collaboration with the Technical Centre for Agricultural and Rural Cooperation (CTA) in implementing the project “Promoting Youth Entrepreneurship and Job Creation in West Africa’s Rice Value Chain”",
3,1,1900-01-01 00:00:00,2200-01-01 00:00:00,3,"Collaboration with University of Illinois, University of Arizona, Colorado State University, University of Connecticut and University of Nicosia for impact assessment of rice technologies in Africa.",
4,1,1900-01-01 00:00:00,2200-01-01 00:00:00,4,"Continued partnership with Philippine government agencies, namely, Philippine Rice Research Institute, Bureau of Plant Industry, Department of Agriculture (DA)-Central and Regional Field Offices through three projects funded by the DA ",
5,1,1900-01-01 00:00:00,2200-01-01 00:00:00,5,"New partnership to support work on crop insurance, development of new algorithm for historical yield data generation and integrating remote sensing based information into Rice Crop Manager",
6,1,1900-01-01 00:00:00,2200-01-01 00:00:00,6,"Partnership with private companies (i.e Advanced Chemical Industries Ltd (ACI), Metal Private Ltd) in Bangladesh to bring sustainability in the seed sector with respect to climate resilient rice",
7,1,1900-01-01 00:00:00,2200-01-01 00:00:00,7,"CIRAD collaborates with research and development organization on the upgrading of rice value chains in West Africa. ",
8,1,1900-01-01 00:00:00,2200-01-01 00:00:00,8,"Direct Seeded Rice Consortium, a multi-stakeholder (public-private) consortium, which aims to develop a comprehensive, science-based, agronomic package adapted for direct seeded rice production in Asia",
9,1,1900-01-01 00:00:00,2200-01-01 00:00:00,9,"A Global Long-Term Experiment Network (GLTEN) for Sustainable Agriculture ",
10,1,1900-01-01 00:00:00,2200-01-01 00:00:00,10,"les Systèmes de Production d'Altitude et Durabilité (SPAD), which aims to develop sustainable farming systems in highlands in Madagascar",
11,1,1900-01-01 00:00:00,2200-01-01 00:00:00,11,"Sequencing heat MAGIC to identity genes conferring heat tolerance, as key trait in rice for adapting to climate change",
12,1,1900-01-01 00:00:00,2200-01-01 00:00:00,12,"AfricaRice partnered with BECA-ILRI hub and Intertek (through high-throughput phenotyping project led by ICRISAT) for high throughput genotyping of rice",
13,1,1900-01-01 00:00:00,2200-01-01 00:00:00,13,"Improvement of crop models and prediction of climate change effects and adaptations on rice production",
14,1,1900-01-01 00:00:00,2200-01-01 00:00:00,14,"CIAT collaborate with EMBRAPA to study the upland environments in Brazil and determine the specificities for breeding (TPE) using modelling approaches (Oryza model)",
15,1,1900-01-01 00:00:00,2200-01-01 00:00:00,15,"CIAT collaborate with Rothamsted , tokyo university and universidad javeriana for the development of software and hardware for data analysis from drones and satellites..",
16,1,1900-01-01 00:00:00,2200-01-01 00:00:00,16,"Analysis of disease resistance, characterization of pathogens and development of diagnosis tools",
17,1,1900-01-01 00:00:00,2200-01-01 00:00:00,17,"CIAT works closely  with partners (FEDEARROZ and FLAR), universities (Universidad Javeriana, University of Tokyo, University of Texas) to develop a low-cost fixed station platform that monitors crop growth, soil status ",
18,1,1900-01-01 00:00:00,2200-01-01 00:00:00,18,"To expand C4 mutant screening capacity, IRRI has initiated collaboration with CAAS, China to formulate a joint laboratory in the Biotechnology Research Institute, Beijing that will become operational in 2018 ",
19,1,1900-01-01 00:00:00,2200-01-01 00:00:00,19,"CIRAD and EMBRAPA work together on dissection of genetic bases of female outcrossing ability and female hybrid seed production ability",
20,1,1900-01-01 00:00:00,2200-01-01 00:00:00,20,"CIRAD-CIAT-FLAR collaborate on inventory of elites lines for major irrigated rice breeding programs in Latin America.",
21,1,1900-01-01 00:00:00,2200-01-01 00:00:00,21,"Forages Network for Colombia to coordinate forage development",
22,1,1900-01-01 00:00:00,2200-01-01 00:00:00,22,"Private forage seed sector agreement for forage hybrid development, testing, commercialization and dissemination",
23,1,1900-01-01 00:00:00,2200-01-01 00:00:00,23,"Partnership with several UK universities in the context of BBSRC funded projects",
24,1,1900-01-01 00:00:00,2200-01-01 00:00:00,24,"Renewal of membership in Colombian Roundtable for Sustainable Cattle",
25,1,1900-01-01 00:00:00,2200-01-01 00:00:00,25,"Adoption of the Agricultural Science and Technology Indicators by national and regional partners in Asia",
26,1,1900-01-01 00:00:00,2200-01-01 00:00:00,27,"Design and implementation of a certificate program for biosafety inspectors in Malawi",
27,1,1900-01-01 00:00:00,2200-01-01 00:00:00,29,"Building a research agenda on cash transfers and intimate partner violence: a new ""research collaborative""",
28,1,1900-01-01 00:00:00,2200-01-01 00:00:00,30,"Design of USAID programs for women's empowerment in Feed the Future countries",
29,1,1900-01-01 00:00:00,2200-01-01 00:00:00,34,"Michigan State University's dual management and research role in PIM Flagship 2","Management"
30,1,1900-01-01 00:00:00,2200-01-01 00:00:00,36,"Using PIM’s research on public expenditures for developing China's Rural Revitalization Strategy",
31,1,1900-01-01 00:00:00,2200-01-01 00:00:00,38,"Designing IFAD's country investment strategies using IFPRI’s economywide investment and value chain analysis methods and the IFPRI/IFAD Rural Investment and Policy Analysis modeling toolkit",
32,1,1900-01-01 00:00:00,2200-01-01 00:00:00,39,"Structural Transformation of African Agriculture and Rural Spaces (STAARS) project ",
33,1,1900-01-01 00:00:00,2200-01-01 00:00:00,40,"Partnership with the International Growth Centre facilitates IFPRI's engagement with the Zambian Revenue Authority to ensure that research findings are policy relevant",
34,1,1900-01-01 00:00:00,2200-01-01 00:00:00,41,"High-impact publications on health implications and environmental impacts of alternative diets",
35,1,1900-01-01 00:00:00,2200-01-01 00:00:00,42,"Development and delivery of materials and training courses on NDCs in target regions and countries in Sub-Saharan Africa.",
36,1,1900-01-01 00:00:00,2200-01-01 00:00:00,45,"Impact evaluation of the ""Takaful and Karama"" cash transfer program",
37,1,1900-01-01 00:00:00,2200-01-01 00:00:00,47,"Impact evaluation of the Improved Maternity and Lactating Mother Allowance and Vulnerable Group Development programs",
38,1,1900-01-01 00:00:00,2200-01-01 00:00:00,50,"Approaches to humanitarian assistance to reduce malnutrition in fragile settings",
39,1,1900-01-01 00:00:00,2200-01-01 00:00:00,51,"Ag-Incentives Consortium: International Organisations Consortium for Measuring the Policy Environment for Agriculture",
40,1,1900-01-01 00:00:00,2200-01-01 00:00:00,54,"Wageningen University and Research's dual management and research role in PIM Flagship 3",
41,1,1900-01-01 00:00:00,2200-01-01 00:00:00,56,"Providing online computable general equilibrium modeling training to African economists",
42,1,1900-01-01 00:00:00,2200-01-01 00:00:00,58,"Applied research on picture-based insurance and advisory services",
43,1,1900-01-01 00:00:00,2200-01-01 00:00:00,62,"Collaboration on improving understanding among countries of Tier 2 MRV practices for livestock; support of capacity building through PhD research.",
44,1,1900-01-01 00:00:00,2200-01-01 00:00:00,63,"In East Africa, development of expanded suite of gridded, online regional historic and forecast climate information products tailored to agricultural needs. Coordination of introduction of new products through Greater Horn of Africa Climate Outlook Forum.",
45,1,1900-01-01 00:00:00,2200-01-01 00:00:00,64,"In West Africa, development of expanded suite of gridded, online regional historic and forecast climate information products tailored to agricultural needs. Coordination of introduction of new products through regional Climate Outlook Forum process.",
46,1,1900-01-01 00:00:00,2200-01-01 00:00:00,65,"Development and support for use of CRAFT tool.",
47,1,1900-01-01 00:00:00,2200-01-01 00:00:00,66,"Development and implementation of tools and products used in the PICSA approach.",
48,1,1900-01-01 00:00:00,2200-01-01 00:00:00,67,"Collaboration on Global Framework for Climate Services, including supporting countries to develop national level plans.",
49,1,1900-01-01 00:00:00,2200-01-01 00:00:00,68,"Scaling up efforts to secure tenure, improve governance, and contribute to ecological restoration of 30 million acres of common land in India",
50,1,1900-01-01 00:00:00,2200-01-01 00:00:00,69," Improved rangeland governance in Ethiopia, Tanzania, and Tunisia",
51,1,1900-01-01 00:00:00,2200-01-01 00:00:00,70,"Capacity building to convene and sustain multistakeholder platforms that accelerate progress in reforming and implementing policies for people-centered land governance",
52,1,1900-01-01 00:00:00,2200-01-01 00:00:00,72,"Understanding community-level tenure factors affecting implementation of forest landscape restoration in Ethiopia and supporting implementation of rights devolution in the 2018 Forest Proclamation",
53,1,1900-01-01 00:00:00,2200-01-01 00:00:00,73,"Improving capacities and tools to address the challenges of formalization and tenure security of native communities in Peru",
54,1,1900-01-01 00:00:00,2200-01-01 00:00:00,75,"A new artistic platform for disseminating poultry genomics research outputs to the general public and donors","Communication"
55,1,1900-01-01 00:00:00,2200-01-01 00:00:00,76,"Policy guidelines for informing livestock breed/population improvement and conservation options in developing countries",
56,1,1900-01-01 00:00:00,2200-01-01 00:00:00,77,"Development of new tools (chicken and cattle DNA SNPs chips)",
57,1,1900-01-01 00:00:00,2200-01-01 00:00:00,78,"Develop livestock master plans, by building more robust and user friendly modelling tools, building capacity and supporting the implementation of these plans",
58,1,1900-01-01 00:00:00,2200-01-01 00:00:00,79,"Collaborating on analysis of Infection and Treatment Method (ITM) impact study to determine herd and farm effects as well as household livelihood impacts of ITM vaccinations ",
59,1,1900-01-01 00:00:00,2200-01-01 00:00:00,80,"AgriFoSe2030- Develop the capacity of recent PhD graduates to undertake policy relevant research and analysis in East Africa",
60,1,1900-01-01 00:00:00,2200-01-01 00:00:00,81,"Complementary expertise - research and development activities in the dairy value chains, with possibility to expand to poultry",
61,1,1900-01-01 00:00:00,2200-01-01 00:00:00,82,"To develop a joint approach (strategy and planning) to commercializing biofortification in different contexts",
62,1,1900-01-01 00:00:00,2200-01-01 00:00:00,83,"Agroknow supported the evolution of GARDIAN by contributing with broadening the discoverability and scope of the system, enabling data integration and interoperability, and enabling a service ecosystem",
63,1,1900-01-01 00:00:00,2200-01-01 00:00:00,84,"Through Transform Nutrition West Africa, improve and support policy and program actions to accelerate reductions in maternal and child undernutrition, achieved through an inclusive process of knowledge generation and mobilization.",
64,1,1900-01-01 00:00:00,2200-01-01 00:00:00,85,"Adapt and validate a measure of women’s empowerment that agricultural projects can use to diagnose areas of women’s (and men’s) disempowerment; design strategies to monitor project outcomes; and build capacity.",
65,1,1900-01-01 00:00:00,2200-01-01 00:00:00,86,"To improve the availability, access, and use of nutrition implementation knowledge in Scaling up Nutrition (SUN) countries ",
66,1,1900-01-01 00:00:00,2200-01-01 00:00:00,87,"To develop national food-based dietary guidelines for Ethiopia",
67,1,1900-01-01 00:00:00,2200-01-01 00:00:00,88,"To co-design and evaluate the implementation of a front-of-packaging labelling of food products to improve nutrition awareness and healthy choices in Vietnam",
68,1,1900-01-01 00:00:00,2200-01-01 00:00:00,89,"To support and promote standardized and harmonized policies and regulations for aflatoxins.",
69,1,1900-01-01 00:00:00,2200-01-01 00:00:00,90,"To develop stakeholder aligned aflatoxin control action plans and mainstream them into National Agriculture and Food Security Investment Plans in countries countries which have already prioritized aflatoxin mitigation strategies. ",
70,1,1900-01-01 00:00:00,2200-01-01 00:00:00,91,"Foster knowledge exchange, innovation and learning around a series of annual events for researchers and users of research working at intersection of agriculture, nutrition and health called ANH Academy",
71,1,1900-01-01 00:00:00,2200-01-01 00:00:00,92,"To develop a One Health Regional Network – individuals and organisations in the Horn of Africa that can undertake high quality research into links between people’s health, wealth, livestock, environment.",
72,1,1900-01-01 00:00:00,2200-01-01 00:00:00,93,"Implementation and assessment of delivery for the supply of biofortified crops (extension services, farmer organization and training) in Bangladesh, Kenya, and Vietnam",
73,1,1900-01-01 00:00:00,2200-01-01 00:00:00,94,"Public private partnerships for the supply and demand of biofortified crops/foods in Bangladesh and India",
74,1,1900-01-01 00:00:00,2200-01-01 00:00:00,95,"Through an MSc grant scheme, engage and build capacity of young researchers and their supervisors from local universities in food system related research",
75,1,1900-01-01 00:00:00,2200-01-01 00:00:00,96,"Contributions to global, regional and national investments in food safety",
76,1,1900-01-01 00:00:00,2200-01-01 00:00:00,97,"To determine resistance of mosquitoes breeding around different crops in West and Central Africa; identify which system has a greater risk of contributing to resistance in mosquitoes that transmit malaria",
77,1,1900-01-01 00:00:00,2200-01-01 00:00:00,98,"Enhancing the agricultural research system in Pakistan",
78,1,1900-01-01 00:00:00,2200-01-01 00:00:00,99,"Evaluation of innovative extension methods in East Africa",
79,1,1900-01-01 00:00:00,2200-01-01 00:00:00,100,"Evaluations of contract farming innovations to increase inclusion of women",
80,1,1900-01-01 00:00:00,2200-01-01 00:00:00,103,"Fostering gender-inclusive business models in small rural enterprises in Honduras through the use of the gender-responsive LINK methodology",
81,1,1900-01-01 00:00:00,2200-01-01 00:00:00,104,"Management of Gender Platform",
82,1,1900-01-01 00:00:00,2200-01-01 00:00:00,105,"Tools to analyze women’s involvement in intrahousehold decisionmaking",
83,1,1900-01-01 00:00:00,2200-01-01 00:00:00,106,"To convene regional information sharing and priority setting in East and West Africa and Latin America",
84,1,1900-01-01 00:00:00,2200-01-01 00:00:00,107,"To share successes in rangeland management",
85,1,1900-01-01 00:00:00,2200-01-01 00:00:00,108,"Impact evaluation of the Strengthen PSNP4 Institutions and Resilience (SPIR) Development Food Security Activity program in Ethiopia",
86,1,1900-01-01 00:00:00,2200-01-01 00:00:00,109,"Impact of conflict and food assistance on food-insecure populations in Mali",
87,1,1900-01-01 00:00:00,2200-01-01 00:00:00,110,"Address issues of animal welfare within the CRP Livestock",
88,1,1900-01-01 00:00:00,2200-01-01 00:00:00,111,"Develop and evaluate light-touch market-based approaches to improving food safety, while safeguarding livelihoods and reducing the burden of food-borne disease in informal, emerging, and niche pork markets in Vietnam",
89,1,1900-01-01 00:00:00,2200-01-01 00:00:00,112,"To produce and multiply certified seed of released varieties of iron beans for delivery to farmers in Rwanda",
90,1,1900-01-01 00:00:00,2200-01-01 00:00:00,114,"To develop a system to classify animal diseases by economic impact that includes production losses, expenditure, wider economic impacts including health health, plus human reaction to disease presence or risk ",
91,1,1900-01-01 00:00:00,2200-01-01 00:00:00,115,"Promote cultivation and consumption of of underutilised nutrient-rich biodiversity by providing evidence, influencing policy, and raising awareness in Brazil, Kenya, Turkey, and Sri Lanka","Raising awar"
92,1,1900-01-01 00:00:00,2200-01-01 00:00:00,116,"Address evidence gaps related to effects of agricultural interventions on maternal and child nutrition, specifically, to assess impact of incorporating a behaviour change communication strategy into an agricultural credit program",
93,1,1900-01-01 00:00:00,2200-01-01 00:00:00,117,"Incorporation of CCAFS climate science into the Rainforest Alliance voluntary certification scheme.",
94,1,1900-01-01 00:00:00,2200-01-01 00:00:00,118,"Formulation, coordination and adoption of the policies, plans, programs and projects for the Agricultural, Fisheries and Rural Development sector, including scaling up of climate actions in agriculture. ",
95,1,1900-01-01 00:00:00,2200-01-01 00:00:00,119,"Secondment of FP1 staff to the World Bank to facilitate linkages between CGIAR research and the Bank's agriculture portfolio.",
96,1,1900-01-01 00:00:00,2200-01-01 00:00:00,120,"Scientific inputs into the CSA program, including metrics for measuring CSA progress, prioritization at the regional level, soil carbon, and global policy engagement.",
97,1,1900-01-01 00:00:00,2200-01-01 00:00:00,121,"Research, capacity development and policy engagement. Included joint engagement in UNFCCC processes, scaling out CSA at the regional and global levels, and addressing emissions from the livestock sector.",
98,1,1900-01-01 00:00:00,2200-01-01 00:00:00,122,"Scientific inputs into the CSA program, including metrics for measuring CSA progress, prioritization at the regional level, soil carbon, and global policy engagement.",
99,1,1900-01-01 00:00:00,2200-01-01 00:00:00,123,"Integrations of CSA approaches and exposure maps into decision-making by Root Capital and the Council on Smallholder Agricultural Finance.",
100,1,1900-01-01 00:00:00,2200-01-01 00:00:00,124,"Learning alliance for adaptation in agriculture, and joint efforts focused on climate-nutrition interface, scaling up private sector investments, gender transformative approaches, and South-South cooperation.",
101,1,1900-01-01 00:00:00,2200-01-01 00:00:00,125,"Work on sustainable intensification of plant production in Sub-Saharan Africa, business models and financial incentives for CSA, biological nitrogen fixation for smallholders, and modelling of CCAFS scenarios.",
102,1,1900-01-01 00:00:00,2200-01-01 00:00:00,126,"Support to KDB and State Department of Livestock in developing a dairy NAMA and for submission to the Green Climate Fund.",
103,1,1900-01-01 00:00:00,2200-01-01 00:00:00,129,"Testing public private partnership business models and facilitating the creation of an enabling environment with a strong focus on institutional adjustments and capacity development in the Ethiopian veterinary sector",
104,1,1900-01-01 00:00:00,2200-01-01 00:00:00,130,"Quality assurance for thermostable PPR vaccines",
105,1,1900-01-01 00:00:00,2200-01-01 00:00:00,131,"Mycoplasma research and genomics",
106,1,1900-01-01 00:00:00,2200-01-01 00:00:00,133,"The team is supporting the COPO tool implementation to streamline metadata entry to GARDIAN and Center repositories. The Tool facilitates the standarization of dataset column headings with ontology/GACS terms ",
107,1,1900-01-01 00:00:00,2200-01-01 00:00:00,134,"Mini-grant recipient that is co-investing in developing the analytic pipelines for linking GARDIAN to modeling tools and the AgMIP data translators.   ",
108,1,1900-01-01 00:00:00,2200-01-01 00:00:00,135,"Contributing to: development of an ontology independent, flexible and extensible metadata schema; testing an MSI supported software platform for secure data management; developing a mash up of the existing ontologies.",
109,1,1900-01-01 00:00:00,2200-01-01 00:00:00,136,"Providing guidance on managing personally identifiable information in geo-spatial data, developing a common analytics environment linked to GARDIAN technical training on the use of R/Python programming for spatial analyses.",
110,1,1900-01-01 00:00:00,2200-01-01 00:00:00,137,"Research collaboration around validation of data services: ""Clean Historical Weather Data” and ""Seasonal Probabilistic Forecast"".",
111,1,1900-01-01 00:00:00,2200-01-01 00:00:00,138,"Rothamsted Research supports reference for calibration of WLE’s dry spectral calibrations and partners on the Africa Soil Information Service project and development of new initiatives to take advances to scale.",
112,1,1900-01-01 00:00:00,2200-01-01 00:00:00,139,"Africa Soil Information Service furthers the development of state-of-the-art national soil information systems based on soil-plant dry spectral analysis and digital soil property mapping.",
113,1,1900-01-01 00:00:00,2200-01-01 00:00:00,140,"International/national/scientific/academic partnership to assess sustainability at household and landscape levels to determine how land-based options contribute to building sustainable landscapes; country-level to determine SDG achievement and the trade-offs/synergies among objectives.  ",
114,1,1900-01-01 00:00:00,2200-01-01 00:00:00,141,"A partnership for developing decision support tools to provide solutions to water management challenges in Honduras",
115,1,1900-01-01 00:00:00,2200-01-01 00:00:00,142,"Promotes dialogue between scientists and policy makers on desertification, land degradation and drought (DLDD)",
116,1,1900-01-01 00:00:00,2200-01-01 00:00:00,143,"Linkages with other CGIAR and external partner joint initiatives, including the Innovation lab for Small-Scale Irrigation which includes Texas A&M Univereseity, International Water Management Institute(IWMI) and International Livestock Research Institute(ILRI).",
117,1,1900-01-01 00:00:00,2200-01-01 00:00:00,144,"Influencing the key messages going to the High-Level Political Forum on the review of the nutrition targets under the SDGs",
118,1,1900-01-01 00:00:00,2200-01-01 00:00:00,145,"A research collaboration between International Food Policy Research Institute (IFPRI) and University of Development Studies, Ghana (UDS) on the impacts of a motor pump experiment",
119,1,1900-01-01 00:00:00,2200-01-01 00:00:00,146,"A tri-lateral research collaboration with International Food Policy Research Institute (IFPRI) on nutrition sensitive irrigation under the Feed the Future Innovation Lab on Small Scale Irrigation (ILSSI)",
120,1,1900-01-01 00:00:00,2200-01-01 00:00:00,147,"Agricultural Transformation Agency (ATA) is implementing solar pumps in 16 districts in Ethiopia. ATA asked IWMI to undertake impact assessment and support in planning given past experience in pilot schemes",
121,1,1900-01-01 00:00:00,2200-01-01 00:00:00,148,"Uptake of WLE research on Resource, Recovery and Reuse (RRR) business models",
122,1,1900-01-01 00:00:00,2200-01-01 00:00:00,149,"Support of United Nations publications",
123,1,1900-01-01 00:00:00,2200-01-01 00:00:00,150,"Public Private Partnerships on Fortifer production","Implementation"
124,1,1900-01-01 00:00:00,2200-01-01 00:00:00,151,"Advisor on food and the circular economy",
125,1,1900-01-01 00:00:00,2200-01-01 00:00:00,152,"WLE continues to liaise with the Food, Energy-Environment and Water Network (FE2W network) which supports co-development and implementation of Nexus tools and approaches",
126,1,1900-01-01 00:00:00,2200-01-01 00:00:00,153,"Integration of innovative nature-based solutions to climate adaptation into city planning",
127,1,1900-01-01 00:00:00,2200-01-01 00:00:00,154,"WLE is part of the Sustainable Water Future Programme(WaterFuture) of Future Earth, a global platform facilitating international scientific collaboration to solutions to water problems, through the International Water Management Institute(IWMI).",
128,1,1900-01-01 00:00:00,2200-01-01 00:00:00,155,"WLE participates in the Ramsar Science and Technical Review Panel(STRP), which provides scientific and technical guidance to the Conference of the Parties, Standing Committe and the Ramsar Secretariat",
129,1,1900-01-01 00:00:00,2200-01-01 00:00:00,156,"University of Bonn is a partner in Flagship 5’s decision analysis work, providing scientific and technical support and student co-supervision.",
130,1,1900-01-01 00:00:00,2200-01-01 00:00:00,157,"Working with World Agroforestry Centre (ICRAF) in Disa Forest, Tigray.",
131,1,1900-01-01 00:00:00,2200-01-01 00:00:00,158,"Discovery and scaling (AOCC)",
132,1,1900-01-01 00:00:00,2200-01-01 00:00:00,159,"Discovery/piloting and scaling (PATSPO)",
133,1,1900-01-01 00:00:00,2200-01-01 00:00:00,160,"Scaling (landscape restoration)",
134,1,1900-01-01 00:00:00,2200-01-01 00:00:00,161,"Piloting and scaling.  Smallholder agroforestry systems for food security and livelihood enhancement; landscape restoration and Farmer Managed Natural Regeneration (FMNR)",
135,1,1900-01-01 00:00:00,2200-01-01 00:00:00,163,"FP4 aims to develop functional relationships linking public, private and local civil society partners to develop multi-functional landscapes at scale.",
136,1,1900-01-01 00:00:00,2200-01-01 00:00:00,164,"Updates on Projects to support GCF Jurisdictional Strategies and Investment Plans. FP5 worked with 28 sub-national jurisdictions across the world, gathered under GCFTF on the issue of assessing land-use sustainability.",
137,1,1900-01-01 00:00:00,2200-01-01 00:00:00,165,"Inclusive business / inclusive finance. Provide access to project evaluation data and mobilize and establish linkages with inclusive businesses",
138,1,1900-01-01 00:00:00,2200-01-01 00:00:00,166,"Mobilize and establish linkages with financial institutions and investors",
139,1,1900-01-01 00:00:00,2200-01-01 00:00:00,167,"Collaboration with FAO's Forest and Farm Facility (FFF). Strengthen the linkages with Forest and Farm Producer organizations with whom FFF is collaborating providing access to their experiences and lessons",
140,1,1900-01-01 00:00:00,2200-01-01 00:00:00,168,"DNA extraction; survey analysis & policy engagement",
141,1,1900-01-01 00:00:00,2200-01-01 00:00:00,169,"Supervising data collection, co-funding, developing the analytical frame",
142,1,1900-01-01 00:00:00,2200-01-01 00:00:00,170,"Sabbatical arrangement",
143,1,1900-01-01 00:00:00,2200-01-01 00:00:00,171,"Biological Nitrification Inhibition (BNI) Consortium Global coordination of and implementation of joint research projects focused on BNI, across crops, cropping systems and scientific disciplines. 3rd symposium held in 2018.",
144,1,1900-01-01 00:00:00,2200-01-01 00:00:00,172,"Methods, tools, data storage genetic discovery, genotypic data linked to new breeding management software",
145,1,1900-01-01 00:00:00,2200-01-01 00:00:00,173,"Agriculture Innovation Project in Pakistan: Deploy seed varieties (multi-crop) and capacity building, improved agronomic practices",
146,1,1900-01-01 00:00:00,2200-01-01 00:00:00,174,"National partners, precision phenotyping platforms",
147,1,1900-01-01 00:00:00,2200-01-01 00:00:00,175,"High-throughput genotyping and phenotyping projects partners",
148,1,1900-01-01 00:00:00,2200-01-01 00:00:00,176,"4th Latin American Cereals Conference (LACC; 20 participants, 46 countries), & 13th International Gluten Workshop",
149,1,1900-01-01 00:00:00,2200-01-01 00:00:00,177,"Catalyze and initiate an innovation platform in Purnea, Madhubani, Rangpur and Rajshahi districts, incorporating farmers, researchers, change agents representing key components of the principal value chains",
150,1,1900-01-01 00:00:00,2200-01-01 00:00:00,178,"Plan, backstop and process documentation around potentials for scaling of Innovation Platforms",
151,1,1900-01-01 00:00:00,2200-01-01 00:00:00,179,"Expert Working Groups participation; identify gaps, priorities for wheat research coordination across borders",
152,1,1900-01-01 00:00:00,2200-01-01 00:00:00,180,"Fall armyworm Consortium; develop and implement a unified plan to fight this plant pest on the ground in Africa and South Asia",
153,1,1900-01-01 00:00:00,2200-01-01 00:00:00,181,"Multi-location precision phenotyping platform network for different traits in S. Asia",
154,1,1900-01-01 00:00:00,2200-01-01 00:00:00,182,"Biological Nitrification Inhibition (BNI) Consortium Global coordination of and implementation of joint research projects focused on BNI, across crops, cropping systems and scientific disciplines. ",
155,1,1900-01-01 00:00:00,2200-01-01 00:00:00,183,"Methods, tools, data storage genetic discovery, genotypic data linked to new breeding management software",
156,1,1900-01-01 00:00:00,2200-01-01 00:00:00,184,"High-throughput genotyping and phenotyping projects partners",
157,1,1900-01-01 00:00:00,2200-01-01 00:00:00,185,"Piloting nutrient management app with farmers",
158,1,1900-01-01 00:00:00,2200-01-01 00:00:00,186,"Consolidation as trategic partner, to_promote a sustainable intensification in Latin America that promotes combining adequate germplasm, productive practices and management & more direct and reliable relationships between producers and agro-industry.",
159,1,1900-01-01 00:00:00,2200-01-01 00:00:00,187,"Ultimate safety duplication of CGIAR germplasm.","Risk management"
160,1,1900-01-01 00:00:00,2200-01-01 00:00:00,188,"Research collaboration, partnership for germplasm distribution, safeguarding of genetic resources, recipient of capacity building and other genebank services","Capacity building and Risk management"
161,1,1900-01-01 00:00:00,2200-01-01 00:00:00,189,"Collaboration in the delivery of the Global Plan of Action","International policy"
162,1,1900-01-01 00:00:00,2200-01-01 00:00:00,190,"Collaboration in safe exchange of germplasm","Phytosanitary and international policy"
163,1,1900-01-01 00:00:00,2200-01-01 00:00:00,191,"Global information system (GLIS) on PGRFA",
164,1,1900-01-01 00:00:00,2200-01-01 00:00:00,192,"International PGRFA policy development and compliance, capacity building for policy implementation at national level","International policy"
165,1,1900-01-01 00:00:00,2200-01-01 00:00:00,193,"International Maize Improvement Consortium – Africa (IMIC-Africa); enhance members’ capacity for germplasm development in their own breeding programs & subsequent multi-location testing of elite pre-commercial maize hybrids throughout sub-Saharan Africa",
166,1,1900-01-01 00:00:00,2200-01-01 00:00:00,194,"Discovery and piloting Developing and promoting market-based agroforestry options and integrated landscape management for smallholder forestry",
167,1,1900-01-01 00:00:00,2200-01-01 00:00:00,195,"To develop an economic trait assessment of two product profiles.",
168,1,1900-01-01 00:00:00,2200-01-01 00:00:00,196,"Research",
169,1,1900-01-01 00:00:00,2200-01-01 00:00:00,197,"Provide colleagues from ICRISAT the opportunity to observe the state of the art breeding operations.",
170,1,1900-01-01 00:00:00,2200-01-01 00:00:00,198,"Development of analytical tools, software, and capacity development.",
171,1,1900-01-01 00:00:00,2200-01-01 00:00:00,199,"Development of phenotyping software.",
172,1,1900-01-01 00:00:00,2200-01-01 00:00:00,200,"Development and curation of RTB crop ontologies, including mapping of crop-specific traits to species-neutral concept, thus enabling search across species, which is needed for comparative genetics.",
173,1,1900-01-01 00:00:00,2200-01-01 00:00:00,201,"Carry out metabolomic assays and analysis of RTB crop samples for diversity analysis, characterization of metabolic pathways related to complex traits, and putative candidate gene discovery.",
174,1,1900-01-01 00:00:00,2200-01-01 00:00:00,202,"A computational infrastructure with analysis pipelines designed for breeders to apply high density genomic information in cultivar development to increase the rate of genetic gain.",
175,1,1900-01-01 00:00:00,2200-01-01 00:00:00,203,"Field testing of bioengineered RTB crops",
176,1,1900-01-01 00:00:00,2200-01-01 00:00:00,204,"Targeted collecting mission for diversity of wild Musa balbisiana",
177,1,1900-01-01 00:00:00,2200-01-01 00:00:00,205,"Operationalization of seed quality assurance mechanisms, such as quality declared seed, on RTB crops in SSA",
178,1,1900-01-01 00:00:00,2200-01-01 00:00:00,206,"Provision of germplasm, clean planting materials, information and advice",
179,1,1900-01-01 00:00:00,2200-01-01 00:00:00,207,"Household aspirations",
180,1,1900-01-01 00:00:00,2200-01-01 00:00:00,208,"Synthesis of impact studies and scaling approaches in GLDC projects","Scaling up strategies"
181,1,1900-01-01 00:00:00,2200-01-01 00:00:00,209,"Cowpea adoption and impact assessment",
182,1,1900-01-01 00:00:00,2200-01-01 00:00:00,210,"Gender and youth",
183,1,1900-01-01 00:00:00,2200-01-01 00:00:00,211,"Contextualizing research, capacity building, linking with farmer communities","Innovation Platform"
184,1,1900-01-01 00:00:00,2200-01-01 00:00:00,212,"Systems modelling and capacity building through workshops",
185,1,1900-01-01 00:00:00,2200-01-01 00:00:00,213,"Collaborative work on SI framework and sustainability assessment",
186,1,1900-01-01 00:00:00,2200-01-01 00:00:00,214,"Testing soybean varieties to identify high-yielding drought and disease-tolerant varieties adapted to various agroecologies across several African countries, including Mozambique",
187,1,1900-01-01 00:00:00,2200-01-01 00:00:00,215,"Partnership to improve farmers’ knowledge and skills in improved crop production practices in Malawi",
188,1,1900-01-01 00:00:00,2200-01-01 00:00:00,216,"Partnerships on research and graduate student training at the Institute for Rural Development at Université Nazi Boni (UNB)",
189,1,1900-01-01 00:00:00,2200-01-01 00:00:00,217,"Research conducted in partnership",
190,1,1900-01-01 00:00:00,2200-01-01 00:00:00,218,"Donors for heat tolerance and research article on basic knowledge about heat tolerance in lentil",
191,1,1900-01-01 00:00:00,2200-01-01 00:00:00,219,"Improving nitrogen and phosphate use efficiency of lentil in rice fallows",
192,1,1900-01-01 00:00:00,2200-01-01 00:00:00,220,"To scale out Triadic Comparisons of Technologies (TRICOT)",
193,1,1900-01-01 00:00:00,2200-01-01 00:00:00,221,"To develop tools that will influence behavior change",
194,1,1900-01-01 00:00:00,2200-01-01 00:00:00,222,"Collect and analyze household data",
195,1,1900-01-01 00:00:00,2200-01-01 00:00:00,223,,
196,1,1900-01-01 00:00:00,2200-01-01 00:00:00,224,"Partnership on research around access to cutting-edge technologies, knowledge from industry for translating to crop improvement efforts in sorghum and pearl millet, the major food-security crops in Asia and Africa",
197,1,1900-01-01 00:00:00,2200-01-01 00:00:00,225,"Pearl millet heat screening trials conducted in collaboration with the private sector",
198,1,1900-01-01 00:00:00,2200-01-01 00:00:00,226,"Partnerships established by FoodSTART+ with national agencies implementing IFAD investment projects in India, Indonesia, Philippines and Vietnam for enhancing scaling of innovations and contribution to development outcomes",
199,1,1900-01-01 00:00:00,2200-01-01 00:00:00,227,"Training of interns, BSc MSc-students and PhD candidates on innovation, ICT4Ag and scaling related topics",
200,1,1900-01-01 00:00:00,2200-01-01 00:00:00,228,"Training of development partners on ICT4Ag concepts and tools",
201,1,1900-01-01 00:00:00,2200-01-01 00:00:00,230,"Testing of banana hybrids and landraces for consumer acceptance and the first improved hybrids selected for on-farm testing",
202,1,1900-01-01 00:00:00,2200-01-01 00:00:00,231,"Provide technical backstopping, innovations, and capacity building along the entire potato value chain to increase its productivity, competitiveness, and improve the livelihoods of small and marginal farmers.",
203,1,1900-01-01 00:00:00,2200-01-01 00:00:00,232,"Increased agricultural system productivity, food security, and healthier diets in Bangladesh’s delta region through access and adoption of resilient salt-tolerant potato and better agronomic practices.",
204,1,1900-01-01 00:00:00,2200-01-01 00:00:00,233,"Improving rural livelihoods of small-scale farmers by increasing incomes and food security as an end result of the joint CIP-HZPC breeding efforts",
205,1,1900-01-01 00:00:00,2200-01-01 00:00:00,234,"Strengthening molecular tools and molecular breeding for sweetpotato",
206,1,1900-01-01 00:00:00,2200-01-01 00:00:00,235,"Multi-stage selection and allocation of breeding resources",
207,1,1900-01-01 00:00:00,2200-01-01 00:00:00,236,"Back stopping and feedback for CIP population hybrid breeding program",
208,1,1900-01-01 00:00:00,2200-01-01 00:00:00,237,"Strengthening mixed model analysis for sweetpotato breeding",
209,1,1900-01-01 00:00:00,2200-01-01 00:00:00,238,"Establish robust genetic and genomic resources for yams by developing genome-enabled platforms.",
210,1,1900-01-01 00:00:00,2200-01-01 00:00:00,239,"Provide training on Fusarium disease field identification, sample taking and lab-based diagnostics.",
211,1,1900-01-01 00:00:00,2200-01-01 00:00:00,240,"Development of a diagnostic tool based on polymerase chain reaction (PCR) for rapid, robust and specific detection and identification Xanthomonas vasicola pv. musacearum",
212,1,1900-01-01 00:00:00,2200-01-01 00:00:00,241,"Modelling Banana Bunchy Top Virus (BBTV) spread for predicting rate and scale of spread in Africa",
213,1,1900-01-01 00:00:00,2200-01-01 00:00:00,242,"Development of a bioinformatics online tool for the quick detection of pathogen sequences from metagenomics datasets",
214,1,1900-01-01 00:00:00,2200-01-01 00:00:00,244,"Implement a study on bioavailability of iron in biofortified potatoes",
215,1,1900-01-01 00:00:00,2200-01-01 00:00:00,245,"Assess the effect of supplementation of sweetpotato vines silage on dairy cattle and explore its potential use as an alternate supplement feed to other dairy farmers in central-Uganda and beyond",
216,1,1900-01-01 00:00:00,2200-01-01 00:00:00,246,"In coordination with local governments, Synergos and IITA have reinforced the capacities of cassava processors in three Nigerian states.",
217,1,1900-01-01 00:00:00,2200-01-01 00:00:00,247,"Trials conducted to test the inclusion of high-quality cassava peels into chicken feed. Results showed that cassava peels may replace up to 25% of maize in the formulation.",
218,1,1900-01-01 00:00:00,2200-01-01 00:00:00,248,"Assist commercial bakery outlets in Kenya to introduce orange-fleshed sweetpotato purée in their products. Naivas Supermarket started commercializing these new products in January 2018.",
219,1,1900-01-01 00:00:00,2200-01-01 00:00:00,249,"Support transfer of technologies for producing shelf-stable preservative-free orange-fleshed sweetpotato puree in Sub-Saharan Africa.",
220,1,1900-01-01 00:00:00,2200-01-01 00:00:00,251,"A research partnership for tilapia genetics and the application of genomic selection tools is enabling the selection of tilapia based on genetic markers, expanding GIFT research beyond a faster growth-oriented focus to introduce selection for new characteristics, such as disease resistance, resilience and feed efficiency, unique and new characteristics for tilapia globally.",
221,1,1900-01-01 00:00:00,2200-01-01 00:00:00,252,"A partnership for fish disease diagnostics, surveillance and control is developing epidemiology and health economic analytic tools and pond/host patho-microbiome research for early warning of fish disease. Special attention is being given to responding to TiLV transmission aspects and development of non-invasive sampling methods.",
222,1,1900-01-01 00:00:00,2200-01-01 00:00:00,253,"The growing partnership for assessing/managing antimicrobial resistance in aquaculture is drawing together key globally leading research institutions in cooperation with the CGIAR Antimicrobial Resistance Hub.",
223,1,1900-01-01 00:00:00,2200-01-01 00:00:00,254,"A partnership for aquaculture genetics policies in Southern and Eastern Africa, which has endorsed the FISH research program on genetics of three regional species, namely: O. mossambicus in Mozambique and South Africa; O. shiranus in Malawi and O. andersonii in Zambia and launched work on a regional strategy for access and benefit sharing for SADC",
224,1,1900-01-01 00:00:00,2200-01-01 00:00:00,255,"member states to share the improved genetic materials from the three regional species.",
225,1,1900-01-01 00:00:00,2200-01-01 00:00:00,256,"A diverse set of partners from regional to national level under the partnership between WorldFish and the African Union Inter-African Bureau for Animal Resources within the EU-funded FishTrade for a Better Future project, contributed multiple outcomes related to facilitation of fish trade within key African trade corridors.",
226,1,1900-01-01 00:00:00,2200-01-01 00:00:00,257,"A partnership for Illuminating Hidden Harvests; the contribution of small-scale fisheries to sustainable development. Focusing on social, environmental, economic and governance contributions of small-scale fisheries at global and local scales; key drivers of change; and threats/opportunities. The partnership developed methodologies and some key formative publications in 2018, aiming for key influencing policy moments in 2020.",
227,1,1900-01-01 00:00:00,2200-01-01 00:00:00,258,"The most significant gender partnership is our engagement with KIT, including in 2018 the integration of the FISH gender strategy across the portfolio of gender-related projects. Importantly, the partnership includes building capacity with key partners to ensure FISH is able to deliver a gender-integrated approach.",
228,1,1900-01-01 00:00:00,2200-01-01 00:00:00,259,"The collaboration with these two research institutions aims to strengthen the quality of research and work on impact and outcome assessment in the field of aquaculture and small scale-fisheries. This will help to evaluate FISH specific innovations, interventions, investments and policies, and their related linkages to both the FISH CRP targets and the Sustainable Development Goals (SDGs).","Impact assessment"
229,1,1900-01-01 00:00:00,2200-01-01 00:00:00,260,"Development of a bioinformatics online tool for the quick detection of pathogen sequences from metagenomics datasets",
230,1,1900-01-01 00:00:00,2200-01-01 00:00:00,261,"Modelling Banana Bunchy Top Virus (BBTV) spread for predicting rate and scale of spread in Africa",
231,1,1900-01-01 00:00:00,2200-01-01 00:00:00,262,"Gender CCT_ Production of joint knowledge products, hosting joint workshops and participating in key forums to inform gender integration and enhance uptake of FTA research under UNFCCC and CBD.",
232,1,1900-01-01 00:00:00,2200-01-01 00:00:00,263,"Gender CCT_ Produce knowledge products to enhance the quality of FTA gender research, with emphasis on conceptual and methodological development on emerging topics (intersectionality, youth).",
