pk_id_srf_cases_links,version,date_from,date_to,id,"link","link_name"
0,1,,,,,
1,1,1900-01-01 00:00:00,2200-01-01 00:00:00,1,"https://www.harvestplus.org/sites/default/files/publications/153613_HarvestPlus_AR_2018_Proof.pdf","Link1"
2,1,1900-01-01 00:00:00,2200-01-01 00:00:00,2,"https://digitalarchive.worldfishcenter.org/handle/20.500.12348/3328","Link1"
3,1,1900-01-01 00:00:00,2200-01-01 00:00:00,3,"https://digitalarchive.worldfishcenter.org/handle/20.500.12348/3334","Link2"
4,1,1900-01-01 00:00:00,2200-01-01 00:00:00,4,"https://digitalarchive.worldfishcenter.org/handle/20.500.12348/3321","Link3"
5,1,1900-01-01 00:00:00,2200-01-01 00:00:00,5,"https://digitalarchive.worldfishcenter.org/handle/20.500.12348/3331","Link4"
6,1,1900-01-01 00:00:00,2200-01-01 00:00:00,6,"https://digitalarchive.worldfishcenter.org/handle/20.500.12348/3337","Link5"
7,1,1900-01-01 00:00:00,2200-01-01 00:00:00,7,"https://digitalarchive.worldfishcenter.org/handle/20.500.12348/3318","Link6"
8,1,1900-01-01 00:00:00,2200-01-01 00:00:00,8,"https://digitalarchive.worldfishcenter.org/handle/20.500.12348/3319","Link7"
9,1,1900-01-01 00:00:00,2200-01-01 00:00:00,9,"https://www.harvestplus.org/sites/default/files/Biofortification_%20Evidence_Aug2018.pdf","Link1"
10,1,1900-01-01 00:00:00,2200-01-01 00:00:00,10,"https://www.dropbox.com/s/mpzhh5qrcc43e6m/2018%20Table%201_GHRPM_Methodology.docx?dl=0","Link1"
11,1,1900-01-01 00:00:00,2200-01-01 00:00:00,11,"https://www.dropbox.com/s/6dpmik5w62jxpq3/2018%20Table%201_HH_Reached_Methodology.docx?dl=0","Link2"
12,1,1900-01-01 00:00:00,2200-01-01 00:00:00,12,"https://www.dropbox.com/sh/dvhx3r9585w4gpy/AAAWfaubXo7pwg55QJIK53J5a?dl=0","Link1"
13,1,1900-01-01 00:00:00,2200-01-01 00:00:00,13,"https://www.dropbox.com/sh/0m8r1amlo5ye9of/AABaLHoX3YLAOXRkZ0bgl7Tva?dl=0","Link2"
14,1,1900-01-01 00:00:00,2200-01-01 00:00:00,14,"https://mel.cgiar.org/projects/-15/127/adoption-estimates-of-improved-cassava-varieties-in-nine-countries-in-south-and-southeast-asia-indicate-that-27-million-hectares-are-grown-using-ciat-related-varieties","Link1"
15,1,1900-01-01 00:00:00,2200-01-01 00:00:00,15,"https://cgspace.cgiar.org/handle/10568/97927","Link1"
16,1,1900-01-01 00:00:00,2200-01-01 00:00:00,16,"https://iwaponline.com/wp/article-abstract/20/4/692/39066/Improved-water-management-practices-and-their?redirectedFrom=fulltext","Link1"
17,1,1900-01-01 00:00:00,2200-01-01 00:00:00,17,"https://iwaponline.com/wp/article-abstract/20/4/692/39066/Improved-water-management-practices-and-their?redirectedFrom=fulltext","Link1"
18,1,1900-01-01 00:00:00,2200-01-01 00:00:00,18,"http://oar.icrisat.org/10626/","Link1"
19,1,1900-01-01 00:00:00,2200-01-01 00:00:00,19,"https://onlinelibrary.wiley.com/doi/full/10.1111/1477-9552.12221","Link1"
20,1,1900-01-01 00:00:00,2200-01-01 00:00:00,20,"https://link.springer.com/article/10.1007%2Fs12571-017-0759-y","Link1"
21,1,1900-01-01 00:00:00,2200-01-01 00:00:00,21,"https://repository.cimmyt.org/bitstream/handle/10883/19532/59614.pdf?sequence=1&isAllowed=y","Link1"
22,1,1900-01-01 00:00:00,2200-01-01 00:00:00,22,"https://digitalarchive.worldfishcenter.org/handle/20.500.12348/3314","Link1"
23,1,1900-01-01 00:00:00,2200-01-01 00:00:00,23,"https://digitalarchive.worldfishcenter.org/handle/20.500.12348/3314","Link1"
24,1,1900-01-01 00:00:00,2200-01-01 00:00:00,24,"http://oar.icrisat.org/10626/","Link1"
25,1,1900-01-01 00:00:00,2200-01-01 00:00:00,25,"https://www.cgiar.org/happy-solution-clean-air-climate-smart-agriculture-india/","Link1"
26,1,1900-01-01 00:00:00,2200-01-01 00:00:00,26,"https://csisa.org/wp-content/uploads/sites/2/2018/01/CSISA-III-BD-NP-USAID-annual-report_2017_for-DEC.pdf","Link1"
27,1,1900-01-01 00:00:00,2200-01-01 00:00:00,27,"https://www.ncbi.nlm.nih.gov/pmc/articles/PMC4915736/","Link1"
28,1,1900-01-01 00:00:00,2200-01-01 00:00:00,28,"https://agresults.org/","Link2"
29,1,1900-01-01 00:00:00,2200-01-01 00:00:00,29,"https://www.worldfishcenter.org/pubs/Ecofish-Midterm-Performance-Evaluation-Report.pdf","Link1"
30,1,1900-01-01 00:00:00,2200-01-01 00:00:00,30,"https://www.sciencedirect.com/science/article/abs/pii/S2211912416300700","Link1"
31,1,1900-01-01 00:00:00,2200-01-01 00:00:00,31,"https://www.researchgate.net/publication/318895868_Measuring_the_impacts_of_adaptation_strategies_to_drought_stress_The_case_of_drought_tolerant_maize_varieties","Link1"
32,1,1900-01-01 00:00:00,2200-01-01 00:00:00,32,"https://www.researchgate.net/publication/319536834_Impact_of_adoption_of_drought-tolerant_maize_varieties_on_total_maize_production_in_south_Eastern_Zimbabwe","Link2"
33,1,1900-01-01 00:00:00,2200-01-01 00:00:00,33,"https://ispc.cgiar.org/sites/default/files/pdf/ispc_brief_63_lentils_0.pdf","Link1"
34,1,1900-01-01 00:00:00,2200-01-01 00:00:00,34,"https://cgspace.cgiar.org/handle/10568/83497","Link1"
35,1,1900-01-01 00:00:00,2200-01-01 00:00:00,35,"https://cgspace.cgiar.org/handle/10568/80706","Link1"
36,1,1900-01-01 00:00:00,2200-01-01 00:00:00,36,"http://old.worldagroforestry.org/downloads/Publications/PDFS/WP18033.pdf","Link1"
37,1,1900-01-01 00:00:00,2200-01-01 00:00:00,37,"https://ispc.cgiar.org/sites/default/files/pdf/ispc_technicalnote_cgiar_research_innovations_0.pdf","Link1"
38,1,1900-01-01 00:00:00,2200-01-01 00:00:00,38,"https://www.researchgate.net/publication/289501179_Technological_Advances_that_Led_to_Growth_of_Shrimp_Salmon_and_Tilapia_Farming","Link2"
39,1,1900-01-01 00:00:00,2200-01-01 00:00:00,39,"https://onlinelibrary.wiley.com/doi/abs/10.1111/agec.12358","Link1"
40,1,1900-01-01 00:00:00,2200-01-01 00:00:00,40,"https://onlinelibrary.wiley.com/doi/abs/10.1111/agec.12358","Link2"
41,1,1900-01-01 00:00:00,2200-01-01 00:00:00,41,"https://www.sciencedirect.com/science/article/abs/pii/S2211912416300700","Link1"
42,1,1900-01-01 00:00:00,2200-01-01 00:00:00,42,"https://cgspace.cgiar.org/handle/10568/80706","Link1"
43,1,1900-01-01 00:00:00,2200-01-01 00:00:00,43,"https://www.researchgate.net/publication/313231968_Livelihood_implications_of_in_situ-on_farm_conservation_strategies_of_fruit_species_in_Uzbekistan","Link1"
44,1,1900-01-01 00:00:00,2200-01-01 00:00:00,44,"https://www.researchgate.net/publication/315715301_Contribution_of_improved_rice_varieties_to_poverty_reduction_and_food_security_in_sub-Saharan_Africa","Link1"
45,1,1900-01-01 00:00:00,2200-01-01 00:00:00,45,"https://cgspace.cgiar.org/handle/10568/80706","Link1"
46,1,1900-01-01 00:00:00,2200-01-01 00:00:00,46,"http://old.worldagroforestry.org/downloads/Publications/PDFS/WP18033.pdf","Link1"
47,1,1900-01-01 00:00:00,2200-01-01 00:00:00,47,"https://link.springer.com/article/10.1007%2Fs12571-017-0759-y","Link1"
48,1,1900-01-01 00:00:00,2200-01-01 00:00:00,48,"https://link.springer.com/article/10.1007%2Fs12571-018-0772-9","Link2"
49,1,1900-01-01 00:00:00,2200-01-01 00:00:00,49,"https://cgspace.cgiar.org/handle/10568/97694","Link1"
50,1,1900-01-01 00:00:00,2200-01-01 00:00:00,50,"https://cgspace.cgiar.org/handle/10568/98395","Link1"
51,1,1900-01-01 00:00:00,2200-01-01 00:00:00,51,"https://dl.sciencesocieties.org/publications/cs/abstracts/58/5/1890","Link1"
52,1,1900-01-01 00:00:00,2200-01-01 00:00:00,52,"https://dl.sciencesocieties.org/publications/cs/abstracts/57/2/812","Link1"
53,1,1900-01-01 00:00:00,2200-01-01 00:00:00,53,"https://ispc.cgiar.org/sites/default/files/events/ricardo_labarta_ciat-msu-uniandes-corpoica_brachiaria_colombia_0.pdf","Link1"
54,1,1900-01-01 00:00:00,2200-01-01 00:00:00,57,"https://www.dropbox.com/s/mpzhh5qrcc43e6m/2018%20Table%201_GHRPM_Methodology.docx?dl=0","Link 1"
55,1,1900-01-01 00:00:00,2200-01-01 00:00:00,58,"https://www.dropbox.com/scl/fi/be1o7dv5m9ckoyuy58dfu/INV-009087_2020_IITA_Progress0-Narrative_revised0704.docx?dl=0&rlkey=a6dnqlncxdak3y7yaw0apculz","Link 1"
56,1,1900-01-01 00:00:00,2200-01-01 00:00:00,59,"https://www.dropbox.com/s/mpzhh5qrcc43e6m/2018%20Table%201_GHRPM_Methodology.docx?dl=0","Link 1"
57,1,1900-01-01 00:00:00,2200-01-01 00:00:00,60,"https://www.harvestplus.org/sites/default/files/HarvestPlus%202019%20Annual%20Report.pdf","Link 2"
58,1,1900-01-01 00:00:00,2200-01-01 00:00:00,61,"https://cgspace.cgiar.org/bitstream/handle/10568/68144/CCAFS_Senegal_Climate-services.pdf?sequence=1&amp;isAllowed=y","Link 1"
59,1,1900-01-01 00:00:00,2200-01-01 00:00:00,62,"https://cgspace.cgiar.org/handle/10568/108054","Link 2"
60,1,1900-01-01 00:00:00,2200-01-01 00:00:00,63,"https://marlo.cgiar.org/projects/CCAFS/studySummary.do?studyID=3313&cycle=Reporting&year=2019","Link 3"
61,1,1900-01-01 00:00:00,2200-01-01 00:00:00,64,"https://cgspace.cgiar.org/handle/10568/108052","Link 1"
62,1,1900-01-01 00:00:00,2200-01-01 00:00:00,65,"https://marlo.cgiar.org/projects/CCAFS/studySummary.do?studyID=121&cycle=Reporting&year=2018","Link 2"
63,1,1900-01-01 00:00:00,2200-01-01 00:00:00,66,"https://marlo.cgiar.org/projects/CCAFS/studySummary.do?studyID=3105&cycle=Reporting&year=2019","Link 3"
64,1,1900-01-01 00:00:00,2200-01-01 00:00:00,67,"https://cgspace.cgiar.org/bitstream/handle/10568/107255/WP%20MTA%20Outcomes.pdf?sequence=1&isAllowed=y","Link 4"
65,1,1900-01-01 00:00:00,2200-01-01 00:00:00,68,"https://marlo.cgiar.org/projects/CCAFS/studySummary.do?studyID=3086&cycle=Reporting&year=2019","Link 1"
66,1,1900-01-01 00:00:00,2200-01-01 00:00:00,69,"http://farmech.dac.gov.in/revised/1.1.2019/REPORT%20OF%20THE%20COMMITTEE-FINAL(CORRECTED).pdf","Link 1"
67,1,1900-01-01 00:00:00,2200-01-01 00:00:00,70,"https://science.sciencemag.org/content/365/6453/536","Link 2"
68,1,1900-01-01 00:00:00,2200-01-01 00:00:00,71,"https://hdl.handle.net/20.500.12348/4138","Link 1"
69,1,1900-01-01 00:00:00,2200-01-01 00:00:00,72,"https://hdl.handle.net/20.500.12348/4128","Link 2"
70,1,1900-01-01 00:00:00,2200-01-01 00:00:00,73,"https://hdl.handle.net/20.500.12348/4035","Link 1"
71,1,1900-01-01 00:00:00,2200-01-01 00:00:00,74,"https://hdl.handle.net/20.500.12348/4124","Link 2"
72,1,1900-01-01 00:00:00,2200-01-01 00:00:00,75,"https://hdl.handle.net/20.500.11766.1/fd1647","Link 3"
73,1,1900-01-01 00:00:00,2200-01-01 00:00:00,76,"https://hdl.handle.net/20.500.12348/4026","Link 1"
74,1,1900-01-01 00:00:00,2200-01-01 00:00:00,77,"https://hdl.handle.net/20.500.12348/4139","Link 2"
75,1,1900-01-01 00:00:00,2200-01-01 00:00:00,78,"https://cgiar.sharepoint.com/:w:/s/FISHOperations/EQDTIXiUKRRErSBh-KTiJK0BotBx91ZaqOgy2tzGL3wMRg?e=vFt8mC","Link 1"
76,1,1900-01-01 00:00:00,2200-01-01 00:00:00,79,"https://hdl.handle.net/20.500.12348/3954","Link 2"
77,1,1900-01-01 00:00:00,2200-01-01 00:00:00,80,"https://hdl.handle.net/20.500.12348/4138","Link 1"
78,1,1900-01-01 00:00:00,2200-01-01 00:00:00,81,"https://hdl.handle.net/20.500.12348/4128","Link 2"
79,1,1900-01-01 00:00:00,2200-01-01 00:00:00,82,"https://hdl.handle.net/20.500.11766.1/feb9ec","Link 3"
80,1,1900-01-01 00:00:00,2200-01-01 00:00:00,83,"https://cgiar.sharepoint.com/:w:/s/FISHOperations/EQDTIXiUKRRErSBh-KTiJK0BotBx91ZaqOgy2tzGL3wMRg?e=vFt8mC","Link 1"
81,1,1900-01-01 00:00:00,2200-01-01 00:00:00,84,"https://hdl.handle.net/20.500.12348/4026 ","Link 1"
82,1,1900-01-01 00:00:00,2200-01-01 00:00:00,85,"https://hdl.handle.net/20.500.12348/4139","Link 2"
83,1,1900-01-01 00:00:00,2200-01-01 00:00:00,86,"https://hdl.handle.net/20.500.11766.1/0a3ce7","Link 3"
84,1,1900-01-01 00:00:00,2200-01-01 00:00:00,87,"https://hdl.handle.net/20.500.11766.1/6cf5b6","Link 4"
85,1,1900-01-01 00:00:00,2200-01-01 00:00:00,88,"https://hdl.handle.net/20.500.12348/3993","Link 1"
86,1,1900-01-01 00:00:00,2200-01-01 00:00:00,89,"https://hdl.handle.net/20.500.12348/4117","Link 2"
87,1,1900-01-01 00:00:00,2200-01-01 00:00:00,90,"https://hdl.handle.net/20.500.11766.1/35fae9","Link 3"
88,1,1900-01-01 00:00:00,2200-01-01 00:00:00,91,"https://hdl.handle.net/20.500.12348/3945","Link 1"
89,1,1900-01-01 00:00:00,2200-01-01 00:00:00,92,"https://hdl.handle.net/20.500.12348/4125","Link 2"
90,1,1900-01-01 00:00:00,2200-01-01 00:00:00,93,"https://hdl.handle.net/20.500.11766.1/8cbe17","Link 3"
91,1,1900-01-01 00:00:00,2200-01-01 00:00:00,94,"https://hdl.handle.net/20.500.12348/4094","Link 4"
92,1,1900-01-01 00:00:00,2200-01-01 00:00:00,95,"https://hdl.handle.net/20.500.12348/4129","Link 5"
93,1,1900-01-01 00:00:00,2200-01-01 00:00:00,96,"https://hdl.handle.net/20.500.12348/3954","Link 1"
94,1,1900-01-01 00:00:00,2200-01-01 00:00:00,97,"https://hdl.handle.net/20.500.12348/3952","Link 1"
95,1,1900-01-01 00:00:00,2200-01-01 00:00:00,98,"https://hdl.handle.net/20.500.12348/4094","Link 1"
96,1,1900-01-01 00:00:00,2200-01-01 00:00:00,99,"https://hdl.handle.net/20.500.12348/4129","Link 2"
97,1,1900-01-01 00:00:00,2200-01-01 00:00:00,100,"https://hdl.handle.net/20.500.11766.1/63409f","Link 3"
98,1,1900-01-01 00:00:00,2200-01-01 00:00:00,101,"https://hdl.handle.net/20.500.12348/103","Link 4"
99,1,1900-01-01 00:00:00,2200-01-01 00:00:00,102,"https://hdl.handle.net/20.500.12348/4035","Link 1"
100,1,1900-01-01 00:00:00,2200-01-01 00:00:00,103,"https://hdl.handle.net/20.500.12348/4138","Link 1"
101,1,1900-01-01 00:00:00,2200-01-01 00:00:00,104,"https://hdl.handle.net/20.500.12348/4128","Link 2"
102,1,1900-01-01 00:00:00,2200-01-01 00:00:00,105,"https://hdl.handle.net/20.500.11766.1/feb9ec","Link 3"
103,1,1900-01-01 00:00:00,2200-01-01 00:00:00,106,"https://hdl.handle.net/20.500.12348/533","Link 4"
104,1,1900-01-01 00:00:00,2200-01-01 00:00:00,107,"https://hdl.handle.net/20.500.12348/546","Link 5"
105,1,1900-01-01 00:00:00,2200-01-01 00:00:00,108,"https://cgiar.sharepoint.com/:w:/s/FISHOperations/EQDTIXiUKRRErSBh-KTiJK0BotBx91ZaqOgy2tzGL3wMRg?e=vFt8mC","Link 1"
106,1,1900-01-01 00:00:00,2200-01-01 00:00:00,109,"https://hdl.handle.net/20.500.12348/546","Link 2"
107,1,1900-01-01 00:00:00,2200-01-01 00:00:00,110,"https://hdl.handle.net/20.500.12348/3945","Link 1"
108,1,1900-01-01 00:00:00,2200-01-01 00:00:00,111,"https://hdl.handle.net/20.500.12348/4125","Link 2"
109,1,1900-01-01 00:00:00,2200-01-01 00:00:00,112,"https://hdl.handle.net/20.500.11766.1/8cbe17","Link 3"
110,1,1900-01-01 00:00:00,2200-01-01 00:00:00,113,"https://hdl.handle.net/20.500.12348/3993","Link 1"
111,1,1900-01-01 00:00:00,2200-01-01 00:00:00,114,"https://hdl.handle.net/20.500.12348/4117","Link 2"
112,1,1900-01-01 00:00:00,2200-01-01 00:00:00,115,"https://hdl.handle.net/20.500.11766.1/35fae9","Link 3"
113,1,1900-01-01 00:00:00,2200-01-01 00:00:00,116,"https://hdl.handle.net/20.500.12348/3954 ","Link 1"
114,1,1900-01-01 00:00:00,2200-01-01 00:00:00,117,"https://hdl.handle.net/20.500.12348/140","Link 2"
115,1,1900-01-01 00:00:00,2200-01-01 00:00:00,118,"https://hdl.handle.net/20.500.12348/715 ","Link 3"
116,1,1900-01-01 00:00:00,2200-01-01 00:00:00,119,"https://hdl.handle.net/20.500.12348/3954","Link 1"
117,1,1900-01-01 00:00:00,2200-01-01 00:00:00,120,"https://hdl.handle.net/20.500.12348/140","Link 2"
118,1,1900-01-01 00:00:00,2200-01-01 00:00:00,121,"https://hdl.handle.net/20.500.12348/715","Link 3"
119,1,1900-01-01 00:00:00,2200-01-01 00:00:00,122,"https://hdl.handle.net/20.500.12348/4026","Link 1"
120,1,1900-01-01 00:00:00,2200-01-01 00:00:00,123,"https://hdl.handle.net/20.500.12348/4026","Link 2"
121,1,1900-01-01 00:00:00,2200-01-01 00:00:00,124,"https://hdl.handle.net/20.500.11766.1/9fef77","Link 3"
122,1,1900-01-01 00:00:00,2200-01-01 00:00:00,125,"https://hdl.handle.net/20.500.12348/4035","Link 1"
123,1,1900-01-01 00:00:00,2200-01-01 00:00:00,126,"https://hdl.handle.net/20.500.12348/4124","Link 2"
124,1,1900-01-01 00:00:00,2200-01-01 00:00:00,127,"https://hdl.handle.net/20.500.12348/715","Link 3"
125,1,1900-01-01 00:00:00,2200-01-01 00:00:00,128,"https://hdl.handle.net/20.500.12348/4138","Link 1"
126,1,1900-01-01 00:00:00,2200-01-01 00:00:00,129,"https://hdl.handle.net/20.500.12348/4128","Link 2"
127,1,1900-01-01 00:00:00,2200-01-01 00:00:00,130,"https://hdl.handle.net/20.500.12348/715","Link 3"
128,1,1900-01-01 00:00:00,2200-01-01 00:00:00,131,"https://hdl.handle.net/20.500.12348/4094","Link 4"
129,1,1900-01-01 00:00:00,2200-01-01 00:00:00,132,"https://hdl.handle.net/20.500.12348/4129","Link 5"
130,1,1900-01-01 00:00:00,2200-01-01 00:00:00,133,"https://hdl.handle.net/20.500.12348/3633","Link 6"
131,1,1900-01-01 00:00:00,2200-01-01 00:00:00,134,"https://hdl.handle.net/20.500.12348/3952","Link 1"
132,1,1900-01-01 00:00:00,2200-01-01 00:00:00,135,"https://hdl.handle.net/20.500.12348/1885","Link 2"
133,1,1900-01-01 00:00:00,2200-01-01 00:00:00,136,"https://hdl.handle.net/20.500.12348/3954","Link 1"
134,1,1900-01-01 00:00:00,2200-01-01 00:00:00,137,"https://www.ecologyandsociety.org/vol24/iss1/art1/","Link 1"
135,1,1900-01-01 00:00:00,2200-01-01 00:00:00,138,"http://www.adansonia-consulting.ch/document/restoration_of_degraded_land.pdf","Link 1"
136,1,1900-01-01 00:00:00,2200-01-01 00:00:00,139,"https://doi.org/10.1016/j.worlddev.2019.104835","Link 1"
137,1,1900-01-01 00:00:00,2200-01-01 00:00:00,140,"https://www.dropbox.com/s/n2zf9f7b1ukkzz8/regreening%20year%202_AnnualReport_EXTERNAL_EMAIL.pdf?dl=","Link 1"
138,1,1900-01-01 00:00:00,2200-01-01 00:00:00,141,"http://apps.worldagroforestry.org/sites/default/files/outputs/Muthuri%20et%20al,%202019.%20T4FS-2%20project%20Overview%20and%20Project%20magazine.pdf","Link 1"
139,1,1900-01-01 00:00:00,2200-01-01 00:00:00,142,"https://www.dropbox.com/s/gr79maco6iveizh/DryDev%20End%20PRogramme%20report2020123.docx?dl=0","Link 1"
140,1,1900-01-01 00:00:00,2200-01-01 00:00:00,143,"https://www.dropbox.com/s/cdypml5za3y6qkn/2018-19","Link 1"
141,1,1900-01-01 00:00:00,2200-01-01 00:00:00,144,"http://apps.worldagroforestry.org/sites/default/files/outputs/Muthuri%20et%20al,%202019.%20T4FS-2%20project%20Overview%20and%20Project%20magazine.pdf","Link 1"
142,1,1900-01-01 00:00:00,2200-01-01 00:00:00,145,"https://doi.org/10.1016/j.worlddev.2019.104835","Link 1"
143,1,1900-01-01 00:00:00,2200-01-01 00:00:00,146,"https://www.dropbox.com/s/n2zf9f7b1ukkzz8/regreening%20year%202_AnnualReport_EXTERNAL_EMAIL.pdf?dl=0","Link 1"
144,1,1900-01-01 00:00:00,2200-01-01 00:00:00,147,"http://www.resilientfoodsystems.co/sites/default/files/2020-03/RFS_Annual%20Report_2019.pdf","Link 1"
145,1,1900-01-01 00:00:00,2200-01-01 00:00:00,148,"https://www.dropbox.com/s/gr79maco6iveizh/DryDev%20End%20PRogramme%20report2020123.docx?dl=0","Link 1"
146,1,1900-01-01 00:00:00,2200-01-01 00:00:00,149,"http://www.worldagroforestry.org/blog/2020/03/03/gambia-controlling-wild-fire-offers-nature-based-solution-diminishing-wild-food-and","Link 1"
147,1,1900-01-01 00:00:00,2200-01-01 00:00:00,150,"https://hdl.handle.net/20.500.11766.1/c7534c","Link 1"
148,1,1900-01-01 00:00:00,2200-01-01 00:00:00,151,"https://doi.org/10.1111/1477-9552.12331","Link 2"
149,1,1900-01-01 00:00:00,2200-01-01 00:00:00,152,"https://doi.org/10.1016/j.worlddev.2019.104631","Link 1"
150,1,1900-01-01 00:00:00,2200-01-01 00:00:00,153,"https://mel.cgiar.org/uploads/relatedfiles/A8FaPXaOzIONaANhWoiD8l8CbhO7cl.docx","Link 1"
151,1,1900-01-01 00:00:00,2200-01-01 00:00:00,154,"https://cgspace.cgiar.org/bitstream/handle/10568/105989/TL3%20Impact%20report%20Final%20draft.pdf?sequence=1&isAllowed=y","Link 1"
152,1,1900-01-01 00:00:00,2200-01-01 00:00:00,155,"https://hdl.handle.net/20.500.11766.1/7d03d8","Link 1"
153,1,1900-01-01 00:00:00,2200-01-01 00:00:00,156,"https://doi.org/10.1007/s12571-017-0753-4","Link 2"
154,1,1900-01-01 00:00:00,2200-01-01 00:00:00,157,"https://hdl.handle.net/20.500.11766.1/e21ed7","Link 1"
155,1,1900-01-01 00:00:00,2200-01-01 00:00:00,158,"https://hdl.handle.net/20.500.11766/9784","Link 2"
156,1,1900-01-01 00:00:00,2200-01-01 00:00:00,159,"https://hdl.handle.net/20.500.11766.1/e21ed7","Link 1"
157,1,1900-01-01 00:00:00,2200-01-01 00:00:00,160,"https://hdl.handle.net/20.500.11766/9784","Link 2"
158,1,1900-01-01 00:00:00,2200-01-01 00:00:00,161,"https://hdl.handle.net/20.500.11766.1/c7534c ","Link 1"
159,1,1900-01-01 00:00:00,2200-01-01 00:00:00,162,"https://doi.org/10.1016/j.worlddev.2019.05.027","Link 2"
160,1,1900-01-01 00:00:00,2200-01-01 00:00:00,163,"https://hdl.handle.net/20.500.11766.1/c7534c","Link 1"
161,1,1900-01-01 00:00:00,2200-01-01 00:00:00,164,"https://doi.org/10.1111/1477-9552.12331","Link 2"
162,1,1900-01-01 00:00:00,2200-01-01 00:00:00,165,"https://hdl.handle.net/20.500.11766.1/e21ed7","Link 1"
163,1,1900-01-01 00:00:00,2200-01-01 00:00:00,166,"https://hdl.handle.net/20.500.11766/9784","Link 2"
164,1,1900-01-01 00:00:00,2200-01-01 00:00:00,167,"https://doi.org/10.1016/j.worlddev.2019.104631","Link 1"
165,1,1900-01-01 00:00:00,2200-01-01 00:00:00,168,"https://doi.org/10.1177/0030727018813698","Link 1"
166,1,1900-01-01 00:00:00,2200-01-01 00:00:00,169,"https://hdl.handle.net/20.500.11766.1/7d03d8","Link 1"
167,1,1900-01-01 00:00:00,2200-01-01 00:00:00,170,"https://doi.org/10.1007/s12571-017-0753-4","Link 2"
168,1,1900-01-01 00:00:00,2200-01-01 00:00:00,171,"https://hdl.handle.net/20.500.11766.1/9a68e5","Link 1"
169,1,1900-01-01 00:00:00,2200-01-01 00:00:00,172,"https://hdl.handle.net/20.500.11766/10690","Link 2"
170,1,1900-01-01 00:00:00,2200-01-01 00:00:00,173,"https://www.icarda.org/media/drywire/lentil-biofortification-research-fight-hidden-hunger","Link 3"
171,1,1900-01-01 00:00:00,2200-01-01 00:00:00,174,"https://doi.org/10.1016/j.foodpol.2018.11.004","Link 4"
172,1,1900-01-01 00:00:00,2200-01-01 00:00:00,175,"https://www.icrisat.org/mainstreaming-biofortification-of-pearl-millet-to-tackle-malnutrition/","Link 5"
173,1,1900-01-01 00:00:00,2200-01-01 00:00:00,176,"http://measure.icrisat.org/enumerator/pi2019_survey372_surveydata/68/372","Link 6"
174,1,1900-01-01 00:00:00,2200-01-01 00:00:00,177,"https://doi.org/10.1002/cche.10227","Link 7"
175,1,1900-01-01 00:00:00,2200-01-01 00:00:00,178,"https://academic.oup.com/jn/article-abstract/145/7/1576/4644387","Link 8"
176,1,1900-01-01 00:00:00,2200-01-01 00:00:00,179,"https://doi.org/10.1016/j.wsif.2019.102264","Link 1"
177,1,1900-01-01 00:00:00,2200-01-01 00:00:00,180,"https://doi.org/10.1111/1477-9552.12283","Link 1"
178,1,1900-01-01 00:00:00,2200-01-01 00:00:00,181,"https://doi.org/10.1080/17565529.2017.1372269","Link 1"
179,1,1900-01-01 00:00:00,2200-01-01 00:00:00,182,"https://doi.org/10.1016/j.techsoc.2018.09.011","Link 2"
180,1,1900-01-01 00:00:00,2200-01-01 00:00:00,183,"https://doi.org/10.1016/j.ecolecon.2019.03.023","Link 1"
181,1,1900-01-01 00:00:00,2200-01-01 00:00:00,184,"https://doi.org/10.1080/17565529.2019.1701401","Link 1"
182,1,1900-01-01 00:00:00,2200-01-01 00:00:00,185,"https://doi.org/10.2298/JAS1903303O","Link 2"
183,1,1900-01-01 00:00:00,2200-01-01 00:00:00,186,"https://doi.org/10.1155/2020/5959868","Link 1"
184,1,1900-01-01 00:00:00,2200-01-01 00:00:00,187,"https://doi.org/10.1080/10438599.2019.1669331","Link 1"
185,1,1900-01-01 00:00:00,2200-01-01 00:00:00,188,"https://doi.org/10.1016/j.agsy.2019.04.001","Link 1"
186,1,1900-01-01 00:00:00,2200-01-01 00:00:00,189,"https://doi.org/10.1016/j.landusepol.2019.104091","Link 1"
187,1,1900-01-01 00:00:00,2200-01-01 00:00:00,190,"http://dx.doi.org/10.1108/ijccsm-03-2018-0024","Link 2"
188,1,1900-01-01 00:00:00,2200-01-01 00:00:00,191,"https://doi.org/10.1016/j.landusepol.2020.104524","Link 3"
189,1,1900-01-01 00:00:00,2200-01-01 00:00:00,192,"https://doi.org/10.1111/rode.12561","Link 1"
190,1,1900-01-01 00:00:00,2200-01-01 00:00:00,193,"https://doi.org/10.1016/j.jclepro.2019.01.278","Link 1"
191,1,1900-01-01 00:00:00,2200-01-01 00:00:00,194,"https://doi.org/10.1016/j.agsy.2019.01.004","Link 2"
192,1,1900-01-01 00:00:00,2200-01-01 00:00:00,195,"https://doi.org/10.1111/agec.12520","Link 1"
193,1,1900-01-01 00:00:00,2200-01-01 00:00:00,196,"https://doi.org/10.1016/j.wdp.2019.100149","Link 1"
194,1,1900-01-01 00:00:00,2200-01-01 00:00:00,197,"http://dx.doi.org/10.22004/ag.econ.292467","Link 1"
195,1,1900-01-01 00:00:00,2200-01-01 00:00:00,198,"https://doi.org/10.1016/B978-0-12-814820-4.00015-8","Link 1"
196,1,1900-01-01 00:00:00,2200-01-01 00:00:00,199,"https://doi.org/10.1016/j.still.2018.02.015","Link 1"
197,1,1900-01-01 00:00:00,2200-01-01 00:00:00,200,"https://doi.org/10.1017/S0014479718000297","Link 1"
198,1,1900-01-01 00:00:00,2200-01-01 00:00:00,201,"http://news.irri.org/2019/04/green-super-rice-varieties-are-boosting.html#more","Link 1"
199,1,1900-01-01 00:00:00,2200-01-01 00:00:00,202,"https://link.springer.com/article/10.1007%2Fs00122-019-03516-9","Link 2"
200,1,1900-01-01 00:00:00,2200-01-01 00:00:00,203,"http://corigap.irri.org/","Link 1"
201,1,1900-01-01 00:00:00,2200-01-01 00:00:00,204,"http://www.grisp.net/file_cabinet/files/984822/download/CORIGAP%202019%20Annual%20Progress%20Report.pdf?m=1585653806","Link 2"
202,1,1900-01-01 00:00:00,2200-01-01 00:00:00,205,"https://doi.org/10.1080/1343943X.2019.1667834","Link 1"
203,1,1900-01-01 00:00:00,2200-01-01 00:00:00,206,"https://csisa.org/wp-content/uploads/sites/2/2019/11/Annual-Technical-Report-01Oct18-to-30Sep19-CSISA-III-31Oct19.pdf","Link 1"
204,1,1900-01-01 00:00:00,2200-01-01 00:00:00,207,"http://www.grisp.net/file_cabinet/files/984822/download/CORIGAP%202019%20Annual%20Progress%20Report.pdf?m=1585653806","Link 1"
205,1,1900-01-01 00:00:00,2200-01-01 00:00:00,208,"http://corigap.irri.org/","Link 2"
206,1,1900-01-01 00:00:00,2200-01-01 00:00:00,209,"https://cals.arizona.edu/arec/sites/cals.arizona.edu.arec/files/publications/CRP-201902.pdf","Link 1"
207,1,1900-01-01 00:00:00,2200-01-01 00:00:00,210,"https://ageconsearch.umn.edu/record/295793/files/243.%20Rice%20in%20three%20African%20countries.pdf","Link 1"
208,1,1900-01-01 00:00:00,2200-01-01 00:00:00,211,"https://doi.org/10.1080/1343943X.2019.1667834","Link 2"
209,1,1900-01-01 00:00:00,2200-01-01 00:00:00,212,"https://cals.arizona.edu/arec/sites/cals.arizona.edu.arec/files/publications/CRP-201902.pdf","Link 1"
210,1,1900-01-01 00:00:00,2200-01-01 00:00:00,213,"http://www.grisp.net/file_cabinet/files/984822/download/CORIGAP%202019%20Annual%20Progress%20Report.pdf?m=1585653806","Link 1"
211,1,1900-01-01 00:00:00,2200-01-01 00:00:00,214,"http://corigap.irri.org/","Link 2"
212,1,1900-01-01 00:00:00,2200-01-01 00:00:00,215,"https://ageconsearch.umn.edu/record/295793/files/243.%20Rice%20in%20three%20African%20countries.pdf","Link 1"
213,1,1900-01-01 00:00:00,2200-01-01 00:00:00,216,"https://doi.org/10.1080/1343943X.2019.1667834","Link 1"
214,1,1900-01-01 00:00:00,2200-01-01 00:00:00,217,"http://www.grisp.net/file_cabinet/files/965138/download/2019%20Philippines,%20HB04269,%20Land%20Leveling.pdf?m=1569283926","Link 1"
215,1,1900-01-01 00:00:00,2200-01-01 00:00:00,218,"https://hdl.handle.net/10568/100204","Link 1"
216,1,1900-01-01 00:00:00,2200-01-01 00:00:00,219,"https://doi.org/10.1093/jipm/pmz002","Link 2"
217,1,1900-01-01 00:00:00,2200-01-01 00:00:00,220,"https://hdl.handle.net/20.500.11766.1/3fcd07","Link 1"
218,1,1900-01-01 00:00:00,2200-01-01 00:00:00,221,"https://dx.doi.org/10.3390/su11092610","Link 2"
219,1,1900-01-01 00:00:00,2200-01-01 00:00:00,222,"https://hdl.handle.net/20.500.11766.1/88d5f6 ","Link 1"
220,1,1900-01-01 00:00:00,2200-01-01 00:00:00,223,"https://www.sweetpotatoknowledge.org/files/sweetpotato-for-profit-and-health-initiative-status-of-sweetpotato-in-sub-saharan-africa-september-2019-2/","Link 2"
221,1,1900-01-01 00:00:00,2200-01-01 00:00:00,224,"https://doi.org/10.1016/j.worlddev.2019.06.006","Link 1"
222,1,1900-01-01 00:00:00,2200-01-01 00:00:00,225,"https://doi.org/10.1016/j.fcr.2020.107742","Link 1"
223,1,1900-01-01 00:00:00,2200-01-01 00:00:00,226,"https://doi.org/10.1016/j.fcr.2020.107742","Link 2"
224,1,1900-01-01 00:00:00,2200-01-01 00:00:00,227,"https://doi.org/10.1007/s13593-019-0602-2","Link 1"
225,1,1900-01-01 00:00:00,2200-01-01 00:00:00,228,"https://doi.org/10.1186/s40538-019-0162-3","Link 1"
226,1,1900-01-01 00:00:00,2200-01-01 00:00:00,229,"https://science.sciencemag.org/content/365/6453/536.summary?casa_token=qd3SN9tt3XEAAAAA:t3Br5r0GWYMAFkUqxO-gt1l9qigE0duKwA41CqlJTMAo7xL-BNokrvb23J0SB3jnDABiYuM4thtscw","Link 1"
227,1,1900-01-01 00:00:00,2200-01-01 00:00:00,230,"http://farmech.dac.gov.in/revised/1.1.2019/REPORT%20OF%20THE%20COMMITTEE-FINAL(CORRECTED).pdf","Link 2"
228,1,1900-01-01 00:00:00,2200-01-01 00:00:00,231,"https://www.iari.res.in/files/Latest-News/PressReleaseEnglish_13022020.pdf","Link 3"
229,1,1900-01-01 00:00:00,2200-01-01 00:00:00,232,"https://doi.org/10.1186/s12864-019-6015-4","Link 1"
230,1,1900-01-01 00:00:00,2200-01-01 00:00:00,233,"https://doi.org/10.15302/J-FASE-2019261","Link 1"
