fk_id_policy_info,fk_id_crp,fk_id_pol_inv_typ,fk_id_smo_org_types,fk_id_stage_processes,fk_id_stg_maturity,fk_id_geo_scopes,fk_id_phases,fk_id_location,fk_id_ext_partner,fk_id_policy_owner,"fk_id_oics"
1,2,1,0,4,0,4,26,85,298,2,"326"
2,2,1,0,3,0,4,23,67,346,2,"165"
2,2,1,0,3,0,4,23,67,673,2,"165"
2,2,1,0,3,0,4,23,67,1962,2,"165"
2,2,1,0,3,0,4,23,67,2037,2,"165"
2,2,1,0,3,0,4,23,67,113,2,"165"
2,2,1,0,3,0,4,23,67,346,1,"165"
2,2,1,0,3,0,4,23,67,673,1,"165"
2,2,1,0,3,0,4,23,67,1962,1,"165"
2,2,1,0,3,0,4,23,67,2037,1,"165"
2,2,1,0,3,0,4,23,67,113,1,"165"
3,1,1,10,3,0,2,6,298,646,2,"0"
3,1,1,10,3,0,2,6,298,21,2,"0"
3,1,1,10,3,0,2,6,298,184,2,"0"
3,1,1,10,3,0,2,6,298,269,2,"95"
3,1,1,10,3,0,2,6,298,471,2,"95"
3,1,1,10,3,0,2,6,298,2011,2,"95"
3,1,1,10,3,0,2,6,298,470,2,"95"
3,1,1,10,3,0,2,6,298,711,2,"95"
3,1,1,10,3,0,2,6,298,191,2,"95"
3,1,1,10,3,0,2,6,298,122,2,"95"
3,1,1,10,3,0,2,6,298,12,2,"95"
3,1,1,10,3,0,2,6,298,184,2,"95"
3,1,1,10,3,0,2,6,298,467,2,"95"
4,1,1,4,4,0,5,6,258,505,2,"0"
4,1,1,4,4,0,5,6,258,281,2,"0"
4,1,1,4,4,0,5,6,258,252,2,"0"
4,1,1,4,4,0,5,6,258,223,2,"0"
4,1,1,4,4,0,5,6,258,861,2,"0"
4,1,1,4,4,0,5,6,258,1662,2,"0"
5,1,1,8,4,0,3,6,24,944,2,"0"
5,1,1,8,4,0,3,6,24,860,2,"0"
5,1,1,8,4,0,3,6,24,285,2,"0"
5,1,1,8,4,0,3,6,24,27,2,"0"
5,1,1,8,4,0,3,6,24,93,2,"0"
5,1,1,8,4,0,3,6,135,944,2,"0"
5,1,1,8,4,0,3,6,135,860,2,"0"
5,1,1,8,4,0,3,6,135,285,2,"0"
5,1,1,8,4,0,3,6,135,27,2,"0"
5,1,1,8,4,0,3,6,135,93,2,"0"
6,1,1,8,4,0,5,6,24,93,2,"0"
6,1,1,8,4,0,5,6,24,860,2,"0"
6,1,1,8,4,0,5,6,24,944,2,"0"
6,1,1,8,4,0,5,6,24,2198,2,"0"
7,1,1,8,4,0,4,6,118,202,2,"0"
7,1,1,8,4,0,4,6,118,106,2,"0"
7,1,1,8,4,0,4,6,118,110,2,"0"
7,1,1,8,4,0,4,6,118,115,2,"0"
7,1,1,8,4,0,4,6,118,112,2,"0"
7,1,1,8,4,0,4,6,118,400,2,"0"
8,1,1,8,4,0,4,6,93,554,2,"0"
8,1,1,8,4,0,4,6,93,506,2,"0"
8,1,1,8,4,0,4,6,93,711,2,"0"
9,1,1,4,4,0,4,6,258,505,2,"0"
9,1,1,4,4,0,4,6,258,281,2,"0"
9,1,1,4,4,0,4,6,258,252,2,"0"
9,1,1,4,4,0,4,6,258,223,2,"0"
9,1,1,4,4,0,4,6,258,861,2,"0"
9,1,1,4,4,0,4,6,258,1662,2,"0"
10,1,1,8,4,0,5,6,183,815,2,"97"
10,1,1,8,4,0,5,6,183,954,2,"97"
10,1,1,8,4,0,5,6,183,372,2,"97"
11,1,3,8,4,0,5,9,183,491,2,"330"
11,1,3,8,4,0,5,9,183,2504,2,"330"
11,1,3,8,4,0,5,9,183,79,2,"330"
11,1,3,8,4,0,5,9,183,695,2,"330"
11,1,3,8,4,0,5,9,183,2746,2,"330"
11,1,3,8,4,0,5,9,183,951,2,"330"
12,1,1,8,4,0,4,6,269,203,2,"184"
13,1,1,8,5,0,4,9,269,203,2,"0"
13,1,1,8,5,0,4,9,269,203,2,"341"
14,1,3,10,4,0,1,6,87,0,1,"115"
14,1,3,10,4,0,1,6,87,673,1,"0"
15,1,4,8,4,0,4,6,201,1018,2,"0"
16,1,1,6,3,0,5,6,258,1599,3,"0"
16,1,1,6,3,0,5,6,258,158,3,"0"
17,1,1,8,4,0,5,6,201,273,2,"0"
18,1,1,4,4,0,4,6,201,273,2,"0"
19,1,1,0,4,0,4,6,201,273,2,"0"
20,2,1,0,4,0,4,23,139,693,2,"197"
20,2,1,0,4,0,4,23,139,302,2,"197"
20,2,1,0,4,0,4,23,139,673,2,"197"
21,2,1,0,4,0,4,23,19,650,2,"199"
21,2,1,0,4,0,4,23,19,294,2,"199"
21,2,1,0,4,0,4,23,19,673,2,"199"
22,1,1,8,3,0,4,6,26,186,2,"0"
23,1,2,4,4,0,5,6,258,505,2,"0"
23,1,2,4,4,0,5,6,258,281,2,"0"
23,1,2,4,4,0,5,6,258,252,2,"0"
23,1,2,4,4,0,5,6,258,223,2,"0"
23,1,2,4,4,0,5,6,258,861,2,"0"
23,1,2,4,4,0,5,6,258,1662,2,"0"
24,1,1,8,4,0,4,6,50,193,2,"187"
24,1,1,8,4,0,4,6,50,2206,2,"187"
25,1,1,8,4,0,4,6,201,271,2,"0"
25,1,1,8,4,0,4,6,201,113,2,"0"
25,1,1,8,4,0,4,6,201,1692,2,"0"
25,1,1,8,4,0,4,6,201,1825,2,"0"
25,1,1,8,4,0,4,6,201,1826,2,"0"
25,1,1,8,4,0,4,6,201,273,2,"0"
26,1,4,8,4,0,4,6,85,552,2,"164"
26,1,4,8,4,0,4,6,85,25,2,"164"
26,1,4,8,4,0,4,6,85,105,2,"164"
26,1,4,8,4,0,4,6,85,106,2,"164"
26,1,4,8,4,0,4,6,85,552,3,"164"
26,1,4,8,4,0,4,6,85,25,3,"164"
26,1,4,8,4,0,4,6,85,105,3,"164"
26,1,4,8,4,0,4,6,85,106,3,"164"
27,1,1,8,4,0,5,6,269,123,2,"0"
28,1,1,8,4,0,5,6,201,556,2,"0"
28,1,1,8,4,0,5,6,201,273,2,"0"
28,1,1,8,4,0,5,6,201,86,2,"0"
28,1,1,8,4,0,5,6,201,279,2,"0"
28,1,1,8,4,0,5,6,201,273,2,"0"
28,1,1,8,4,0,5,6,201,273,2,"0"
28,1,1,8,4,0,5,6,201,106,2,"0"
28,1,1,8,4,0,5,6,201,1692,2,"0"
29,1,1,3,3,0,1,6,87,552,3,"0"
29,1,1,3,3,0,1,6,87,1384,3,"0"
29,1,1,3,3,0,1,6,87,552,4,"0"
29,1,1,3,3,0,1,6,87,1384,4,"0"
30,1,1,5,3,0,4,6,50,79,2,"0"
30,1,1,5,3,0,4,6,50,467,2,"0"
30,1,1,5,3,0,4,6,50,191,2,"0"
30,1,1,5,3,0,4,6,50,192,2,"0"
31,1,3,3,4,0,3,6,50,677,4,"114"
31,1,3,3,4,0,3,6,50,106,4,"0"
31,1,3,3,4,0,3,6,50,677,4,"0"
31,1,3,3,4,0,3,6,54,677,4,"114"
31,1,3,3,4,0,3,6,54,106,4,"0"
31,1,3,3,4,0,3,6,54,677,4,"0"
31,1,3,3,4,0,3,6,66,677,4,"114"
31,1,3,3,4,0,3,6,66,106,4,"0"
31,1,3,3,4,0,3,6,66,677,4,"0"
31,1,3,3,4,0,3,6,85,677,4,"114"
31,1,3,3,4,0,3,6,85,106,4,"0"
31,1,3,3,4,0,3,6,85,677,4,"0"
31,1,3,3,4,0,3,6,93,677,4,"114"
31,1,3,3,4,0,3,6,93,106,4,"0"
31,1,3,3,4,0,3,6,93,677,4,"0"
31,1,3,3,4,0,3,6,101,677,4,"114"
31,1,3,3,4,0,3,6,101,106,4,"0"
31,1,3,3,4,0,3,6,101,677,4,"0"
31,1,3,3,4,0,3,6,106,677,4,"114"
31,1,3,3,4,0,3,6,106,106,4,"0"
31,1,3,3,4,0,3,6,106,677,4,"0"
31,1,3,3,4,0,3,6,118,677,4,"114"
31,1,3,3,4,0,3,6,118,106,4,"0"
31,1,3,3,4,0,3,6,118,677,4,"0"
31,1,3,3,4,0,3,6,146,677,4,"114"
31,1,3,3,4,0,3,6,146,106,4,"0"
31,1,3,3,4,0,3,6,146,677,4,"0"
31,1,3,3,4,0,3,6,187,677,4,"114"
31,1,3,3,4,0,3,6,187,106,4,"0"
31,1,3,3,4,0,3,6,187,677,4,"0"
31,1,3,3,4,0,3,6,200,677,4,"114"
31,1,3,3,4,0,3,6,200,106,4,"0"
31,1,3,3,4,0,3,6,200,677,4,"0"
31,1,3,3,4,0,3,6,209,677,4,"114"
31,1,3,3,4,0,3,6,209,106,4,"0"
31,1,3,3,4,0,3,6,209,677,4,"0"
31,1,3,3,4,0,3,6,222,677,4,"114"
31,1,3,3,4,0,3,6,222,106,4,"0"
31,1,3,3,4,0,3,6,222,677,4,"0"
31,1,3,3,4,0,3,6,68,677,4,"114"
31,1,3,3,4,0,3,6,68,106,4,"0"
31,1,3,3,4,0,3,6,68,677,4,"0"
31,1,3,3,4,0,3,6,258,677,4,"114"
31,1,3,3,4,0,3,6,258,106,4,"0"
31,1,3,3,4,0,3,6,258,677,4,"0"
32,2,1,0,3,0,1,23,87,79,1,"203"
33,2,1,0,4,0,1,26,87,79,1,"397"
34,2,1,0,4,0,5,23,195,2242,2,"207"
34,2,1,0,4,0,5,23,195,210,2,"207"
34,2,1,0,4,0,5,23,195,79,2,"207"
34,2,1,0,4,0,5,23,195,329,2,"207"
35,2,1,0,4,0,4,23,19,79,1,"202"
35,2,1,0,4,0,4,23,19,650,1,"202"
36,2,1,0,4,0,4,23,209,187,2,"204"
36,2,1,0,4,0,4,23,209,356,2,"204"
37,4,1,3,3,0,4,57,72,0,2,"166"
37,4,1,3,3,0,4,57,72,0,4,"166"
38,4,1,3,3,0,4,60,72,0,2,"0"
38,4,1,3,3,0,4,60,72,0,4,"0"
39,4,1,0,4,0,4,57,32,971,2,"244"
39,4,1,0,4,0,4,57,32,320,2,"244"
39,4,1,0,4,0,4,57,32,1864,2,"244"
39,4,1,0,4,0,4,57,32,1810,2,"244"
40,4,1,0,4,0,5,57,118,960,2,"168"
40,4,1,0,4,0,5,57,118,132,2,"168"
41,15,1,3,3,0,4,142,105,0,1,"0"
41,15,1,3,3,0,4,142,105,0,2,"0"
42,1,1,10,4,0,2,6,299,719,4,"0"
43,4,1,0,3,0,4,57,105,118,2,"255"
43,4,1,0,3,0,4,57,105,1878,2,"255"
43,4,1,0,3,0,4,57,105,1736,2,"255"
43,4,1,0,3,0,4,57,105,1859,2,"255"
44,4,1,9,3,0,1,57,87,0,4,"0"
44,4,1,9,3,0,1,57,87,0,2,"0"
45,4,1,0,3,0,2,57,299,0,2,"0"
45,4,1,0,3,0,2,57,299,0,4,"0"
46,4,1,0,3,0,1,57,87,0,3,"0"
47,4,1,0,3,0,1,57,87,0,4,"0"
48,4,1,0,3,0,1,57,87,0,4,"0"
49,2,1,0,4,0,4,23,19,79,1,"208"
49,2,1,0,4,0,4,23,19,1889,1,"208"
50,2,1,0,4,0,4,23,136,348,1,"205"
50,2,1,0,4,0,4,23,136,356,1,"205"
51,2,1,0,4,0,4,23,72,1002,1,"201"
51,2,1,0,4,0,4,23,72,79,1,"201"
51,2,1,0,4,0,4,23,72,636,1,"201"
52,2,1,0,4,0,4,23,47,675,2,"206"
52,2,1,0,4,0,4,23,47,2183,2,"206"
52,2,1,0,4,0,4,23,47,2386,2,"206"
52,2,1,0,4,0,4,23,47,2539,2,"206"
53,1,1,8,4,0,5,6,50,154,2,"0"
53,1,1,8,4,0,5,6,50,511,2,"0"
54,1,1,8,3,0,4,6,118,0,2,"0"
55,1,3,7,3,0,4,6,118,646,2,"0"
55,1,3,7,3,0,4,6,118,110,2,"0"
55,1,3,7,3,0,4,6,118,646,1,"0"
55,1,3,7,3,0,4,6,118,110,1,"0"
56,2,1,0,4,0,4,23,19,650,2,"200"
56,2,1,0,4,0,4,23,19,294,2,"200"
56,2,1,0,4,0,4,23,19,146,2,"200"
56,2,1,0,4,0,4,23,19,436,2,"200"
57,5,1,8,3,0,4,74,50,0,2,"0"
58,4,1,1,3,0,1,57,87,0,1,"0"
59,1,3,8,4,0,2,6,276,673,1,"0"
60,12,1,8,4,0,4,108,26,186,4,"214"
60,12,1,8,4,0,4,108,26,246,4,"214"
60,12,1,8,4,0,4,108,26,186,2,"214"
60,12,1,8,4,0,4,108,26,246,2,"214"
61,2,1,0,4,0,4,23,201,271,2,"195"
61,2,1,0,4,0,4,23,201,1692,2,"195"
61,2,1,0,4,0,4,23,201,1825,2,"195"
61,2,1,0,4,0,4,23,201,1826,2,"195"
62,5,1,8,4,0,4,74,209,0,2,"272"
63,2,1,0,4,0,4,23,72,513,2,"219"
63,2,1,0,4,0,4,23,72,2410,2,"219"
63,2,1,0,4,0,4,23,72,513,3,"219"
63,2,1,0,4,0,4,23,72,2410,3,"219"
64,5,3,1,3,0,4,74,72,0,2,"0"
65,2,1,0,4,0,4,23,136,187,2,"204"
65,2,1,0,4,0,4,23,136,356,2,"204"
66,4,1,2,3,0,1,57,87,0,4,"0"
67,2,3,0,4,0,5,23,19,650,1,"198"
67,2,3,0,4,0,5,23,19,707,1,"198"
67,2,3,0,4,0,5,23,19,525,1,"198"
68,4,3,0,4,0,3,57,37,291,1,"217"
68,4,3,0,4,0,3,57,37,146,1,"217"
68,4,3,0,4,0,3,57,72,291,1,"217"
68,4,3,0,4,0,3,57,72,146,1,"217"
68,4,3,0,4,0,3,57,105,291,1,"217"
68,4,3,0,4,0,3,57,105,146,1,"217"
68,4,3,0,4,0,3,57,118,291,1,"217"
68,4,3,0,4,0,3,57,118,146,1,"217"
68,4,3,0,4,0,3,57,154,291,1,"217"
68,4,3,0,4,0,3,57,154,146,1,"217"
68,4,3,0,4,0,3,57,189,291,1,"217"
68,4,3,0,4,0,3,57,189,146,1,"217"
68,4,3,0,4,0,3,57,262,291,1,"217"
68,4,3,0,4,0,3,57,262,146,1,"217"
69,12,1,8,4,0,4,108,201,1018,2,"0"
69,12,1,8,4,0,4,108,201,273,2,"0"
69,12,1,8,4,0,4,108,201,273,2,"212"
70,4,1,0,4,0,2,57,276,195,4,"249"
70,4,1,0,4,0,2,57,276,79,4,"249"
70,4,1,0,4,0,2,57,276,1610,4,"249"
70,4,1,0,4,0,2,57,276,518,4,"249"
70,4,1,0,4,0,2,57,276,500,4,"249"
70,4,1,0,4,0,2,57,276,517,4,"249"
70,4,1,0,4,0,2,57,276,2389,4,"249"
70,4,1,0,4,0,2,57,276,2391,4,"249"
71,2,2,0,3,0,4,23,201,271,2,"195"
71,2,2,0,3,0,4,23,201,1692,2,"195"
71,2,2,0,3,0,4,23,201,1825,2,"195"
71,2,2,0,3,0,4,23,201,1826,2,"195"
72,2,1,0,4,0,4,23,72,79,1,"208"
72,2,1,0,4,0,4,23,72,1889,1,"208"
73,2,1,0,4,0,4,23,189,79,1,"208"
73,2,1,0,4,0,4,23,189,1889,1,"208"
74,2,1,0,4,0,4,23,101,79,1,"208"
74,2,1,0,4,0,4,23,101,1889,1,"208"
75,2,1,0,4,0,4,23,118,79,1,"208"
75,2,1,0,4,0,4,23,118,1889,1,"208"
76,2,4,0,4,0,4,23,136,1135,2,"209"
76,2,4,0,4,0,4,23,136,2189,2,"209"
77,2,1,0,4,0,4,23,195,2242,2,"207"
77,2,1,0,4,0,4,23,195,210,2,"207"
77,2,1,0,4,0,4,23,195,79,2,"207"
77,2,1,0,4,0,4,23,195,329,2,"207"
78,2,3,0,3,0,4,23,19,650,1,"199"
78,2,3,0,3,0,4,23,19,294,1,"199"
78,2,3,0,3,0,4,23,19,673,1,"199"
79,4,3,0,3,0,4,57,258,0,1,"0"
80,4,1,7,3,0,1,57,87,0,1,"0"
81,4,1,0,3,0,2,57,299,0,4,"0"
82,3,3,8,4,0,4,40,72,93,2,"257"
82,3,3,8,4,0,4,40,72,349,2,"257"
82,3,3,8,4,0,4,40,72,286,2,"257"
82,3,3,8,4,0,4,40,72,2026,2,"257"
82,3,3,8,4,0,4,40,72,1012,2,"257"
83,3,3,8,4,0,4,40,105,363,2,"258"
83,3,3,8,4,0,4,40,105,2387,2,"258"
83,3,3,8,4,0,4,40,105,2466,2,"258"
83,3,3,8,4,0,4,40,105,2499,2,"258"
83,3,3,8,4,0,4,40,105,2448,2,"258"
83,3,3,8,4,0,4,40,105,83,2,"258"
83,3,3,8,4,0,4,40,105,1379,2,"258"
84,3,1,3,4,0,4,40,246,79,1,"245"
85,3,1,10,4,0,1,40,87,646,4,"261"
85,3,1,10,4,0,1,40,87,781,4,"261"
86,3,1,3,3,0,4,40,105,951,1,"262"
86,3,1,3,3,0,4,40,105,79,1,"262"
86,3,1,3,3,0,4,40,105,286,1,"262"
87,2,4,0,4,0,5,23,200,646,2,"211"
87,2,4,0,4,0,5,23,200,679,2,"211"
87,2,4,0,4,0,5,23,200,674,2,"211"
87,2,4,0,4,0,5,23,200,1614,2,"211"
87,2,4,0,4,0,5,23,200,1732,2,"211"
88,5,2,6,3,0,4,74,118,0,2,"0"
89,5,1,10,4,0,1,74,87,739,4,"271"
89,5,1,10,4,0,1,74,87,2202,4,"271"
90,5,1,1,3,0,1,74,87,0,1,"0"
91,5,1,10,4,0,1,74,87,739,4,"273"
91,5,1,10,4,0,1,74,87,2202,4,"273"
92,9,1,3,3,0,2,91,299,0,3,"0"
92,9,1,3,3,0,2,91,299,0,2,"0"
93,9,1,2,3,0,1,91,87,0,2,"0"
94,9,1,3,3,0,1,91,87,0,2,"0"
94,9,1,3,3,0,1,91,87,0,3,"0"
95,9,1,3,3,0,2,91,298,0,2,"0"
96,9,4,2,3,0,2,91,299,0,2,"0"
96,9,4,2,3,0,2,91,299,0,3,"0"
97,9,1,3,3,0,1,91,87,0,1,"0"
98,9,1,4,3,0,2,91,279,0,2,"0"
99,9,1,4,4,0,2,94,279,646,2,"566"
100,9,1,4,3,0,4,91,183,0,3,"0"
101,9,1,4,4,0,4,94,183,1370,2,"574"
101,9,1,4,4,0,4,94,183,372,2,"574"
101,9,1,4,4,0,4,94,183,366,2,"574"
102,21,1,0,4,0,1,264,87,0,4,"0"
103,21,1,0,3,0,1,264,87,0,0,"0"
104,21,1,0,3,0,1,264,87,0,4,"0"
105,12,1,1,4,0,2,111,277,739,2,"422"
105,12,1,1,4,0,2,111,277,109,2,"422"
105,12,1,1,4,0,2,111,277,739,3,"422"
105,12,1,1,4,0,2,111,277,109,3,"422"
106,12,1,8,5,0,4,111,269,1780,2,"416"
106,12,1,8,5,0,4,111,269,1018,2,"416"
106,12,1,8,5,0,4,111,269,238,2,"416"
106,12,1,8,5,0,4,111,269,2332,2,"429"
106,12,1,8,5,0,4,111,269,1780,2,"429"
106,12,1,8,5,0,4,111,269,238,2,"429"
106,12,1,8,5,0,4,111,269,2593,2,"429"
106,12,1,8,5,0,4,111,269,439,2,"402"
106,12,1,8,5,0,4,111,269,2464,2,"402"
106,12,1,8,5,0,4,111,269,2597,2,"402"
106,12,1,8,5,0,4,111,269,394,2,"402"
106,12,1,8,5,0,4,111,269,203,2,"402"
106,12,1,8,5,0,4,111,269,0,2,"695"
106,12,1,8,5,0,4,111,269,238,2,"696"
106,12,1,8,5,0,4,111,269,1018,2,"696"
106,12,1,8,5,0,4,111,269,1780,2,"696"
106,12,1,8,5,0,4,111,269,2590,2,"696"
108,12,1,8,3,0,4,111,269,0,2,"0"
108,12,1,8,3,0,4,111,269,0,3,"0"
109,12,1,8,3,0,4,111,201,1780,2,"434"
109,12,1,8,3,0,4,111,201,238,2,"434"
109,12,1,8,3,0,4,111,201,1018,2,"434"
109,12,1,8,3,0,4,111,201,2590,2,"434"
110,13,2,0,4,0,4,125,50,0,2,"0"
111,13,2,0,4,0,4,125,209,0,2,"0"
112,13,1,0,3,0,4,125,262,0,2,"0"
113,13,1,0,4,0,4,125,72,0,2,"0"
114,13,1,0,3,0,4,125,72,0,2,"0"
115,13,0,0,4,0,4,125,154,0,2,"0"
116,13,1,0,3,0,2,125,279,0,2,"0"
117,13,1,0,4,0,4,125,262,0,2,"0"
118,13,1,0,3,0,2,125,277,0,2,"0"
118,13,1,0,3,0,2,125,280,0,2,"0"
119,13,1,0,4,0,2,125,299,0,2,"0"
120,13,1,0,3,0,4,125,200,0,2,"0"
121,18,4,0,3,0,5,230,258,0,2,"0"
122,18,1,0,4,0,4,230,105,0,2,"0"
122,18,1,0,4,0,4,230,105,0,3,"0"
123,17,1,0,4,0,2,213,282,2602,1,"282"
123,17,1,0,4,0,2,213,282,2608,1,"282"
123,17,1,0,4,0,2,213,282,2643,1,"282"
123,17,1,0,4,0,2,213,282,2602,2,"282"
123,17,1,0,4,0,2,213,282,2608,2,"282"
123,17,1,0,4,0,2,213,282,2643,2,"282"
123,17,1,0,4,0,2,213,280,2602,1,"282"
123,17,1,0,4,0,2,213,280,2608,1,"282"
123,17,1,0,4,0,2,213,280,2643,1,"282"
123,17,1,0,4,0,2,213,280,2602,2,"282"
123,17,1,0,4,0,2,213,280,2608,2,"282"
123,17,1,0,4,0,2,213,280,2643,2,"282"
124,17,1,0,4,0,4,213,248,2602,2,"282"
124,17,1,0,4,0,4,213,248,2608,2,"282"
124,17,1,0,4,0,4,213,248,2643,2,"282"
125,17,1,0,4,0,5,213,105,0,2,"0"
126,17,1,0,3,0,4,213,19,0,2,"0"
126,17,1,0,3,0,4,213,19,0,3,"0"
127,17,3,0,3,0,3,213,19,0,1,"0"
127,17,3,0,3,0,3,213,189,0,1,"0"
128,1,1,0,4,0,4,9,101,269,2,"0"
129,5,1,0,4,0,4,77,118,4161,2,"449"
130,1,1,0,3,0,1,9,87,1227,2,"0"
130,1,1,0,3,0,1,9,87,1226,2,"0"
130,1,1,0,3,0,1,9,87,1227,4,"0"
130,1,1,0,3,0,1,9,87,1226,4,"0"
131,1,1,0,4,0,4,9,258,945,2,"453"
131,1,1,0,4,0,4,9,258,2410,2,"453"
131,1,1,0,4,0,4,9,258,67,2,"453"
131,1,1,0,4,0,4,9,258,2107,2,"453"
131,1,1,0,4,0,4,9,258,945,2,"468"
131,1,1,0,4,0,4,9,258,960,2,"468"
131,1,1,0,4,0,4,9,258,2245,2,"468"
131,1,1,0,4,0,4,9,258,1387,2,"468"
132,5,3,0,4,0,4,77,262,4164,2,"443"
132,5,3,0,4,0,4,77,262,2484,2,"443"
132,5,3,0,4,0,4,77,262,4121,2,"443"
132,5,3,0,4,0,4,77,262,4123,2,"443"
132,5,3,0,4,0,4,77,262,674,2,"443"
132,5,3,0,4,0,4,77,262,598,2,"443"
132,5,3,0,4,0,4,77,262,4164,1,"443"
132,5,3,0,4,0,4,77,262,2484,1,"443"
132,5,3,0,4,0,4,77,262,4121,1,"443"
132,5,3,0,4,0,4,77,262,4123,1,"443"
132,5,3,0,4,0,4,77,262,674,1,"443"
132,5,3,0,4,0,4,77,262,598,1,"443"
133,1,1,0,4,0,4,9,269,203,2,"442"
133,1,1,0,4,0,4,9,269,203,2,"341"
134,1,1,0,5,0,5,9,269,203,2,"341"
134,1,1,0,5,0,5,9,269,203,2,"442"
135,19,1,0,3,0,4,183,248,2127,2,"438"
135,19,1,0,3,0,4,183,248,2127,4,"438"
136,1,4,0,3,0,4,9,269,203,2,"341"
137,1,1,0,5,0,4,9,155,279,2,"306"
137,1,1,0,5,0,4,9,155,556,2,"306"
137,1,1,0,5,0,4,9,155,1034,2,"439"
137,1,1,0,5,0,4,9,155,1030,2,"439"
138,1,1,0,4,0,4,9,269,203,2,"341"
139,1,1,0,3,0,4,9,105,740,2,"0"
139,1,1,0,3,0,4,9,105,1047,2,"0"
139,1,1,0,3,0,4,9,105,951,2,"0"
139,1,1,0,3,0,4,9,105,695,2,"0"
140,4,1,0,4,0,4,60,85,195,2,"456"
140,4,1,0,4,0,4,60,85,636,2,"456"
140,4,1,0,4,0,4,60,85,4589,2,"456"
140,4,1,0,4,0,4,60,85,298,2,"456"
140,4,1,0,4,0,4,60,85,4577,2,"456"
140,4,1,0,4,0,4,60,85,4541,2,"456"
140,4,1,0,4,0,4,60,85,79,2,"456"
140,4,1,0,4,0,4,60,85,146,2,"456"
141,4,1,0,4,0,4,60,85,195,3,"456"
141,4,1,0,4,0,4,60,85,636,3,"456"
141,4,1,0,4,0,4,60,85,4589,3,"456"
141,4,1,0,4,0,4,60,85,298,3,"456"
141,4,1,0,4,0,4,60,85,4577,3,"456"
141,4,1,0,4,0,4,60,85,4541,3,"456"
141,4,1,0,4,0,4,60,85,79,3,"456"
141,4,1,0,4,0,4,60,85,146,3,"456"
142,4,1,0,4,0,4,60,37,195,2,"456"
142,4,1,0,4,0,4,60,37,636,2,"456"
142,4,1,0,4,0,4,60,37,4589,2,"456"
142,4,1,0,4,0,4,60,37,298,2,"456"
142,4,1,0,4,0,4,60,37,4577,2,"456"
142,4,1,0,4,0,4,60,37,4541,2,"456"
142,4,1,0,4,0,4,60,37,79,2,"456"
142,4,1,0,4,0,4,60,37,146,2,"456"
142,4,1,0,4,0,4,60,37,195,3,"456"
142,4,1,0,4,0,4,60,37,636,3,"456"
142,4,1,0,4,0,4,60,37,4589,3,"456"
142,4,1,0,4,0,4,60,37,298,3,"456"
142,4,1,0,4,0,4,60,37,4577,3,"456"
142,4,1,0,4,0,4,60,37,4541,3,"456"
142,4,1,0,4,0,4,60,37,79,3,"456"
142,4,1,0,4,0,4,60,37,146,3,"456"
143,4,1,0,3,0,4,60,249,0,2,"0"
144,4,3,0,3,0,4,60,238,0,1,"0"
147,5,3,0,4,0,3,77,118,3986,1,"450"
147,5,3,0,4,0,3,77,118,4123,1,"450"
147,5,3,0,4,0,3,77,118,4164,1,"450"
147,5,3,0,4,0,3,77,118,349,1,"450"
147,5,3,0,4,0,3,77,118,4166,1,"450"
147,5,3,0,4,0,3,77,262,3986,1,"450"
147,5,3,0,4,0,3,77,262,4123,1,"450"
147,5,3,0,4,0,3,77,262,4164,1,"450"
147,5,3,0,4,0,3,77,262,349,1,"450"
147,5,3,0,4,0,3,77,262,4166,1,"450"
148,5,1,0,4,0,4,77,72,349,2,"459"
148,5,1,0,4,0,4,77,72,93,2,"459"
148,5,1,0,4,0,4,77,72,4052,2,"459"
148,5,1,0,4,0,4,77,72,83,2,"459"
148,5,1,0,4,0,4,77,72,598,2,"459"
149,5,4,0,4,0,4,77,72,1665,2,"502"
149,5,4,0,4,0,4,77,72,146,2,"502"
277,1,3,0,2,0,4,3,105,0,0,"0"
302,2,1,0,1,0,4,20,72,0,0,"0"
292,2,1,0,2,0,4,20,262,0,0,"0"
291,2,1,0,1,0,3,20,118,0,0,"0"
291,2,1,0,1,0,3,20,135,0,0,"0"
291,2,1,0,1,0,3,20,136,0,0,"0"
291,2,1,0,1,0,3,20,189,0,0,"0"
291,2,1,0,1,0,3,20,209,0,0,"0"
291,2,1,0,1,0,3,20,262,0,0,"0"
291,2,1,0,1,0,3,20,258,0,0,"0"
291,2,1,0,1,0,3,20,274,0,0,"0"
291,2,1,0,1,0,3,20,61,0,0,"0"
291,2,1,0,1,0,3,20,60,0,0,"0"
291,2,1,0,1,0,3,20,72,0,0,"0"
277,1,3,0,2,0,4,3,105,0,0,"0"
302,2,1,0,1,0,4,20,72,0,0,"0"
292,2,1,0,2,0,4,20,262,0,0,"0"
291,2,1,0,1,0,3,20,118,0,0,"0"
291,2,1,0,1,0,3,20,135,0,0,"0"
291,2,1,0,1,0,3,20,136,0,0,"0"
291,2,1,0,1,0,3,20,189,0,0,"0"
291,2,1,0,1,0,3,20,209,0,0,"0"
291,2,1,0,1,0,3,20,262,0,0,"0"
291,2,1,0,1,0,3,20,258,0,0,"0"
291,2,1,0,1,0,3,20,274,0,0,"0"
291,2,1,0,1,0,3,20,61,0,0,"0"
291,2,1,0,1,0,3,20,60,0,0,"0"
291,2,1,0,1,0,3,20,72,0,0,"0"
284,1,1,0,2,0,4,3,118,0,0,"0"
301,2,1,0,1,0,4,20,67,0,0,"0"
302,2,1,0,1,0,4,20,72,0,0,"0"
303,2,3,0,1,0,4,20,105,0,0,"0"
304,2,3,0,1,0,4,20,105,0,0,"0"
276,1,3,0,1,0,4,3,105,0,0,"0"
277,1,3,0,2,0,4,3,105,0,0,"0"
282,1,1,0,2,0,4,3,105,0,0,"0"
303,2,3,0,1,0,4,20,105,0,0,"0"
304,2,3,0,1,0,4,20,105,0,0,"0"
306,2,1,0,1,0,1,20,87,0,0,"0"
286,1,1,0,2,0,4,3,209,0,0,"0"
284,1,1,0,2,0,4,3,118,0,0,"0"
301,2,1,0,1,0,4,20,67,0,0,"0"
302,2,1,0,1,0,4,20,72,0,0,"0"
303,2,3,0,1,0,4,20,105,0,0,"0"
304,2,3,0,1,0,4,20,105,0,0,"0"
276,1,3,0,1,0,4,3,105,0,0,"0"
277,1,3,0,2,0,4,3,105,0,0,"0"
282,1,1,0,2,0,4,3,105,0,0,"0"
303,2,3,0,1,0,4,20,105,0,0,"0"
304,2,3,0,1,0,4,20,105,0,0,"0"
306,2,1,0,1,0,1,20,87,0,0,"0"
286,1,1,0,2,0,4,3,209,0,0,"0"
284,1,1,0,2,0,4,3,118,0,0,"0"
301,2,1,0,1,0,4,20,67,0,0,"0"
302,2,1,0,1,0,4,20,72,0,0,"0"
303,2,3,0,1,0,4,20,105,0,0,"0"
304,2,3,0,1,0,4,20,105,0,0,"0"
276,1,3,0,1,0,4,3,105,0,0,"0"
277,1,3,0,2,0,4,3,105,0,0,"0"
282,1,1,0,2,0,4,3,105,0,0,"0"
303,2,3,0,1,0,4,20,105,0,0,"0"
304,2,3,0,1,0,4,20,105,0,0,"0"
306,2,1,0,1,0,1,20,87,0,0,"0"
286,1,1,0,2,0,4,3,209,0,0,"0"
284,1,1,0,2,0,4,3,118,0,0,"0"
301,2,1,0,1,0,4,20,67,0,0,"0"
302,2,1,0,1,0,4,20,72,0,0,"0"
303,2,3,0,1,0,4,20,105,0,0,"0"
304,2,3,0,1,0,4,20,105,0,0,"0"
276,1,3,0,1,0,4,3,105,0,0,"0"
277,1,3,0,2,0,4,3,105,0,0,"0"
282,1,1,0,2,0,4,3,105,0,0,"0"
303,2,3,0,1,0,4,20,105,0,0,"0"
304,2,3,0,1,0,4,20,105,0,0,"0"
306,2,1,0,1,0,1,20,87,0,0,"0"
286,1,1,0,2,0,4,3,209,0,0,"0"
301,2,1,0,1,0,4,20,67,0,0,"0"
277,1,3,0,2,0,4,3,105,0,0,"0"
302,2,1,0,1,0,4,20,72,0,0,"0"
305,2,1,0,1,0,1,20,87,0,0,"0"
277,1,3,0,2,0,4,3,105,0,0,"0"
302,2,1,0,1,0,4,20,72,0,0,"0"
305,2,1,0,1,0,1,20,87,0,0,"0"
283,1,1,0,2,0,3,3,187,0,0,"0"
283,1,1,0,2,0,3,3,197,0,0,"0"
283,1,1,0,2,0,3,3,68,0,0,"0"
283,1,1,0,2,0,3,3,23,0,0,"0"
283,1,1,0,2,0,3,3,54,0,0,"0"
283,1,1,0,2,0,3,3,65,0,0,"0"
283,1,1,0,2,0,3,3,93,0,0,"0"
283,1,1,0,2,0,3,3,101,0,0,"0"
278,1,2,0,2,0,1,3,87,0,0,"0"
279,1,1,0,2,0,3,3,183,0,0,"0"
279,1,1,0,2,0,3,3,209,0,0,"0"
279,1,1,0,2,0,3,3,258,0,0,"0"
279,1,1,0,2,0,3,3,37,0,0,"0"
279,1,1,0,2,0,3,3,26,0,0,"0"
279,1,1,0,2,0,3,3,60,0,0,"0"
279,1,1,0,2,0,3,3,54,0,0,"0"
279,1,1,0,2,0,3,3,93,0,0,"0"
280,1,2,0,2,0,3,3,135,0,0,"0"
280,1,2,0,2,0,3,3,24,0,0,"0"
278,1,2,0,2,0,1,3,87,0,0,"0"
279,1,1,0,2,0,3,3,183,0,0,"0"
279,1,1,0,2,0,3,3,209,0,0,"0"
279,1,1,0,2,0,3,3,258,0,0,"0"
279,1,1,0,2,0,3,3,37,0,0,"0"
279,1,1,0,2,0,3,3,26,0,0,"0"
279,1,1,0,2,0,3,3,60,0,0,"0"
279,1,1,0,2,0,3,3,54,0,0,"0"
279,1,1,0,2,0,3,3,93,0,0,"0"
280,1,2,0,2,0,3,3,135,0,0,"0"
280,1,2,0,2,0,3,3,24,0,0,"0"
288,2,3,0,1,0,4,20,243,0,0,"0"
289,2,1,0,1,0,4,20,118,0,0,"0"
281,1,3,0,1,0,4,3,188,0,0,"0"
288,2,3,0,1,0,4,20,243,0,0,"0"
289,2,1,0,1,0,4,20,118,0,0,"0"
281,1,3,0,1,0,4,3,188,0,0,"0"
305,2,1,0,1,0,1,20,87,0,0,"0"
288,2,3,0,1,0,4,20,243,0,0,"0"
289,2,1,0,1,0,4,20,118,0,0,"0"
281,1,3,0,1,0,4,3,188,0,0,"0"
281,1,3,0,1,0,4,3,188,0,0,"0"
305,2,1,0,1,0,1,20,87,0,0,"0"
306,2,1,0,1,0,1,20,87,0,0,"0"
305,2,1,0,1,0,1,20,87,0,0,"0"
282,1,1,0,2,0,4,3,105,0,0,"0"
292,2,1,0,2,0,4,20,262,0,0,"0"
282,1,1,0,2,0,4,3,105,0,0,"0"
281,1,3,0,1,0,4,3,188,0,0,"0"
295,2,1,0,1,0,2,20,299,0,0,"0"
296,2,3,0,1,0,3,20,118,0,0,"0"
296,2,3,0,1,0,3,20,155,0,0,"0"
296,2,3,0,1,0,3,20,136,0,0,"0"
296,2,3,0,1,0,3,20,262,0,0,"0"
296,2,3,0,1,0,3,20,67,0,0,"0"
296,2,3,0,1,0,3,20,72,0,0,"0"
296,2,3,0,1,0,3,20,85,0,0,"0"
297,2,1,0,1,0,1,20,87,0,0,"0"
298,2,3,0,1,0,3,20,139,0,0,"0"
298,2,3,0,1,0,3,20,189,0,0,"0"
298,2,3,0,1,0,3,20,249,0,0,"0"
298,2,3,0,1,0,3,20,274,0,0,"0"
298,2,3,0,1,0,3,20,37,0,0,"0"
298,2,3,0,1,0,3,20,93,0,0,"0"
299,2,1,0,1,0,4,20,183,0,0,"0"
300,2,1,0,1,0,1,20,87,0,0,"0"
298,2,3,0,1,0,3,20,139,0,0,"0"
298,2,3,0,1,0,3,20,189,0,0,"0"
298,2,3,0,1,0,3,20,249,0,0,"0"
298,2,3,0,1,0,3,20,274,0,0,"0"
298,2,3,0,1,0,3,20,37,0,0,"0"
298,2,3,0,1,0,3,20,93,0,0,"0"
299,2,1,0,1,0,4,20,183,0,0,"0"
300,2,1,0,1,0,1,20,87,0,0,"0"
278,1,2,0,2,0,1,3,87,0,0,"0"
279,1,1,0,2,0,3,3,183,0,0,"0"
279,1,1,0,2,0,3,3,209,0,0,"0"
279,1,1,0,2,0,3,3,258,0,0,"0"
279,1,1,0,2,0,3,3,37,0,0,"0"
279,1,1,0,2,0,3,3,26,0,0,"0"
279,1,1,0,2,0,3,3,60,0,0,"0"
279,1,1,0,2,0,3,3,54,0,0,"0"
279,1,1,0,2,0,3,3,93,0,0,"0"
280,1,2,0,2,0,3,3,135,0,0,"0"
280,1,2,0,2,0,3,3,24,0,0,"0"
285,1,1,0,2,0,4,3,54,0,0,"0"
287,2,1,0,1,0,4,20,189,0,0,"0"
290,2,1,0,1,0,3,20,105,0,0,"0"
290,2,1,0,1,0,3,20,118,0,0,"0"
290,2,1,0,1,0,3,20,39,0,0,"0"
290,2,1,0,1,0,3,20,3,0,0,"0"
290,2,1,0,1,0,3,20,135,0,0,"0"
290,2,1,0,1,0,3,20,136,0,0,"0"
290,2,1,0,1,0,3,20,188,0,0,"0"
290,2,1,0,1,0,3,20,187,0,0,"0"
290,2,1,0,1,0,3,20,183,0,0,"0"
290,2,1,0,1,0,3,20,200,0,0,"0"
290,2,1,0,1,0,3,20,201,0,0,"0"
290,2,1,0,1,0,3,20,249,0,0,"0"
290,2,1,0,1,0,3,20,262,0,0,"0"
290,2,1,0,1,0,3,20,19,0,0,"0"
290,2,1,0,1,0,3,20,27,0,0,"0"
290,2,1,0,1,0,3,20,61,0,0,"0"
290,2,1,0,1,0,3,20,40,0,0,"0"
290,2,1,0,1,0,3,20,50,0,0,"0"
290,2,1,0,1,0,3,20,66,0,0,"0"
290,2,1,0,1,0,3,20,234,0,0,"0"
290,2,1,0,1,0,3,20,93,0,0,"0"
290,2,1,0,1,0,3,20,106,0,0,"0"
291,2,1,0,1,0,3,20,118,0,0,"0"
291,2,1,0,1,0,3,20,135,0,0,"0"
291,2,1,0,1,0,3,20,136,0,0,"0"
291,2,1,0,1,0,3,20,189,0,0,"0"
291,2,1,0,1,0,3,20,209,0,0,"0"
291,2,1,0,1,0,3,20,262,0,0,"0"
291,2,1,0,1,0,3,20,258,0,0,"0"
291,2,1,0,1,0,3,20,274,0,0,"0"
291,2,1,0,1,0,3,20,61,0,0,"0"
291,2,1,0,1,0,3,20,60,0,0,"0"
291,2,1,0,1,0,3,20,72,0,0,"0"
292,2,1,0,2,0,4,20,262,0,0,"0"
294,2,3,0,1,0,4,20,85,0,0,"0"
295,2,1,0,1,0,2,20,299,0,0,"0"
296,2,3,0,1,0,3,20,118,0,0,"0"
296,2,3,0,1,0,3,20,155,0,0,"0"
296,2,3,0,1,0,3,20,136,0,0,"0"
296,2,3,0,1,0,3,20,262,0,0,"0"
296,2,3,0,1,0,3,20,67,0,0,"0"
296,2,3,0,1,0,3,20,72,0,0,"0"
296,2,3,0,1,0,3,20,85,0,0,"0"
297,2,1,0,1,0,1,20,87,0,0,"0"
278,1,2,0,2,0,1,3,87,0,0,"0"
279,1,1,0,2,0,3,3,183,0,0,"0"
279,1,1,0,2,0,3,3,209,0,0,"0"
279,1,1,0,2,0,3,3,258,0,0,"0"
279,1,1,0,2,0,3,3,37,0,0,"0"
279,1,1,0,2,0,3,3,26,0,0,"0"
279,1,1,0,2,0,3,3,60,0,0,"0"
279,1,1,0,2,0,3,3,54,0,0,"0"
279,1,1,0,2,0,3,3,93,0,0,"0"
280,1,2,0,2,0,3,3,135,0,0,"0"
280,1,2,0,2,0,3,3,24,0,0,"0"
285,1,1,0,2,0,4,3,54,0,0,"0"
287,2,1,0,1,0,4,20,189,0,0,"0"
290,2,1,0,1,0,3,20,105,0,0,"0"
290,2,1,0,1,0,3,20,118,0,0,"0"
290,2,1,0,1,0,3,20,39,0,0,"0"
290,2,1,0,1,0,3,20,3,0,0,"0"
290,2,1,0,1,0,3,20,135,0,0,"0"
290,2,1,0,1,0,3,20,136,0,0,"0"
290,2,1,0,1,0,3,20,188,0,0,"0"
290,2,1,0,1,0,3,20,187,0,0,"0"
290,2,1,0,1,0,3,20,183,0,0,"0"
290,2,1,0,1,0,3,20,200,0,0,"0"
290,2,1,0,1,0,3,20,201,0,0,"0"
290,2,1,0,1,0,3,20,249,0,0,"0"
290,2,1,0,1,0,3,20,262,0,0,"0"
290,2,1,0,1,0,3,20,19,0,0,"0"
290,2,1,0,1,0,3,20,27,0,0,"0"
290,2,1,0,1,0,3,20,61,0,0,"0"
290,2,1,0,1,0,3,20,40,0,0,"0"
290,2,1,0,1,0,3,20,50,0,0,"0"
290,2,1,0,1,0,3,20,66,0,0,"0"
290,2,1,0,1,0,3,20,234,0,0,"0"
290,2,1,0,1,0,3,20,93,0,0,"0"
290,2,1,0,1,0,3,20,106,0,0,"0"
291,2,1,0,1,0,3,20,118,0,0,"0"
291,2,1,0,1,0,3,20,135,0,0,"0"
291,2,1,0,1,0,3,20,136,0,0,"0"
291,2,1,0,1,0,3,20,189,0,0,"0"
291,2,1,0,1,0,3,20,209,0,0,"0"
291,2,1,0,1,0,3,20,262,0,0,"0"
291,2,1,0,1,0,3,20,258,0,0,"0"
291,2,1,0,1,0,3,20,274,0,0,"0"
291,2,1,0,1,0,3,20,61,0,0,"0"
291,2,1,0,1,0,3,20,60,0,0,"0"
291,2,1,0,1,0,3,20,72,0,0,"0"
292,2,1,0,2,0,4,20,262,0,0,"0"
294,2,3,0,1,0,4,20,85,0,0,"0"
295,2,1,0,1,0,2,20,299,0,0,"0"
296,2,3,0,1,0,3,20,118,0,0,"0"
296,2,3,0,1,0,3,20,155,0,0,"0"
296,2,3,0,1,0,3,20,136,0,0,"0"
296,2,3,0,1,0,3,20,262,0,0,"0"
296,2,3,0,1,0,3,20,67,0,0,"0"
296,2,3,0,1,0,3,20,72,0,0,"0"
296,2,3,0,1,0,3,20,85,0,0,"0"
297,2,1,0,1,0,1,20,87,0,0,"0"
278,1,2,0,2,0,1,3,87,0,0,"0"
279,1,1,0,2,0,3,3,183,0,0,"0"
279,1,1,0,2,0,3,3,209,0,0,"0"
279,1,1,0,2,0,3,3,258,0,0,"0"
279,1,1,0,2,0,3,3,37,0,0,"0"
279,1,1,0,2,0,3,3,26,0,0,"0"
279,1,1,0,2,0,3,3,60,0,0,"0"
279,1,1,0,2,0,3,3,54,0,0,"0"
279,1,1,0,2,0,3,3,93,0,0,"0"
280,1,2,0,2,0,3,3,135,0,0,"0"
280,1,2,0,2,0,3,3,24,0,0,"0"
285,1,1,0,2,0,4,3,54,0,0,"0"
287,2,1,0,1,0,4,20,189,0,0,"0"
290,2,1,0,1,0,3,20,105,0,0,"0"
290,2,1,0,1,0,3,20,118,0,0,"0"
290,2,1,0,1,0,3,20,39,0,0,"0"
290,2,1,0,1,0,3,20,3,0,0,"0"
290,2,1,0,1,0,3,20,135,0,0,"0"
290,2,1,0,1,0,3,20,136,0,0,"0"
290,2,1,0,1,0,3,20,188,0,0,"0"
290,2,1,0,1,0,3,20,187,0,0,"0"
290,2,1,0,1,0,3,20,183,0,0,"0"
290,2,1,0,1,0,3,20,200,0,0,"0"
290,2,1,0,1,0,3,20,201,0,0,"0"
290,2,1,0,1,0,3,20,249,0,0,"0"
290,2,1,0,1,0,3,20,262,0,0,"0"
290,2,1,0,1,0,3,20,19,0,0,"0"
290,2,1,0,1,0,3,20,27,0,0,"0"
290,2,1,0,1,0,3,20,61,0,0,"0"
290,2,1,0,1,0,3,20,40,0,0,"0"
290,2,1,0,1,0,3,20,50,0,0,"0"
290,2,1,0,1,0,3,20,66,0,0,"0"
290,2,1,0,1,0,3,20,234,0,0,"0"
290,2,1,0,1,0,3,20,93,0,0,"0"
290,2,1,0,1,0,3,20,106,0,0,"0"
291,2,1,0,1,0,3,20,118,0,0,"0"
291,2,1,0,1,0,3,20,135,0,0,"0"
291,2,1,0,1,0,3,20,136,0,0,"0"
291,2,1,0,1,0,3,20,189,0,0,"0"
291,2,1,0,1,0,3,20,209,0,0,"0"
291,2,1,0,1,0,3,20,262,0,0,"0"
291,2,1,0,1,0,3,20,258,0,0,"0"
291,2,1,0,1,0,3,20,274,0,0,"0"
291,2,1,0,1,0,3,20,61,0,0,"0"
291,2,1,0,1,0,3,20,60,0,0,"0"
291,2,1,0,1,0,3,20,72,0,0,"0"
292,2,1,0,2,0,4,20,262,0,0,"0"
294,2,3,0,1,0,4,20,85,0,0,"0"
295,2,1,0,1,0,2,20,299,0,0,"0"
296,2,3,0,1,0,3,20,118,0,0,"0"
296,2,3,0,1,0,3,20,155,0,0,"0"
296,2,3,0,1,0,3,20,136,0,0,"0"
296,2,3,0,1,0,3,20,262,0,0,"0"
296,2,3,0,1,0,3,20,67,0,0,"0"
296,2,3,0,1,0,3,20,72,0,0,"0"
296,2,3,0,1,0,3,20,85,0,0,"0"
297,2,1,0,1,0,1,20,87,0,0,"0"
286,1,1,0,2,0,4,3,209,0,0,"0"
281,1,3,0,1,0,4,3,188,0,0,"0"
295,2,1,0,1,0,2,20,299,0,0,"0"
296,2,3,0,1,0,3,20,118,0,0,"0"
296,2,3,0,1,0,3,20,155,0,0,"0"
296,2,3,0,1,0,3,20,136,0,0,"0"
296,2,3,0,1,0,3,20,262,0,0,"0"
296,2,3,0,1,0,3,20,67,0,0,"0"
296,2,3,0,1,0,3,20,72,0,0,"0"
296,2,3,0,1,0,3,20,85,0,0,"0"
297,2,1,0,1,0,1,20,87,0,0,"0"
298,2,3,0,1,0,3,20,139,0,0,"0"
298,2,3,0,1,0,3,20,189,0,0,"0"
298,2,3,0,1,0,3,20,249,0,0,"0"
298,2,3,0,1,0,3,20,274,0,0,"0"
298,2,3,0,1,0,3,20,37,0,0,"0"
298,2,3,0,1,0,3,20,93,0,0,"0"
299,2,1,0,1,0,4,20,183,0,0,"0"
300,2,1,0,1,0,1,20,87,0,0,"0"
298,2,3,0,1,0,3,20,139,0,0,"0"
298,2,3,0,1,0,3,20,189,0,0,"0"
298,2,3,0,1,0,3,20,249,0,0,"0"
298,2,3,0,1,0,3,20,274,0,0,"0"
298,2,3,0,1,0,3,20,37,0,0,"0"
298,2,3,0,1,0,3,20,93,0,0,"0"
299,2,1,0,1,0,4,20,183,0,0,"0"
300,2,1,0,1,0,1,20,87,0,0,"0"
283,1,1,0,2,0,3,3,187,0,0,"0"
283,1,1,0,2,0,3,3,197,0,0,"0"
283,1,1,0,2,0,3,3,68,0,0,"0"
283,1,1,0,2,0,3,3,23,0,0,"0"
283,1,1,0,2,0,3,3,54,0,0,"0"
283,1,1,0,2,0,3,3,65,0,0,"0"
283,1,1,0,2,0,3,3,93,0,0,"0"
283,1,1,0,2,0,3,3,101,0,0,"0"
283,1,1,0,2,0,3,3,187,0,0,"0"
283,1,1,0,2,0,3,3,197,0,0,"0"
283,1,1,0,2,0,3,3,68,0,0,"0"
283,1,1,0,2,0,3,3,23,0,0,"0"
283,1,1,0,2,0,3,3,54,0,0,"0"
283,1,1,0,2,0,3,3,65,0,0,"0"
283,1,1,0,2,0,3,3,93,0,0,"0"
283,1,1,0,2,0,3,3,101,0,0,"0"
293,2,1,0,1,0,3,20,135,0,0,"0"
293,2,1,0,1,0,3,20,72,0,0,"0"
293,2,1,0,1,0,3,20,135,0,0,"0"
293,2,1,0,1,0,3,20,72,0,0,"0"
293,2,1,0,1,0,3,20,135,0,0,"0"
293,2,1,0,1,0,3,20,72,0,0,"0"
281,1,3,0,1,0,4,3,188,0,0,"0"
295,2,1,0,1,0,2,20,299,0,0,"0"
296,2,3,0,1,0,3,20,118,0,0,"0"
296,2,3,0,1,0,3,20,155,0,0,"0"
296,2,3,0,1,0,3,20,136,0,0,"0"
296,2,3,0,1,0,3,20,262,0,0,"0"
296,2,3,0,1,0,3,20,67,0,0,"0"
296,2,3,0,1,0,3,20,72,0,0,"0"
296,2,3,0,1,0,3,20,85,0,0,"0"
297,2,1,0,1,0,1,20,87,0,0,"0"
298,2,3,0,1,0,3,20,139,0,0,"0"
298,2,3,0,1,0,3,20,189,0,0,"0"
298,2,3,0,1,0,3,20,249,0,0,"0"
298,2,3,0,1,0,3,20,274,0,0,"0"
298,2,3,0,1,0,3,20,37,0,0,"0"
298,2,3,0,1,0,3,20,93,0,0,"0"
299,2,1,0,1,0,4,20,183,0,0,"0"
300,2,1,0,1,0,1,20,87,0,0,"0"
281,1,3,0,1,0,4,3,188,0,0,"0"
295,2,1,0,1,0,2,20,299,0,0,"0"
296,2,3,0,1,0,3,20,118,0,0,"0"
296,2,3,0,1,0,3,20,155,0,0,"0"
296,2,3,0,1,0,3,20,136,0,0,"0"
296,2,3,0,1,0,3,20,262,0,0,"0"
296,2,3,0,1,0,3,20,67,0,0,"0"
296,2,3,0,1,0,3,20,72,0,0,"0"
296,2,3,0,1,0,3,20,85,0,0,"0"
297,2,1,0,1,0,1,20,87,0,0,"0"
298,2,3,0,1,0,3,20,139,0,0,"0"
298,2,3,0,1,0,3,20,189,0,0,"0"
298,2,3,0,1,0,3,20,249,0,0,"0"
298,2,3,0,1,0,3,20,274,0,0,"0"
298,2,3,0,1,0,3,20,37,0,0,"0"
298,2,3,0,1,0,3,20,93,0,0,"0"
299,2,1,0,1,0,4,20,183,0,0,"0"
300,2,1,0,1,0,1,20,87,0,0,"0"
281,1,3,0,1,0,4,3,188,0,0,"0"
295,2,1,0,1,0,2,20,299,0,0,"0"
296,2,3,0,1,0,3,20,118,0,0,"0"
296,2,3,0,1,0,3,20,155,0,0,"0"
296,2,3,0,1,0,3,20,136,0,0,"0"
296,2,3,0,1,0,3,20,262,0,0,"0"
296,2,3,0,1,0,3,20,67,0,0,"0"
296,2,3,0,1,0,3,20,72,0,0,"0"
296,2,3,0,1,0,3,20,85,0,0,"0"
297,2,1,0,1,0,1,20,87,0,0,"0"
298,2,3,0,1,0,3,20,139,0,0,"0"
298,2,3,0,1,0,3,20,189,0,0,"0"
298,2,3,0,1,0,3,20,249,0,0,"0"
298,2,3,0,1,0,3,20,274,0,0,"0"
298,2,3,0,1,0,3,20,37,0,0,"0"
298,2,3,0,1,0,3,20,93,0,0,"0"
299,2,1,0,1,0,4,20,183,0,0,"0"
300,2,1,0,1,0,1,20,87,0,0,"0"
298,2,3,0,1,0,3,20,139,0,0,"0"
298,2,3,0,1,0,3,20,189,0,0,"0"
298,2,3,0,1,0,3,20,249,0,0,"0"
298,2,3,0,1,0,3,20,274,0,0,"0"
298,2,3,0,1,0,3,20,37,0,0,"0"
298,2,3,0,1,0,3,20,93,0,0,"0"
299,2,1,0,1,0,4,20,183,0,0,"0"
300,2,1,0,1,0,1,20,87,0,0,"0"
281,1,3,0,1,0,4,3,188,0,0,"0"
295,2,1,0,1,0,2,20,299,0,0,"0"
296,2,3,0,1,0,3,20,118,0,0,"0"
296,2,3,0,1,0,3,20,155,0,0,"0"
296,2,3,0,1,0,3,20,136,0,0,"0"
296,2,3,0,1,0,3,20,262,0,0,"0"
296,2,3,0,1,0,3,20,67,0,0,"0"
296,2,3,0,1,0,3,20,72,0,0,"0"
296,2,3,0,1,0,3,20,85,0,0,"0"
297,2,1,0,1,0,1,20,87,0,0,"0"
298,2,3,0,1,0,3,20,139,0,0,"0"
298,2,3,0,1,0,3,20,189,0,0,"0"
298,2,3,0,1,0,3,20,249,0,0,"0"
298,2,3,0,1,0,3,20,274,0,0,"0"
298,2,3,0,1,0,3,20,37,0,0,"0"
298,2,3,0,1,0,3,20,93,0,0,"0"
299,2,1,0,1,0,4,20,183,0,0,"0"
300,2,1,0,1,0,1,20,87,0,0,"0"
298,2,3,0,1,0,3,20,139,0,0,"0"
298,2,3,0,1,0,3,20,189,0,0,"0"
298,2,3,0,1,0,3,20,249,0,0,"0"
298,2,3,0,1,0,3,20,274,0,0,"0"
298,2,3,0,1,0,3,20,37,0,0,"0"
298,2,3,0,1,0,3,20,93,0,0,"0"
299,2,1,0,1,0,4,20,183,0,0,"0"
300,2,1,0,1,0,1,20,87,0,0,"0"
278,1,2,0,2,0,1,3,87,0,0,"0"
279,1,1,0,2,0,3,3,183,0,0,"0"
279,1,1,0,2,0,3,3,209,0,0,"0"
279,1,1,0,2,0,3,3,258,0,0,"0"
279,1,1,0,2,0,3,3,37,0,0,"0"
279,1,1,0,2,0,3,3,26,0,0,"0"
279,1,1,0,2,0,3,3,60,0,0,"0"
279,1,1,0,2,0,3,3,54,0,0,"0"
279,1,1,0,2,0,3,3,93,0,0,"0"
280,1,2,0,2,0,3,3,135,0,0,"0"
280,1,2,0,2,0,3,3,24,0,0,"0"
285,1,1,0,2,0,4,3,54,0,0,"0"
287,2,1,0,1,0,4,20,189,0,0,"0"
290,2,1,0,1,0,3,20,105,0,0,"0"
290,2,1,0,1,0,3,20,118,0,0,"0"
290,2,1,0,1,0,3,20,39,0,0,"0"
290,2,1,0,1,0,3,20,3,0,0,"0"
290,2,1,0,1,0,3,20,135,0,0,"0"
290,2,1,0,1,0,3,20,136,0,0,"0"
290,2,1,0,1,0,3,20,188,0,0,"0"
290,2,1,0,1,0,3,20,187,0,0,"0"
290,2,1,0,1,0,3,20,183,0,0,"0"
290,2,1,0,1,0,3,20,200,0,0,"0"
290,2,1,0,1,0,3,20,201,0,0,"0"
290,2,1,0,1,0,3,20,249,0,0,"0"
290,2,1,0,1,0,3,20,262,0,0,"0"
290,2,1,0,1,0,3,20,19,0,0,"0"
290,2,1,0,1,0,3,20,27,0,0,"0"
290,2,1,0,1,0,3,20,61,0,0,"0"
290,2,1,0,1,0,3,20,40,0,0,"0"
290,2,1,0,1,0,3,20,50,0,0,"0"
290,2,1,0,1,0,3,20,66,0,0,"0"
290,2,1,0,1,0,3,20,234,0,0,"0"
290,2,1,0,1,0,3,20,93,0,0,"0"
290,2,1,0,1,0,3,20,106,0,0,"0"
291,2,1,0,1,0,3,20,118,0,0,"0"
291,2,1,0,1,0,3,20,135,0,0,"0"
149,5,4,0,4,0,4,77,72,1986,2,"502"
150,5,3,0,4,0,4,77,72,429,2,"501"
150,5,3,0,4,0,4,77,72,1065,2,"501"
150,5,3,0,4,0,4,77,72,800,2,"501"
150,5,3,0,4,0,4,77,72,799,2,"501"
150,5,3,0,4,0,4,77,72,2469,2,"501"
150,5,3,0,4,0,4,77,72,674,2,"501"
150,5,3,0,4,0,4,77,72,945,2,"501"
150,5,3,0,4,0,4,77,72,1789,2,"501"
150,5,3,0,4,0,4,77,72,4230,2,"501"
150,5,3,0,4,0,4,77,72,2581,2,"501"
150,5,3,0,4,0,4,77,72,975,2,"501"
151,1,1,0,4,0,4,9,258,945,2,"468"
151,1,1,0,4,0,4,9,258,960,2,"468"
151,1,1,0,4,0,4,9,258,2245,2,"468"
151,1,1,0,4,0,4,9,258,1387,2,"468"
151,1,1,0,4,0,4,9,258,945,3,"468"
151,1,1,0,4,0,4,9,258,960,3,"468"
151,1,1,0,4,0,4,9,258,2245,3,"468"
151,1,1,0,4,0,4,9,258,1387,3,"468"
153,5,1,0,4,0,2,77,299,1619,2,"526"
154,1,1,0,3,0,4,9,68,1765,2,"467"
155,1,1,0,4,0,4,9,68,1765,2,"467"
156,5,1,0,3,0,4,77,118,0,3,"0"
157,5,2,0,3,0,4,77,118,0,2,"0"
158,1,1,0,4,0,2,9,281,1373,2,"324"
158,1,1,0,4,0,2,9,281,862,2,"324"
158,1,1,0,4,0,2,9,281,1373,4,"324"
158,1,1,0,4,0,2,9,281,862,4,"324"
158,1,1,0,4,0,2,9,299,1373,2,"324"
158,1,1,0,4,0,2,9,299,862,2,"324"
158,1,1,0,4,0,2,9,299,1373,4,"324"
158,1,1,0,4,0,2,9,299,862,4,"324"
159,2,1,0,4,0,4,26,118,674,2,"479"
159,2,1,0,4,0,4,26,118,636,2,"479"
159,2,1,0,4,0,4,26,118,202,2,"479"
160,2,1,0,4,0,4,26,118,674,2,"479"
160,2,1,0,4,0,4,26,118,636,2,"479"
160,2,1,0,4,0,4,26,118,202,2,"479"
162,1,3,0,3,0,3,9,11,0,2,"0"
162,1,3,0,3,0,3,9,19,0,2,"0"
162,1,3,0,3,0,3,9,24,0,2,"0"
162,1,3,0,3,0,3,9,61,0,2,"0"
162,1,3,0,3,0,3,9,189,0,2,"0"
162,1,3,0,3,0,3,9,183,0,2,"0"
163,3,1,0,3,0,4,43,258,0,2,"0"
164,3,1,0,3,0,1,43,87,0,4,"0"
164,3,1,0,3,0,1,43,87,0,2,"0"
165,15,3,0,3,0,4,145,72,0,1,"0"
166,4,3,0,4,0,3,60,19,79,1,"466"
166,4,3,0,4,0,3,60,19,1767,1,"466"
166,4,3,0,4,0,3,60,19,1859,1,"466"
166,4,3,0,4,0,3,60,72,79,1,"466"
166,4,3,0,4,0,3,60,72,1767,1,"466"
166,4,3,0,4,0,3,60,72,1859,1,"466"
166,4,3,0,4,0,3,60,118,79,1,"466"
166,4,3,0,4,0,3,60,118,1767,1,"466"
166,4,3,0,4,0,3,60,118,1859,1,"466"
166,4,3,0,4,0,3,60,39,79,1,"466"
166,4,3,0,4,0,3,60,39,1767,1,"466"
166,4,3,0,4,0,3,60,39,1859,1,"466"
166,4,3,0,4,0,3,60,222,79,1,"466"
166,4,3,0,4,0,3,60,222,1767,1,"466"
166,4,3,0,4,0,3,60,222,1859,1,"466"
167,4,1,0,3,0,1,60,87,0,2,"0"
168,4,1,0,4,0,2,60,299,1620,2,"500"
168,4,1,0,4,0,2,60,299,1630,2,"500"
168,4,1,0,4,0,2,60,299,655,2,"500"
168,4,1,0,4,0,2,60,299,4431,2,"500"
169,3,1,0,4,0,4,43,72,93,2,"492"
169,3,1,0,4,0,4,43,72,974,2,"492"
169,3,1,0,4,0,4,43,72,4160,2,"492"
169,3,1,0,4,0,4,43,72,349,2,"492"
169,3,1,0,4,0,4,43,72,110,2,"492"
169,3,1,0,4,0,4,43,72,717,2,"492"
169,3,1,0,4,0,4,43,72,146,2,"492"
170,12,1,0,3,0,4,111,82,0,3,"0"
170,12,1,0,3,0,4,111,82,0,2,"0"
171,4,1,0,3,0,4,60,105,0,2,"0"
172,2,1,0,4,0,4,26,209,673,2,"493"
172,2,1,0,4,0,4,26,209,4150,2,"493"
172,2,1,0,4,0,4,26,209,674,2,"493"
173,4,1,0,3,0,4,60,105,0,2,"0"
174,4,1,0,3,0,1,60,87,0,3,"0"
174,4,1,0,3,0,1,60,87,0,2,"0"
175,4,1,0,3,0,2,60,278,0,2,"0"
175,4,1,0,3,0,2,60,278,0,1,"0"
176,4,1,0,3,0,1,60,87,0,4,"0"
177,12,1,0,3,0,2,111,277,0,3,"0"
177,12,1,0,3,0,2,111,277,0,2,"0"
178,2,1,0,4,0,4,26,189,292,2,"469"
179,4,1,0,3,0,1,60,87,0,2,"0"
180,2,1,0,4,0,4,26,189,1137,2,"507"
180,2,1,0,4,0,4,26,189,304,2,"507"
181,12,1,0,4,0,4,111,269,1079,2,"496"
181,12,1,0,4,0,4,111,269,203,2,"496"
182,12,2,0,4,0,2,111,277,0,3,"472"
182,12,2,0,4,0,2,111,277,944,3,"481"
182,12,2,0,4,0,2,111,277,2582,3,"481"
182,12,2,0,4,0,2,111,277,1024,3,"481"
182,12,2,0,4,0,2,111,277,0,2,"472"
182,12,2,0,4,0,2,111,277,944,2,"481"
182,12,2,0,4,0,2,111,277,2582,2,"481"
182,12,2,0,4,0,2,111,277,1024,2,"481"
183,2,2,0,4,0,5,26,195,210,2,"511"
183,2,2,0,4,0,5,26,195,673,2,"511"
184,2,1,0,4,0,4,26,1,386,2,"529"
184,2,1,0,4,0,4,26,1,1761,2,"529"
184,2,1,0,4,0,4,26,1,4328,2,"529"
185,2,1,0,4,0,1,26,87,2055,2,"537"
186,2,3,0,3,0,4,26,201,271,2,"396"
187,2,1,0,3,0,4,26,201,271,2,"396"
188,2,3,0,4,0,4,26,72,1377,2,"494"
188,2,3,0,4,0,4,26,72,291,2,"494"
188,2,3,0,4,0,4,26,72,79,2,"494"
188,2,3,0,4,0,4,26,72,146,2,"494"
188,2,3,0,4,0,4,26,72,349,2,"494"
189,2,2,0,4,0,5,26,93,140,2,"522"
189,2,2,0,4,0,5,26,93,1382,2,"522"
189,2,2,0,4,0,5,26,93,552,2,"522"
190,2,4,0,3,0,3,26,184,4312,2,"530"
190,2,4,0,3,0,3,26,184,237,2,"530"
190,2,4,0,3,0,3,26,247,4312,2,"530"
190,2,4,0,3,0,3,26,247,237,2,"530"
191,2,3,0,4,0,4,26,262,4123,1,"395"
191,2,3,0,4,0,4,26,262,598,1,"395"
191,2,3,0,4,0,4,26,262,2484,1,"395"
191,2,3,0,4,0,4,26,262,4164,1,"395"
191,2,3,0,4,0,4,26,262,4121,1,"395"
191,2,3,0,4,0,4,26,262,674,1,"395"
191,2,3,0,4,0,4,26,262,679,1,"395"
191,2,3,0,4,0,4,26,262,4123,2,"395"
191,2,3,0,4,0,4,26,262,598,2,"395"
191,2,3,0,4,0,4,26,262,2484,2,"395"
191,2,3,0,4,0,4,26,262,4164,2,"395"
191,2,3,0,4,0,4,26,262,4121,2,"395"
191,2,3,0,4,0,4,26,262,674,2,"395"
191,2,3,0,4,0,4,26,262,679,2,"395"
192,2,1,0,3,0,4,26,72,888,2,"521"
192,2,1,0,3,0,4,26,72,598,2,"521"
192,2,1,0,3,0,4,26,72,4052,2,"521"
192,2,1,0,3,0,4,26,72,93,2,"521"
192,2,1,0,3,0,4,26,72,349,2,"521"
193,2,3,0,4,0,5,26,200,679,2,"541"
193,2,3,0,4,0,5,26,200,257,2,"541"
193,2,3,0,4,0,5,26,200,679,1,"541"
193,2,3,0,4,0,5,26,200,257,1,"541"
194,9,1,0,3,0,3,94,27,0,4,"0"
194,9,1,0,3,0,3,94,61,0,4,"0"
194,9,1,0,3,0,3,94,50,0,4,"0"
194,9,1,0,3,0,3,94,85,0,4,"0"
194,9,1,0,3,0,3,94,106,0,4,"0"
194,9,1,0,3,0,3,94,239,0,4,"0"
194,9,1,0,3,0,3,94,269,0,4,"0"
195,1,1,0,5,0,4,9,222,4381,2,"531"
196,16,1,0,3,0,3,162,30,0,2,"0"
196,16,1,0,3,0,3,162,72,0,2,"0"
196,16,1,0,3,0,3,162,118,0,2,"0"
196,16,1,0,3,0,3,162,136,0,2,"0"
196,16,1,0,3,0,3,162,154,0,2,"0"
196,16,1,0,3,0,3,162,209,0,2,"0"
196,16,1,0,3,0,3,162,262,0,2,"0"
196,16,1,0,3,0,3,162,258,0,2,"0"
196,16,1,0,3,0,3,162,275,0,2,"0"
197,16,1,0,3,0,4,162,72,0,2,"0"
198,16,1,0,3,0,4,162,105,0,2,"0"
199,16,1,0,3,0,4,162,19,0,2,"0"
200,16,1,0,3,0,4,162,183,0,2,"0"
201,15,1,0,3,0,4,145,105,0,2,"0"
202,15,1,0,3,0,4,145,105,0,2,"0"
203,15,1,0,3,0,4,145,183,0,2,"0"
204,15,3,0,3,0,4,145,183,0,2,"0"
205,15,1,0,4,0,4,145,275,4584,2,"693"
206,9,2,0,4,0,5,94,93,140,2,"542"
206,9,2,0,4,0,5,94,93,1382,2,"542"
207,9,1,0,3,0,4,94,82,0,2,"0"
208,9,1,0,3,0,1,94,87,0,2,"0"
209,9,1,0,3,0,3,94,200,0,1,"0"
209,9,1,0,3,0,3,94,200,0,4,"0"
209,9,1,0,3,0,3,94,258,0,1,"0"
209,9,1,0,3,0,3,94,258,0,4,"0"
209,9,1,0,3,0,3,94,269,0,1,"0"
209,9,1,0,3,0,3,94,269,0,4,"0"
210,16,1,0,3,0,4,162,105,0,2,"0"
211,16,3,0,3,0,4,162,183,0,2,"0"
212,16,1,0,3,0,4,162,275,0,2,"0"
213,9,1,0,3,0,1,94,87,0,4,"0"
214,9,1,0,3,0,1,94,87,0,4,"0"
215,9,1,0,3,0,1,94,87,0,4,"0"
216,9,4,0,3,0,2,94,299,0,2,"0"
216,9,4,0,3,0,2,94,299,0,3,"0"
217,3,1,0,4,0,4,43,183,79,2,"569"
217,3,1,0,4,0,4,43,183,704,2,"569"
217,3,1,0,4,0,4,43,183,91,2,"569"
217,3,1,0,4,0,4,43,183,4153,2,"569"
217,3,1,0,4,0,4,43,183,94,2,"569"
218,4,3,0,3,0,2,60,299,0,1,"0"
218,4,3,0,3,0,2,60,276,0,1,"0"
218,4,3,0,3,0,2,60,281,0,1,"0"
219,3,1,0,3,0,4,43,266,0,2,"0"
220,3,1,0,4,0,5,43,50,650,2,"571"
220,3,1,0,4,0,5,43,50,533,2,"571"
220,3,1,0,4,0,5,43,50,1798,2,"571"
220,3,1,0,4,0,5,43,50,1849,2,"571"
220,3,1,0,4,0,5,43,50,4532,2,"571"
220,3,1,0,4,0,5,43,50,789,2,"571"
220,3,1,0,4,0,5,43,50,4625,2,"571"
220,3,1,0,4,0,5,43,50,4629,2,"571"
220,3,1,0,4,0,5,43,50,4628,2,"571"
220,3,1,0,4,0,5,43,50,4619,2,"571"
220,3,1,0,4,0,5,43,50,375,2,"571"
221,3,1,0,4,0,4,43,124,90,2,"572"
221,3,1,0,4,0,4,43,124,274,2,"572"
221,3,1,0,4,0,4,43,124,237,2,"572"
221,3,1,0,4,0,4,43,124,1835,2,"572"
221,3,1,0,4,0,4,43,124,782,2,"572"
221,3,1,0,4,0,4,43,124,4620,2,"572"
222,3,1,0,3,0,4,43,269,0,2,"0"
223,3,1,0,3,0,1,43,87,0,1,"0"
224,9,1,0,3,0,4,94,32,0,2,"0"
225,9,3,0,3,0,3,94,32,0,1,"0"
225,9,3,0,3,0,3,94,50,0,1,"0"
225,9,3,0,3,0,3,94,66,0,1,"0"
225,9,3,0,3,0,3,94,200,0,1,"0"
226,9,1,0,3,0,3,94,72,0,2,"0"
226,9,1,0,3,0,3,94,82,0,2,"0"
226,9,1,0,3,0,3,94,106,0,2,"0"
226,9,1,0,3,0,3,94,200,0,2,"0"
226,9,1,0,3,0,3,94,269,0,2,"0"
227,9,1,0,3,0,1,94,87,1228,2,"575"
227,9,1,0,3,0,1,94,87,658,2,"575"
227,9,1,0,3,0,1,94,87,11,2,"575"
228,9,1,0,3,0,2,94,299,0,3,"0"
228,9,1,0,3,0,2,94,299,0,2,"0"
229,9,1,0,3,0,2,94,276,0,3,"0"
229,9,1,0,3,0,2,94,276,0,2,"0"
230,9,1,0,3,0,1,94,87,0,2,"0"
231,9,1,0,3,0,1,94,87,0,2,"0"
232,9,1,0,4,0,4,94,269,203,2,"686"
232,9,1,0,4,0,4,94,269,4591,2,"686"
233,13,2,0,4,0,4,128,189,4517,2,"647"
233,13,2,0,4,0,4,128,189,292,2,"647"
234,13,2,0,3,0,4,128,136,0,2,"0"
235,13,2,0,3,0,4,128,209,0,2,"0"
236,13,2,0,4,0,4,128,262,4517,2,"647"
236,13,2,0,4,0,4,128,262,292,2,"647"
237,13,2,0,4,0,4,128,189,4517,2,"647"
237,13,2,0,4,0,4,128,189,292,2,"647"
238,17,3,0,3,0,4,216,105,0,2,"0"
238,17,3,0,3,0,4,216,105,0,4,"0"
239,17,1,0,4,0,4,216,155,116,2,"674"
239,17,1,0,4,0,4,216,155,104,2,"674"
239,17,1,0,4,0,4,216,155,2578,2,"674"
239,17,1,0,4,0,4,216,155,116,4,"674"
239,17,1,0,4,0,4,216,155,104,4,"674"
239,17,1,0,4,0,4,216,155,2578,4,"674"
240,17,2,0,4,0,4,216,155,2578,2,"659"
241,17,1,0,3,0,4,216,155,696,2,"675"
241,17,1,0,3,0,4,216,155,1805,2,"675"
241,17,1,0,3,0,4,216,155,2578,2,"675"
241,17,1,0,3,0,4,216,155,905,2,"675"
242,17,4,0,3,0,4,216,274,0,2,"0"
242,17,4,0,3,0,4,216,274,0,4,"0"
243,17,1,0,3,0,4,216,39,2608,2,"671"
244,17,1,0,3,0,4,216,136,0,2,"0"
245,17,1,0,3,0,4,216,67,0,2,"0"
246,17,1,0,3,0,1,216,87,0,2,"0"
246,17,1,0,3,0,1,216,87,0,4,"0"
247,17,1,0,4,0,4,216,105,79,4,"666"
247,17,1,0,4,0,4,216,105,4180,4,"666"
247,17,1,0,4,0,4,216,105,4575,4,"666"
248,17,3,0,4,0,4,216,85,0,2,"0"
248,17,3,0,4,0,4,216,40,0,2,"0"
248,17,3,0,4,0,4,216,136,0,2,"0"
249,17,2,0,3,0,4,216,118,0,4,"0"
250,17,2,0,3,0,4,216,67,0,2,"0"
251,17,1,0,3,0,4,216,248,0,2,"0"
252,17,2,0,3,0,4,216,248,0,2,"0"
253,17,3,0,3,0,4,216,61,0,1,"0"
253,17,3,0,3,0,4,216,61,0,2,"0"
253,17,3,0,3,0,4,216,154,0,1,"0"
253,17,3,0,3,0,4,216,154,0,2,"0"
253,17,3,0,3,0,4,216,274,0,1,"0"
253,17,3,0,3,0,4,216,274,0,2,"0"
253,17,3,0,3,0,4,216,275,0,1,"0"
253,17,3,0,3,0,4,216,275,0,2,"0"
254,17,3,0,4,0,4,216,19,11,2,"673"
254,17,3,0,4,0,4,216,19,4177,2,"673"
254,17,3,0,4,0,4,216,19,614,2,"673"
254,17,3,0,4,0,4,216,19,79,2,"672"
254,17,3,0,4,0,4,216,19,4177,2,"672"
255,17,1,0,3,0,4,216,19,11,2,"673"
255,17,1,0,3,0,4,216,19,4177,2,"673"
255,17,1,0,3,0,4,216,19,614,2,"673"
256,17,1,0,3,0,2,216,280,0,2,"0"
256,17,1,0,3,0,2,216,282,0,2,"0"
257,17,1,0,4,0,4,216,19,11,2,"658"
257,17,1,0,4,0,4,216,19,614,2,"658"
258,17,2,0,3,0,4,216,118,0,2,"0"
258,17,2,0,3,0,4,216,258,0,2,"0"
259,17,1,0,3,0,2,216,280,0,2,"0"
259,17,1,0,3,0,2,216,280,0,3,"0"
259,17,1,0,3,0,2,216,282,0,2,"0"
259,17,1,0,3,0,2,216,282,0,3,"0"
260,17,1,0,3,0,4,216,258,0,2,"0"
261,17,1,0,3,0,4,216,19,0,2,"0"
262,17,3,0,5,0,4,216,248,4042,1,"663"
262,17,3,0,5,0,4,216,248,4176,1,"663"
262,17,3,0,5,0,4,216,248,4042,2,"663"
262,17,3,0,5,0,4,216,248,4176,2,"663"
262,17,3,0,5,0,4,216,248,4042,3,"663"
262,17,3,0,5,0,4,216,248,4176,3,"663"
263,17,4,0,5,0,4,216,248,4042,2,"665"
263,17,4,0,5,0,4,216,248,4176,2,"665"
263,17,4,0,5,0,4,216,248,4042,3,"665"
263,17,4,0,5,0,4,216,248,4176,3,"665"
264,18,1,0,3,0,4,233,38,0,2,"0"
265,18,1,0,3,0,4,233,258,0,2,"0"
266,18,1,0,3,0,4,233,258,0,2,"0"
267,18,1,0,3,0,4,233,275,0,2,"0"
268,18,1,0,3,0,4,233,275,0,2,"0"
269,18,1,0,3,0,4,233,275,0,2,"0"
270,9,1,0,4,0,1,94,87,563,2,"684"
270,9,1,0,4,0,1,94,87,674,2,"684"
270,9,1,0,4,0,1,94,87,534,2,"684"
270,9,1,0,4,0,1,94,87,563,3,"684"
270,9,1,0,4,0,1,94,87,674,3,"684"
270,9,1,0,4,0,1,94,87,534,3,"684"
271,9,1,0,3,0,4,94,72,0,2,"0"
272,9,1,0,4,0,1,94,87,563,3,"684"
272,9,1,0,4,0,1,94,87,674,3,"684"
272,9,1,0,4,0,1,94,87,534,3,"684"
273,9,1,0,3,0,1,94,87,0,2,"0"
274,9,1,0,4,0,4,94,258,223,2,"687"
274,9,1,0,4,0,4,94,258,518,2,"687"
275,9,1,0,4,0,1,94,87,1228,2,"575"
275,9,1,0,4,0,1,94,87,658,2,"575"
275,9,1,0,4,0,1,94,87,11,2,"575"
390,12,1,0,3,0,4,111,40,0,3,"0"
390,12,1,0,3,0,4,111,40,0,2,"0"
391,12,1,0,3,0,4,111,60,0,3,"0"
391,12,1,0,3,0,4,111,60,0,2,"0"
392,12,1,0,3,0,4,111,85,0,3,"0"
392,12,1,0,3,0,4,111,85,0,2,"0"
393,12,1,0,3,0,4,111,135,0,3,"0"
393,12,1,0,3,0,4,111,135,0,2,"0"
394,12,1,0,3,0,4,111,139,0,3,"0"
394,12,1,0,3,0,4,111,139,0,2,"0"
395,12,1,0,3,0,4,111,189,0,3,"0"
395,12,1,0,3,0,4,111,189,0,2,"0"
396,12,1,0,3,0,4,111,222,0,3,"0"
396,12,1,0,3,0,4,111,222,0,2,"0"
397,12,1,0,3,0,4,111,225,0,3,"0"
397,12,1,0,3,0,4,111,225,0,2,"0"
398,12,1,0,3,0,4,111,262,0,3,"0"
398,12,1,0,3,0,4,111,262,0,2,"0"
399,12,1,0,3,0,4,111,258,0,3,"0"
399,12,1,0,3,0,4,111,258,0,2,"0"
401,12,0,0,0,0,0,111,0,0,0,"0"
291,2,1,0,1,0,3,20,136,0,0,"0"
291,2,1,0,1,0,3,20,189,0,0,"0"
291,2,1,0,1,0,3,20,209,0,0,"0"
291,2,1,0,1,0,3,20,262,0,0,"0"
291,2,1,0,1,0,3,20,258,0,0,"0"
291,2,1,0,1,0,3,20,274,0,0,"0"
291,2,1,0,1,0,3,20,61,0,0,"0"
291,2,1,0,1,0,3,20,60,0,0,"0"
291,2,1,0,1,0,3,20,72,0,0,"0"
292,2,1,0,2,0,4,20,262,0,0,"0"
294,2,3,0,1,0,4,20,85,0,0,"0"
295,2,1,0,1,0,2,20,299,0,0,"0"
296,2,3,0,1,0,3,20,118,0,0,"0"
296,2,3,0,1,0,3,20,155,0,0,"0"
296,2,3,0,1,0,3,20,136,0,0,"0"
296,2,3,0,1,0,3,20,262,0,0,"0"
296,2,3,0,1,0,3,20,67,0,0,"0"
296,2,3,0,1,0,3,20,72,0,0,"0"
296,2,3,0,1,0,3,20,85,0,0,"0"
297,2,1,0,1,0,1,20,87,0,0,"0"
276,1,3,0,1,0,4,3,105,0,0,"0"
286,1,1,0,2,0,4,3,209,0,0,"0"
290,2,1,0,1,0,3,20,105,0,0,"0"
290,2,1,0,1,0,3,20,118,0,0,"0"
290,2,1,0,1,0,3,20,39,0,0,"0"
290,2,1,0,1,0,3,20,3,0,0,"0"
290,2,1,0,1,0,3,20,135,0,0,"0"
290,2,1,0,1,0,3,20,136,0,0,"0"
290,2,1,0,1,0,3,20,188,0,0,"0"
290,2,1,0,1,0,3,20,187,0,0,"0"
290,2,1,0,1,0,3,20,183,0,0,"0"
290,2,1,0,1,0,3,20,200,0,0,"0"
290,2,1,0,1,0,3,20,201,0,0,"0"
290,2,1,0,1,0,3,20,249,0,0,"0"
290,2,1,0,1,0,3,20,262,0,0,"0"
290,2,1,0,1,0,3,20,19,0,0,"0"
290,2,1,0,1,0,3,20,27,0,0,"0"
290,2,1,0,1,0,3,20,61,0,0,"0"
290,2,1,0,1,0,3,20,40,0,0,"0"
290,2,1,0,1,0,3,20,50,0,0,"0"
290,2,1,0,1,0,3,20,66,0,0,"0"
290,2,1,0,1,0,3,20,234,0,0,"0"
290,2,1,0,1,0,3,20,93,0,0,"0"
290,2,1,0,1,0,3,20,106,0,0,"0"
276,1,3,0,1,0,4,3,105,0,0,"0"
286,1,1,0,2,0,4,3,209,0,0,"0"
290,2,1,0,1,0,3,20,105,0,0,"0"
290,2,1,0,1,0,3,20,118,0,0,"0"
290,2,1,0,1,0,3,20,39,0,0,"0"
290,2,1,0,1,0,3,20,3,0,0,"0"
290,2,1,0,1,0,3,20,135,0,0,"0"
290,2,1,0,1,0,3,20,136,0,0,"0"
290,2,1,0,1,0,3,20,188,0,0,"0"
290,2,1,0,1,0,3,20,187,0,0,"0"
290,2,1,0,1,0,3,20,183,0,0,"0"
290,2,1,0,1,0,3,20,200,0,0,"0"
290,2,1,0,1,0,3,20,201,0,0,"0"
290,2,1,0,1,0,3,20,249,0,0,"0"
290,2,1,0,1,0,3,20,262,0,0,"0"
290,2,1,0,1,0,3,20,19,0,0,"0"
290,2,1,0,1,0,3,20,27,0,0,"0"
290,2,1,0,1,0,3,20,61,0,0,"0"
290,2,1,0,1,0,3,20,40,0,0,"0"
290,2,1,0,1,0,3,20,50,0,0,"0"
290,2,1,0,1,0,3,20,66,0,0,"0"
290,2,1,0,1,0,3,20,234,0,0,"0"
290,2,1,0,1,0,3,20,93,0,0,"0"
290,2,1,0,1,0,3,20,106,0,0,"0"
281,1,3,0,1,0,4,3,188,0,0,"0"
295,2,1,0,1,0,2,20,299,0,0,"0"
296,2,3,0,1,0,3,20,118,0,0,"0"
296,2,3,0,1,0,3,20,155,0,0,"0"
296,2,3,0,1,0,3,20,136,0,0,"0"
296,2,3,0,1,0,3,20,262,0,0,"0"
296,2,3,0,1,0,3,20,67,0,0,"0"
296,2,3,0,1,0,3,20,72,0,0,"0"
296,2,3,0,1,0,3,20,85,0,0,"0"
297,2,1,0,1,0,1,20,87,0,0,"0"
298,2,3,0,1,0,3,20,139,0,0,"0"
298,2,3,0,1,0,3,20,189,0,0,"0"
298,2,3,0,1,0,3,20,249,0,0,"0"
298,2,3,0,1,0,3,20,274,0,0,"0"
298,2,3,0,1,0,3,20,37,0,0,"0"
298,2,3,0,1,0,3,20,93,0,0,"0"
299,2,1,0,1,0,4,20,183,0,0,"0"
300,2,1,0,1,0,1,20,87,0,0,"0"
298,2,3,0,1,0,3,20,139,0,0,"0"
298,2,3,0,1,0,3,20,189,0,0,"0"
298,2,3,0,1,0,3,20,249,0,0,"0"
298,2,3,0,1,0,3,20,274,0,0,"0"
298,2,3,0,1,0,3,20,37,0,0,"0"
298,2,3,0,1,0,3,20,93,0,0,"0"
299,2,1,0,1,0,4,20,183,0,0,"0"
300,2,1,0,1,0,1,20,87,0,0,"0"
307,1,1,0,1,0,1,3,87,0,0,"0"
308,1,1,0,1,0,3,3,201,0,0,"0"
308,1,1,0,1,0,3,3,269,0,0,"0"
308,1,1,0,1,0,3,3,50,0,0,"0"
309,2,1,0,1,0,5,20,118,0,0,"0"
310,2,1,0,1,0,4,20,139,0,0,"0"
311,2,1,0,1,0,4,20,258,0,0,"0"
312,2,1,0,1,0,4,20,258,0,0,"0"
313,4,1,0,2,0,4,54,72,0,0,"0"
314,4,3,0,2,0,4,54,269,0,0,"0"
315,4,1,0,2,0,4,54,19,0,0,"0"
316,4,1,0,2,0,4,54,19,0,0,"0"
317,4,1,0,2,0,4,54,105,0,0,"0"
318,4,1,0,2,0,4,54,105,0,0,"0"
319,4,1,0,2,0,3,54,118,0,0,"0"
319,4,1,0,2,0,3,54,136,0,0,"0"
319,4,1,0,2,0,3,54,189,0,0,"0"
319,4,1,0,2,0,3,54,262,0,0,"0"
320,4,3,0,2,0,3,54,189,0,0,"0"
320,4,3,0,2,0,3,54,222,0,0,"0"
320,4,3,0,2,0,3,54,37,0,0,"0"
320,4,3,0,2,0,3,54,85,0,0,"0"
321,4,1,0,1,0,2,54,276,0,0,"0"
322,4,1,0,1,0,1,54,87,0,0,"0"
323,4,1,0,1,0,0,54,0,0,0,"0"
324,4,1,0,1,0,1,54,87,0,0,"0"
325,4,1,0,1,0,0,54,0,0,0,"0"
326,4,1,0,1,0,2,54,0,0,0,"0"
327,4,1,0,1,0,0,54,0,0,0,"0"
328,4,1,0,1,0,2,54,0,0,0,"0"
329,4,1,0,1,0,0,54,0,0,0,"0"
330,4,1,0,1,0,0,54,0,0,0,"0"
331,4,1,0,1,0,0,54,0,0,0,"0"
332,4,1,0,1,0,2,54,0,0,0,"0"
333,4,1,0,1,0,0,54,0,0,0,"0"
334,4,1,0,1,0,4,54,118,0,0,"0"
335,4,1,0,1,0,4,54,105,0,0,"0"
336,4,1,0,1,0,4,54,118,0,0,"0"
337,4,3,0,1,0,3,54,136,0,0,"0"
337,4,3,0,1,0,3,54,189,0,0,"0"
337,4,3,0,1,0,3,54,222,0,0,"0"
337,4,3,0,1,0,3,54,262,0,0,"0"
337,4,3,0,1,0,3,54,258,0,0,"0"
337,4,3,0,1,0,3,54,82,0,0,"0"
338,4,3,0,1,0,3,54,107,0,0,"0"
338,4,3,0,1,0,3,54,19,0,0,"0"
338,4,3,0,1,0,3,54,27,0,0,"0"
338,4,3,0,1,0,3,54,32,0,0,"0"
338,4,3,0,1,0,3,54,65,0,0,"0"
338,4,3,0,1,0,3,54,93,0,0,"0"
339,4,3,0,1,0,0,54,0,0,0,"0"
340,4,3,0,1,0,2,54,298,0,0,"0"
341,4,3,0,1,0,0,54,0,0,0,"0"
342,4,3,0,1,0,4,54,269,0,0,"0"
343,4,4,0,1,0,4,54,105,0,0,"0"
344,4,4,0,1,0,0,54,0,0,0,"0"
345,17,1,0,1,0,2,210,279,0,0,"0"
346,17,1,0,1,0,3,210,0,0,0,"0"
347,17,2,0,1,0,3,210,155,0,0,"0"
348,17,2,0,1,0,4,210,39,0,0,"0"
349,17,3,0,1,0,3,210,39,0,0,"0"
349,17,3,0,1,0,3,210,155,0,0,"0"
350,17,3,0,1,0,3,210,39,0,0,"0"
350,17,3,0,1,0,3,210,155,0,0,"0"
351,17,3,0,1,0,4,210,105,0,0,"0"
352,9,1,0,1,0,4,88,269,0,0,"0"
353,9,1,0,1,0,4,88,269,0,0,"0"
354,9,1,0,1,0,4,88,269,0,0,"0"
355,9,1,0,1,0,1,88,87,0,0,"0"
356,9,1,0,1,0,5,88,106,0,0,"0"
357,9,1,0,2,0,5,88,106,0,0,"0"
358,9,2,0,1,0,4,88,0,0,0,"0"
359,9,1,0,1,0,2,88,277,0,0,"0"
360,9,4,0,1,0,2,88,299,0,0,"0"
361,9,1,0,1,0,2,88,276,0,0,"0"
362,9,1,0,1,0,5,88,106,0,0,"0"
363,9,1,0,1,0,5,88,106,0,0,"0"
364,9,1,0,1,0,4,88,106,0,0,"0"
365,9,3,0,1,0,5,88,50,0,0,"0"
366,9,1,0,1,0,5,88,137,0,0,"0"
367,9,2,0,1,0,4,88,200,0,0,"0"
368,5,3,0,2,0,5,71,118,0,0,"0"
369,5,3,0,2,0,5,71,118,0,0,"0"
370,5,3,0,2,0,4,71,72,0,0,"0"
371,5,4,0,1,0,1,71,87,0,0,"0"
372,5,4,0,1,0,4,71,262,0,0,"0"
373,16,1,0,1,0,4,156,72,0,0,"0"
374,12,1,0,2,0,2,105,278,0,0,"0"
375,12,1,0,2,0,4,105,201,0,0,"0"
376,12,3,0,1,0,4,105,201,0,0,"0"
377,12,3,0,1,0,4,105,269,0,0,"0"
378,12,3,0,1,0,4,105,247,0,0,"0"
379,13,1,0,2,0,4,122,189,0,0,"0"
380,13,1,0,2,0,4,122,189,0,0,"0"
381,13,1,0,2,0,4,122,189,0,0,"0"
382,13,1,0,2,0,4,122,262,0,0,"0"
383,13,1,0,2,0,4,122,262,0,0,"0"
384,3,1,0,2,0,1,37,87,0,0,"0"
385,3,1,0,2,0,4,37,72,0,0,"0"
386,3,1,0,2,0,4,37,72,0,0,"0"
387,3,3,0,1,0,4,37,105,0,0,"0"
388,3,3,0,1,0,4,37,105,0,0,"0"
389,3,1,0,2,0,4,37,236,0,0,"0"
