fk_id_partnership_2018_info,fk_id_partnerships_main_areas,fk_id_flagship,fk_id_ext_partner,fk_id_phases,fk_id_crp
1,1,31,1859,108,12
1,1,31,1024,108,12
1,2,31,1859,108,12
1,2,31,1024,108,12
1,4,31,1859,108,12
1,4,31,1024,108,12
2,4,31,655,108,12
2,4,31,163,108,12
2,2,31,655,108,12
2,2,31,163,108,12
2,1,31,655,108,12
2,1,31,163,108,12
3,1,31,1904,108,12
3,1,31,1652,108,12
3,1,31,1982,108,12
3,1,31,1643,108,12
3,4,31,1904,108,12
3,4,31,1652,108,12
3,4,31,1982,108,12
3,4,31,1643,108,12
4,1,31,1018,108,12
4,1,31,273,108,12
4,3,31,1018,108,12
4,3,31,273,108,12
4,4,31,1018,108,12
4,4,31,273,108,12
5,1,31,1947,108,12
6,4,32,1606,108,12
6,2,32,1606,108,12
7,4,32,966,108,12
7,1,32,966,108,12
8,2,33,1398,108,12
8,2,33,1018,108,12
8,2,33,1031,108,12
8,4,33,1398,108,12
8,4,33,1018,108,12
8,4,33,1031,108,12
8,1,33,1398,108,12
8,1,33,1018,108,12
8,1,33,1031,108,12
9,1,33,1197,108,12
9,1,33,108,108,12
9,1,33,109,108,12
9,1,33,1036,108,12
9,1,33,2089,108,12
9,1,33,105,108,12
9,1,33,1697,108,12
10,4,33,1024,108,12
10,4,33,739,108,12
10,4,33,693,108,12
10,2,33,1024,108,12
10,2,33,739,108,12
10,2,33,693,108,12
10,1,33,1024,108,12
10,1,33,739,108,12
10,1,33,693,108,12
11,1,34,1710,108,12
12,6,34,110,108,12
13,1,34,1631,108,12
13,1,34,2230,108,12
14,1,34,971,108,12
15,1,34,1197,108,12
16,1,34,1909,108,12
16,1,34,1869,108,12
16,1,34,739,108,12
17,1,35,727,108,12
17,1,35,12,108,12
17,1,35,1921,108,12
18,1,35,959,108,12
19,1,35,971,108,12
20,2,35,727,108,12
20,1,35,727,108,12
21,1,23,967,74,5
21,4,23,967,74,5
21,2,23,967,74,5
22,2,23,2116,74,5
22,1,23,2116,74,5
22,4,23,2116,74,5
23,1,23,2025,74,5
23,4,23,2025,74,5
24,4,23,967,74,5
24,3,23,967,74,5
25,4,5,2252,23,2
25,4,5,363,23,2
25,4,5,113,23,2
25,4,5,15,23,2
26,2,5,2189,23,2
26,2,5,113,23,2
26,2,5,1135,23,2
26,4,5,2189,23,2
26,4,5,113,23,2
26,4,5,1135,23,2
27,1,10,1847,23,2
27,1,10,2296,23,2
27,1,10,1878,23,2
27,1,10,659,23,2
27,1,10,113,23,2
27,4,10,1847,23,2
27,4,10,2296,23,2
27,4,10,1878,23,2
27,4,10,659,23,2
27,4,10,113,23,2
28,2,10,113,23,2
28,2,10,79,23,2
29,1,6,1697,23,2
29,1,6,113,23,2
29,6,6,1697,23,2
29,6,6,113,23,2
30,2,6,675,23,2
30,2,6,113,23,2
30,2,6,2183,23,2
31,2,6,674,23,2
31,2,6,113,23,2
31,1,6,674,23,2
31,1,6,113,23,2
32,4,6,1859,23,2
32,4,6,681,23,2
32,4,6,730,23,2
32,4,6,673,23,2
32,4,6,113,23,2
32,4,6,2439,23,2
32,1,6,1859,23,2
32,1,6,681,23,2
32,1,6,730,23,2
32,1,6,673,23,2
32,1,6,113,23,2
32,1,6,2439,23,2
33,2,6,760,23,2
33,2,6,466,23,2
33,2,6,113,23,2
33,1,6,760,23,2
33,1,6,466,23,2
33,1,6,113,23,2
34,1,5,2308,23,2
34,1,5,113,23,2
34,1,5,107,23,2
34,1,5,694,23,2
34,1,5,692,23,2
35,4,4,93,6,1
35,4,4,1256,6,1
36,2,8,346,23,2
36,2,8,113,23,2
36,3,8,346,23,2
36,3,8,113,23,2
37,2,8,650,23,2
37,2,8,294,23,2
37,2,8,113,23,2
37,3,8,650,23,2
37,3,8,294,23,2
37,3,8,113,23,2
38,4,8,534,23,2
38,4,8,113,23,2
38,1,8,534,23,2
38,1,8,113,23,2
39,1,7,646,23,2
39,1,7,676,23,2
39,1,7,113,23,2
39,1,7,653,23,2
39,1,7,673,23,2
40,1,7,1631,23,2
40,1,7,113,23,2
40,4,7,1631,23,2
40,4,7,113,23,2
41,4,7,656,23,2
41,4,7,113,23,2
42,2,7,650,23,2
42,2,7,1419,23,2
42,2,7,1506,23,2
42,2,7,1972,23,2
42,2,7,1909,23,2
42,2,7,113,23,2
42,4,7,650,23,2
42,4,7,1419,23,2
42,4,7,1506,23,2
42,4,7,1972,23,2
42,4,7,1909,23,2
42,4,7,113,23,2
42,1,7,650,23,2
42,1,7,1419,23,2
42,1,7,1506,23,2
42,1,7,1972,23,2
42,1,7,1909,23,2
42,1,7,113,23,2
43,3,3,1206,6,1
43,1,3,1206,6,1
44,4,1,702,6,1
44,2,1,702,6,1
45,4,1,1213,6,1
45,2,1,1213,6,1
46,2,1,1661,6,1
46,4,1,1661,6,1
47,4,1,1684,6,1
47,2,1,1684,6,1
48,4,1,1209,6,1
48,3,1,1209,6,1
49,4,9,830,23,2
49,4,9,113,23,2
49,4,9,115,23,2
49,4,9,114,23,2
49,4,9,118,23,2
49,4,9,107,23,2
49,4,9,2408,23,2
49,2,9,830,23,2
49,2,9,113,23,2
49,2,9,115,23,2
49,2,9,114,23,2
49,2,9,118,23,2
49,2,9,107,23,2
49,2,9,2408,23,2
50,4,9,674,23,2
50,4,9,399,23,2
50,4,9,119,23,2
50,4,9,349,23,2
50,4,9,110,23,2
50,4,9,598,23,2
50,4,9,317,23,2
50,4,9,2484,23,2
50,4,9,2382,23,2
50,4,9,2343,23,2
50,4,9,983,23,2
50,2,9,674,23,2
50,2,9,399,23,2
50,2,9,119,23,2
50,2,9,349,23,2
50,2,9,110,23,2
50,2,9,598,23,2
50,2,9,317,23,2
50,2,9,2484,23,2
50,2,9,2382,23,2
50,2,9,2343,23,2
50,2,9,983,23,2
51,4,9,598,23,2
51,4,9,2408,23,2
51,4,9,114,23,2
51,4,9,903,23,2
51,2,9,598,23,2
51,2,9,2408,23,2
51,2,9,114,23,2
51,2,9,903,23,2
52,1,9,115,23,2
52,1,9,93,23,2
52,1,9,340,23,2
52,2,9,115,23,2
52,2,9,93,23,2
52,2,9,340,23,2
52,4,9,115,23,2
52,4,9,93,23,2
52,4,9,340,23,2
53,4,9,1796,23,2
53,4,9,646,23,2
53,4,9,679,23,2
53,4,9,1614,23,2
53,4,9,674,23,2
53,4,9,1952,23,2
53,4,9,115,23,2
54,6,21,2278,74,5
55,3,21,1620,74,5
56,1,21,2214,74,5
56,4,21,2214,74,5
56,2,21,2214,74,5
57,3,25,110,74,5
57,3,25,646,74,5
57,3,25,739,74,5
57,3,25,119,74,5
57,3,25,106,74,5
58,1,25,110,74,5
58,1,25,623,74,5
58,2,25,110,74,5
58,2,25,623,74,5
59,3,25,110,74,5
59,3,25,1758,74,5
59,3,25,2003,74,5
59,3,25,691,74,5
59,1,25,110,74,5
59,1,25,1758,74,5
59,1,25,2003,74,5
59,1,25,691,74,5
60,4,25,110,74,5
60,4,25,581,74,5
60,1,25,110,74,5
60,1,25,581,74,5
61,2,17,579,57,4
62,2,49,2069,180,19
62,6,49,2069,180,19
63,1,19,697,57,4
63,1,19,1925,57,4
63,1,19,659,57,4
63,1,19,1362,57,4
63,1,19,1611,57,4
63,1,19,924,57,4
63,1,19,1636,57,4
63,1,19,146,57,4
63,1,19,2481,57,4
63,1,19,2512,57,4
63,1,19,2208,57,4
63,1,19,1985,57,4
63,1,19,1718,57,4
63,1,19,2441,57,4
63,1,19,2409,57,4
63,3,19,697,57,4
63,3,19,1925,57,4
63,3,19,659,57,4
63,3,19,1362,57,4
63,3,19,1611,57,4
63,3,19,924,57,4
63,3,19,1636,57,4
63,3,19,146,57,4
63,3,19,2481,57,4
63,3,19,2512,57,4
63,3,19,2208,57,4
63,3,19,1985,57,4
63,3,19,1718,57,4
63,3,19,2441,57,4
63,3,19,2409,57,4
63,4,19,697,57,4
63,4,19,1925,57,4
63,4,19,659,57,4
63,4,19,1362,57,4
63,4,19,1611,57,4
63,4,19,924,57,4
63,4,19,1636,57,4
63,4,19,146,57,4
63,4,19,2481,57,4
63,4,19,2512,57,4
63,4,19,2208,57,4
63,4,19,1985,57,4
63,4,19,1718,57,4
63,4,19,2441,57,4
63,4,19,2409,57,4
64,1,19,1319,57,4
64,1,19,557,57,4
64,1,19,1889,57,4
64,1,19,1372,57,4
64,1,19,1340,57,4
64,4,19,1319,57,4
64,4,19,557,57,4
64,4,19,1889,57,4
64,4,19,1372,57,4
64,4,19,1340,57,4
65,4,19,1362,57,4
65,4,19,2209,57,4
66,1,16,646,57,4
66,1,16,2156,57,4
66,1,16,1103,57,4
66,1,16,349,57,4
66,1,16,974,57,4
66,1,16,2385,57,4
66,3,16,646,57,4
66,3,16,2156,57,4
66,3,16,1103,57,4
66,3,16,349,57,4
66,3,16,974,57,4
66,3,16,2385,57,4
67,2,16,1121,57,4
67,2,16,2485,57,4
67,1,16,1121,57,4
67,1,16,2485,57,4
68,3,18,1610,57,4
68,3,18,79,57,4
68,4,18,1610,57,4
68,4,18,79,57,4
69,3,18,1630,57,4
70,1,20,785,57,4
70,1,20,1847,57,4
70,1,20,291,57,4
70,1,20,2347,57,4
70,1,20,1718,57,4
70,4,20,785,57,4
70,4,20,1847,57,4
70,4,20,291,57,4
70,4,20,2347,57,4
70,4,20,1718,57,4
71,1,20,1644,57,4
71,1,20,798,57,4
71,1,20,1881,57,4
71,1,20,1689,57,4
71,1,20,2528,57,4
71,1,20,1913,57,4
71,4,20,1644,57,4
71,4,20,798,57,4
71,4,20,1881,57,4
71,4,20,1689,57,4
71,4,20,2528,57,4
71,4,20,1913,57,4
72,2,17,534,57,4
72,2,17,584,57,4
72,2,17,557,57,4
73,2,17,1467,57,4
73,2,17,2329,57,4
74,4,16,1644,57,4
74,4,16,1121,57,4
74,4,16,2298,57,4
74,4,16,1727,57,4
74,4,16,1850,57,4
74,4,16,1091,57,4
74,4,16,1698,57,4
74,4,16,2535,57,4
74,1,16,1644,57,4
74,1,16,1121,57,4
74,1,16,2298,57,4
74,1,16,1727,57,4
74,1,16,1850,57,4
74,1,16,1091,57,4
74,1,16,1698,57,4
74,1,16,2535,57,4
75,3,18,673,57,4
75,3,18,146,57,4
75,3,18,291,57,4
75,3,18,79,57,4
75,3,18,646,57,4
75,3,18,657,57,4
75,4,18,673,57,4
75,4,18,146,57,4
75,4,18,291,57,4
75,4,18,79,57,4
75,4,18,646,57,4
75,4,18,657,57,4
75,1,18,673,57,4
75,1,18,146,57,4
75,1,18,291,57,4
75,1,18,79,57,4
75,1,18,646,57,4
75,1,18,657,57,4
76,1,20,1881,57,4
76,1,20,2529,57,4
77,1,5,194,23,2
77,1,5,113,23,2
77,4,5,194,23,2
77,4,5,113,23,2
78,2,5,1377,23,2
78,2,5,349,23,2
78,2,5,113,23,2
78,2,5,112,23,2
78,2,5,1936,23,2
78,2,5,1669,23,2
78,2,5,2065,23,2
78,1,5,1377,23,2
78,1,5,349,23,2
78,1,5,113,23,2
78,1,5,112,23,2
78,1,5,1936,23,2
78,1,5,1669,23,2
78,1,5,2065,23,2
79,2,10,113,23,2
79,2,10,601,23,2
79,2,10,2492,23,2
79,2,10,1491,23,2
79,1,10,113,23,2
79,1,10,601,23,2
79,1,10,2492,23,2
79,1,10,1491,23,2
80,4,7,610,23,2
80,4,7,1683,23,2
80,4,7,106,23,2
80,2,7,610,23,2
80,2,7,1683,23,2
80,2,7,106,23,2
81,2,10,115,23,2
81,2,10,110,23,2
81,2,10,113,23,2
81,2,10,65,23,2
81,4,10,115,23,2
81,4,10,110,23,2
81,4,10,113,23,2
81,4,10,65,23,2
81,1,10,115,23,2
81,1,10,110,23,2
81,1,10,113,23,2
81,1,10,65,23,2
82,4,10,1945,23,2
82,4,10,2299,23,2
82,4,10,106,23,2
82,4,10,113,23,2
82,4,10,119,23,2
82,1,10,1945,23,2
82,1,10,2299,23,2
82,1,10,106,23,2
82,1,10,113,23,2
82,1,10,119,23,2
83,4,24,1206,74,5
84,3,24,598,74,5
85,4,8,1665,23,2
85,4,8,2298,23,2
85,4,8,534,23,2
85,4,8,297,23,2
85,4,8,113,23,2
85,1,8,1665,23,2
85,1,8,2298,23,2
85,1,8,534,23,2
85,1,8,297,23,2
85,1,8,113,23,2
86,3,8,697,23,2
86,3,8,650,23,2
86,3,8,113,23,2
86,1,8,697,23,2
86,1,8,650,23,2
86,1,8,113,23,2
87,4,22,1915,74,5
87,3,22,1915,74,5
88,1,18,2461,57,4
88,1,18,1892,57,4
88,1,18,1850,57,4
88,1,18,90,57,4
88,1,18,1871,57,4
88,1,18,2536,57,4
88,3,18,2461,57,4
88,3,18,1892,57,4
88,3,18,1850,57,4
88,3,18,90,57,4
88,3,18,1871,57,4
88,3,18,2536,57,4
88,4,18,2461,57,4
88,4,18,1892,57,4
88,4,18,1850,57,4
88,4,18,90,57,4
88,4,18,1871,57,4
88,4,18,2536,57,4
89,2,17,2355,57,4
89,2,17,2356,57,4
89,2,17,481,57,4
89,2,17,1474,57,4
89,2,17,2358,57,4
89,2,17,2361,57,4
89,2,17,2362,57,4
89,2,17,2359,57,4
89,2,17,2363,57,4
89,2,17,2364,57,4
89,2,17,2365,57,4
89,2,17,2357,57,4
89,2,17,2360,57,4
90,1,20,1913,57,4
90,1,20,2202,57,4
90,1,20,146,57,4
90,1,20,291,57,4
90,1,20,646,57,4
90,1,20,1709,57,4
90,1,20,1680,57,4
90,1,20,2028,57,4
90,1,20,2538,57,4
91,1,16,679,57,4
91,1,16,646,57,4
91,1,16,960,57,4
91,1,16,132,57,4
91,1,16,202,57,4
91,1,16,411,57,4
91,1,16,971,57,4
91,1,16,2459,57,4
91,1,16,320,57,4
91,1,16,332,57,4
91,1,16,400,57,4
91,3,16,679,57,4
91,3,16,646,57,4
91,3,16,960,57,4
91,3,16,132,57,4
91,3,16,202,57,4
91,3,16,411,57,4
91,3,16,971,57,4
91,3,16,2459,57,4
91,3,16,320,57,4
91,3,16,332,57,4
91,3,16,400,57,4
92,1,19,557,57,4
92,1,19,707,57,4
93,2,2,552,6,1
93,4,2,552,6,1
94,3,4,191,6,1
94,4,4,191,6,1
95,4,4,673,6,1
95,2,4,673,6,1
96,4,3,68,6,1
96,2,3,68,6,1
97,3,3,646,6,1
97,1,3,646,6,1
98,4,2,68,6,1
98,2,2,68,6,1
99,4,2,677,6,1
100,4,4,674,6,1
100,2,4,674,6,1
101,1,2,1631,6,1
102,4,3,1266,6,1
102,2,3,1266,6,1
103,4,22,2219,74,5
103,3,22,2219,74,5
104,2,22,2421,74,5
105,1,22,797,74,5
106,2,49,2064,180,19
106,6,49,2064,180,19
107,2,49,1661,180,19
107,6,49,1661,180,19
108,2,49,1916,180,19
108,6,49,1916,180,19
109,2,49,1905,180,19
109,6,49,1905,180,19
110,2,50,2269,180,19
110,6,50,2269,180,19
111,2,11,1197,40,3
111,2,11,105,40,3
111,1,11,1197,40,3
111,1,11,105,40,3
112,1,11,298,40,3
112,1,11,304,40,3
112,1,11,297,40,3
112,1,11,500,40,3
112,1,11,148,40,3
112,1,11,1650,40,3
112,2,11,298,40,3
112,2,11,304,40,3
112,2,11,297,40,3
112,2,11,500,40,3
112,2,11,148,40,3
112,2,11,1650,40,3
112,4,11,298,40,3
112,4,11,304,40,3
112,4,11,297,40,3
112,4,11,500,40,3
112,4,11,148,40,3
112,4,11,1650,40,3
113,1,11,692,40,3
113,1,11,1732,40,3
113,1,11,221,40,3
113,1,11,1163,40,3
113,1,11,1035,40,3
113,1,11,257,40,3
113,1,11,192,40,3
113,2,11,692,40,3
113,2,11,1732,40,3
113,2,11,221,40,3
113,2,11,1163,40,3
113,2,11,1035,40,3
113,2,11,257,40,3
113,2,11,192,40,3
113,4,11,692,40,3
113,4,11,1732,40,3
113,4,11,221,40,3
113,4,11,1163,40,3
113,4,11,1035,40,3
113,4,11,257,40,3
113,4,11,192,40,3
114,1,11,79,40,3
114,1,11,373,40,3
114,2,11,79,40,3
114,2,11,373,40,3
115,3,11,2061,40,3
116,1,12,1725,40,3
116,1,12,79,40,3
116,2,12,1725,40,3
116,2,12,79,40,3
116,3,12,1725,40,3
116,3,12,79,40,3
116,4,12,1725,40,3
116,4,12,79,40,3
117,2,12,2422,40,3
118,1,12,1752,40,3
119,1,12,1898,40,3
119,1,12,1644,40,3
120,1,12,513,40,3
120,4,12,513,40,3
121,4,13,0,40,3
122,2,13,646,40,3
122,2,13,657,40,3
122,2,13,651,40,3
123,2,13,389,40,3
123,2,13,1517,40,3
123,6,13,389,40,3
123,6,13,1517,40,3
124,4,13,2369,40,3
125,1,14,1957,40,3
125,1,14,1698,40,3
125,1,14,113,40,3
125,1,14,1662,40,3
125,1,14,1628,40,3
125,1,14,1695,40,3
125,1,14,673,40,3
125,1,14,639,40,3
125,1,14,2192,40,3
125,4,14,1957,40,3
125,4,14,1698,40,3
125,4,14,113,40,3
125,4,14,1662,40,3
125,4,14,1628,40,3
125,4,14,1695,40,3
125,4,14,673,40,3
125,4,14,639,40,3
125,4,14,2192,40,3
125,2,14,1957,40,3
125,2,14,1698,40,3
125,2,14,113,40,3
125,2,14,1662,40,3
125,2,14,1628,40,3
125,2,14,1695,40,3
125,2,14,673,40,3
125,2,14,639,40,3
125,2,14,2192,40,3
126,1,14,2166,40,3
126,1,14,2502,40,3
126,2,14,2166,40,3
126,2,14,2502,40,3
127,1,14,542,40,3
127,1,14,116,40,3
127,1,14,699,40,3
127,1,14,781,40,3
127,1,14,667,40,3
128,2,14,666,40,3
128,2,14,600,40,3
128,2,14,533,40,3
128,2,14,11,40,3
128,2,14,2423,40,3
128,2,14,2449,40,3
129,1,15,1821,40,3
129,2,15,1821,40,3
129,4,15,1821,40,3
130,1,15,2424,40,3
131,4,26,1905,91,9
131,4,26,1460,91,9
131,1,26,1905,91,9
131,1,26,1460,91,9
132,4,26,1656,91,9
132,4,26,2467,91,9
132,1,26,1656,91,9
132,1,26,2467,91,9
133,2,26,11,91,9
133,2,26,646,91,9
133,3,26,11,91,9
133,3,26,646,91,9
134,1,26,534,91,9
134,2,26,534,91,9
135,3,29,2331,91,9
135,3,29,1616,91,9
135,3,29,2052,91,9
135,2,29,2331,91,9
135,2,29,1616,91,9
135,2,29,2052,91,9
135,4,29,2331,91,9
135,4,29,1616,91,9
135,4,29,2052,91,9
135,1,29,2331,91,9
135,1,29,1616,91,9
135,1,29,2052,91,9
136,3,30,2335,91,9
136,4,30,2335,91,9
137,4,28,87,91,9
137,6,28,87,91,9
138,4,28,631,91,9
138,6,28,631,91,9
139,4,28,646,91,9
140,1,41,974,142,15
141,3,41,545,142,15
142,1,42,2235,142,15
142,4,42,2235,142,15
143,1,42,690,142,15
143,1,42,118,142,15
143,1,42,959,142,15
143,1,42,2230,142,15
143,1,42,1725,142,15
143,1,42,1676,142,15
144,4,42,2064,142,15
144,4,42,700,142,15
144,4,42,1859,142,15
145,2,43,194,142,15
145,2,43,2222,142,15
145,3,43,194,142,15
145,3,43,2222,142,15
146,1,43,973,142,15
146,1,43,396,142,15
146,1,43,2109,142,15
146,1,43,1061,142,15
146,1,43,2111,142,15
146,1,43,960,142,15
146,1,43,1036,142,15
146,4,43,973,142,15
146,4,43,396,142,15
146,4,43,2109,142,15
146,4,43,1061,142,15
146,4,43,2111,142,15
146,4,43,960,142,15
146,4,43,1036,142,15
147,1,43,195,142,15
147,1,43,1859,142,15
147,1,43,1557,142,15
147,1,43,1556,142,15
148,4,43,108,142,15
149,2,44,1855,142,15
149,2,44,951,142,15
149,2,44,1981,142,15
149,2,44,973,142,15
149,2,44,1306,142,15
149,2,44,1186,142,15
149,2,44,1236,142,15
150,2,44,694,142,15
151,2,44,2138,142,15
151,1,44,2138,142,15
152,2,45,636,159,16
152,2,45,717,159,16
152,2,45,646,159,16
152,2,45,698,159,16
152,2,45,79,159,16
152,2,45,1619,159,16
152,2,45,105,159,16
152,3,45,636,159,16
152,3,45,717,159,16
152,3,45,646,159,16
152,3,45,698,159,16
152,3,45,79,159,16
152,3,45,1619,159,16
152,3,45,105,159,16
152,1,45,636,159,16
152,1,45,717,159,16
152,1,45,646,159,16
152,1,45,698,159,16
152,1,45,79,159,16
152,1,45,1619,159,16
152,1,45,105,159,16
153,1,46,1046,159,16
153,1,46,951,159,16
153,1,46,973,159,16
153,1,46,1183,159,16
153,4,46,1046,159,16
153,4,46,951,159,16
153,4,46,973,159,16
153,4,46,1183,159,16
154,1,46,690,159,16
154,1,46,959,159,16
154,1,46,945,159,16
154,1,46,1676,159,16
155,4,46,2064,159,16
155,4,46,700,159,16
155,4,46,1859,159,16
156,1,47,195,159,16
156,1,47,1859,159,16
156,1,47,1557,159,16
156,1,47,1556,159,16
157,2,48,606,159,16
157,2,48,349,159,16
157,2,48,252,159,16
157,2,48,740,159,16
158,2,48,1546,159,16
159,6,68,2315,264,21
160,6,68,0,264,21
161,3,68,1226,264,21
162,6,68,652,264,21
163,2,69,1227,264,21
163,3,69,1227,264,21
164,3,70,1227,264,21
164,3,70,1228,264,21
165,2,47,960,159,16
165,4,47,960,159,16
166,3,26,368,91,9
166,2,26,368,91,9
166,4,26,368,91,9
166,1,26,368,91,9
167,2,52,2571,196,20
167,2,52,2118,196,20
168,1,54,1557,196,20
169,4,55,2280,196,20
169,4,55,118,196,20
170,1,56,1859,196,20
170,2,56,1859,196,20
170,4,56,1859,196,20
171,1,56,1492,196,20
171,2,56,1492,196,20
172,4,36,1195,125,13
172,4,36,1711,125,13
172,1,36,1195,125,13
172,1,36,1711,125,13
173,1,36,2623,125,13
174,1,36,1859,125,13
174,1,36,146,125,13
175,4,36,945,125,13
175,4,36,960,125,13
175,2,36,945,125,13
175,2,36,960,125,13
175,3,36,945,125,13
175,3,36,960,125,13
175,1,36,945,125,13
175,1,36,960,125,13
176,1,36,2610,125,13
176,1,36,1034,125,13
176,1,36,2681,125,13
176,4,36,2610,125,13
176,4,36,1034,125,13
176,4,36,2681,125,13
177,3,36,2410,125,13
177,3,36,65,125,13
177,3,36,2620,125,13
177,3,36,1631,125,13
177,2,36,2410,125,13
177,2,36,65,125,13
177,2,36,2620,125,13
177,2,36,1631,125,13
178,2,68,0,264,21
179,1,73,2025,230,18
180,6,73,1922,230,18
181,1,73,2655,230,18
182,1,73,1840,230,18
182,1,73,1986,230,18
182,1,73,1664,230,18
182,1,73,1689,230,18
183,6,75,2686,230,18
183,6,75,966,230,18
183,6,75,948,230,18
183,6,75,991,230,18
183,6,75,947,230,18
183,6,75,951,230,18
183,6,75,990,230,18
183,6,75,1062,230,18
184,4,75,694,230,18
185,1,75,1631,230,18
185,1,75,1758,230,18
186,4,75,163,230,18
186,1,75,163,230,18
187,4,75,69,230,18
188,1,75,2675,230,18
188,4,75,2675,230,18
189,4,75,966,230,18
189,4,75,947,230,18
189,1,75,966,230,18
189,1,75,947,230,18
190,1,76,1761,230,18
190,1,76,2662,230,18
191,1,76,1856,230,18
192,2,76,0,230,18
193,2,76,2653,230,18
194,1,76,1669,230,18
196,1,77,2333,230,18
197,1,77,2667,230,18
197,1,77,1435,230,18
197,1,77,1667,230,18
198,1,40,363,125,13
198,1,40,414,125,13
198,1,40,2585,125,13
198,1,40,273,125,13
198,1,40,201,125,13
198,4,40,363,125,13
198,4,40,414,125,13
198,4,40,2585,125,13
198,4,40,273,125,13
198,4,40,201,125,13
199,4,40,1920,125,13
199,4,40,1631,125,13
200,4,40,585,125,13
200,4,40,481,125,13
201,1,37,945,125,13
201,1,37,2635,125,13
201,2,37,945,125,13
201,2,37,2635,125,13
201,4,37,945,125,13
201,4,37,2635,125,13
202,2,37,2393,125,13
202,4,37,2393,125,13
203,1,37,2098,125,13
203,1,37,1855,125,13
203,1,37,1676,125,13
203,1,37,2630,125,13
203,4,37,2098,125,13
203,4,37,1855,125,13
203,4,37,1676,125,13
203,4,37,2630,125,13
203,2,37,2098,125,13
203,2,37,1855,125,13
203,2,37,1676,125,13
203,2,37,2630,125,13
204,1,37,2637,125,13
204,1,37,163,125,13
204,2,37,2637,125,13
204,2,37,163,125,13
205,1,37,2043,125,13
205,4,37,2043,125,13
206,1,37,1676,125,13
206,4,37,1676,125,13
207,1,37,762,125,13
207,4,37,762,125,13
208,1,37,1661,125,13
208,4,37,1661,125,13
209,1,37,1876,125,13
210,4,38,2678,125,13
211,1,38,2646,125,13
214,1,39,2639,125,13
215,2,39,2683,125,13
215,1,39,2683,125,13
216,4,39,105,125,13
216,4,39,2658,125,13
216,1,39,105,125,13
216,1,39,2658,125,13
216,2,39,105,125,13
216,2,39,2658,125,13
217,1,39,105,125,13
217,1,39,2659,125,13
218,4,39,111,125,13
218,4,39,2691,125,13
218,2,39,111,125,13
218,2,39,2691,125,13
219,4,39,2669,125,13
219,4,39,111,125,13
219,1,39,2669,125,13
219,1,39,111,125,13
220,1,71,2632,213,17
220,1,71,2644,213,17
220,1,71,1631,213,17
220,1,71,2064,213,17
221,1,71,2316,213,17
221,1,71,2646,213,17
221,1,71,2647,213,17
221,1,71,2642,213,17
221,1,71,2324,213,17
222,1,71,2644,213,17
222,1,71,2316,213,17
222,1,71,2646,213,17
222,1,71,1892,213,17
222,1,71,110,213,17
222,1,71,116,213,17
222,1,71,113,213,17
223,3,71,2128,213,17
223,3,71,1610,213,17
223,3,71,646,213,17
223,3,71,93,213,17
223,4,71,2128,213,17
223,4,71,1610,213,17
223,4,71,646,213,17
223,4,71,93,213,17
224,0,71,1256,213,17
225,3,72,1620,213,17
225,3,72,2128,213,17
225,3,72,1610,213,17
225,3,72,229,213,17
225,3,72,252,213,17
225,3,72,356,213,17
225,3,72,202,213,17
225,3,72,284,213,17
225,3,72,2650,213,17
225,3,72,2685,213,17
225,4,72,1620,213,17
225,4,72,2128,213,17
225,4,72,1610,213,17
225,4,72,229,213,17
225,4,72,252,213,17
225,4,72,356,213,17
225,4,72,202,213,17
225,4,72,284,213,17
225,4,72,2650,213,17
225,4,72,2685,213,17
226,1,72,2654,213,17
226,1,72,646,213,17
226,3,72,2654,213,17
226,3,72,646,213,17
227,4,72,65,213,17
228,1,72,2676,213,17
228,1,72,2627,213,17
228,4,72,2676,213,17
228,4,72,2627,213,17
228,6,72,2676,213,17
228,6,72,2627,213,17
229,1,39,2692,125,13
229,4,39,2692,125,13
230,1,39,2648,125,13
231,1,29,1228,91,9
231,3,29,1228,91,9
231,4,29,1228,91,9
232,1,29,1859,91,9
232,4,29,1859,91,9
233,1,23,967,77,5
234,1,23,2304,77,5
235,2,23,2116,77,5
235,1,23,2116,77,5
236,2,23,65,77,5
236,1,23,65,77,5
237,2,23,544,77,5
237,2,23,87,77,5
237,2,23,960,77,5
238,1,23,711,77,5
238,1,23,969,77,5
238,1,23,4299,77,5
239,4,23,2343,77,5
240,1,23,1077,77,5
240,2,23,1077,77,5
240,4,23,1077,77,5
241,1,23,1813,77,5
242,1,23,2136,77,5
243,1,23,356,77,5
244,1,23,974,77,5
245,1,23,380,77,5
246,1,23,959,77,5
247,1,35,1024,111,12
247,1,35,2731,111,12
247,1,35,739,111,12
247,1,35,109,111,12
247,4,35,1024,111,12
247,4,35,2731,111,12
247,4,35,739,111,12
247,4,35,109,111,12
247,2,35,1024,111,12
247,2,35,2731,111,12
247,2,35,739,111,12
247,2,35,109,111,12
248,4,79,0,233,18
248,1,79,0,233,18
248,2,79,0,233,18
249,1,34,1014,111,12
249,1,34,556,111,12
249,1,34,1031,111,12
249,1,34,2596,111,12
249,1,34,2464,111,12
249,1,34,1018,111,12
249,4,34,1014,111,12
249,4,34,556,111,12
249,4,34,1031,111,12
249,4,34,2596,111,12
249,4,34,2464,111,12
249,4,34,1018,111,12
249,2,34,1014,111,12
249,2,34,556,111,12
249,2,34,1031,111,12
249,2,34,2596,111,12
249,2,34,2464,111,12
249,2,34,1018,111,12
250,4,34,739,111,12
250,2,34,739,111,12
250,1,34,739,111,12
251,1,16,2149,60,4
251,1,16,694,60,4
251,1,16,1611,60,4
251,1,16,1821,60,4
251,1,16,1110,60,4
251,1,16,2020,60,4
252,1,16,2289,60,4
252,1,16,1121,60,4
252,1,16,632,60,4
252,1,16,1911,60,4
253,4,16,1632,60,4
253,4,16,1821,60,4
253,4,16,1676,60,4
253,4,16,2156,60,4
253,4,16,2232,60,4
254,1,16,694,60,4
255,1,16,739,60,4
256,2,31,681,111,12
256,3,31,681,111,12
257,1,31,1904,111,12
258,3,31,646,111,12
258,3,31,653,111,12
258,3,31,2735,111,12
258,3,31,1767,111,12
258,3,31,1709,111,12
258,1,31,646,111,12
258,1,31,653,111,12
258,1,31,2735,111,12
258,1,31,1767,111,12
258,1,31,1709,111,12
259,2,31,678,111,12
260,1,31,1705,111,12
260,6,31,1705,111,12
261,2,32,2729,111,12
261,2,32,279,111,12
262,2,32,1606,111,12
263,3,32,739,111,12
263,2,32,739,111,12
263,1,32,739,111,12
264,1,32,1639,111,12
264,2,32,1639,111,12
265,1,32,947,111,12
266,2,32,690,111,12
266,1,32,690,111,12
267,1,20,2248,60,4
268,4,20,310,60,4
269,1,20,1913,60,4
269,1,20,1644,60,4
269,1,20,2528,60,4
269,1,20,798,60,4
269,1,20,1881,60,4
269,1,20,1689,60,4
269,1,20,4396,60,4
270,1,20,4057,60,4
270,1,20,1758,60,4
270,4,20,4057,60,4
270,4,20,1758,60,4
271,2,33,727,111,12
271,4,33,727,111,12
271,1,33,727,111,12
272,2,33,739,111,12
273,2,33,2616,111,12
273,2,33,1398,111,12
273,2,33,2333,111,12
273,2,33,4195,111,12
273,2,33,1484,111,12
273,1,33,2616,111,12
273,1,33,1398,111,12
273,1,33,2333,111,12
273,1,33,4195,111,12
273,1,33,1484,111,12
273,4,33,2616,111,12
273,4,33,1398,111,12
273,4,33,2333,111,12
273,4,33,4195,111,12
273,4,33,1484,111,12
274,1,35,2333,111,12
275,2,18,2202,60,4
276,1,18,2239,60,4
277,2,18,1620,60,4
277,2,18,1630,60,4
277,2,18,655,60,4
277,2,18,2512,60,4
277,2,18,4431,60,4
278,1,18,1913,60,4
278,1,18,1726,60,4
278,1,18,2028,60,4
278,1,18,2538,60,4
278,1,18,694,60,4
278,1,18,1680,60,4
278,1,18,1638,60,4
278,1,18,2202,60,4
278,1,18,646,60,4
278,1,18,146,60,4
278,1,18,291,60,4
278,1,18,739,60,4
278,1,18,1736,60,4
278,1,18,1661,60,4
278,1,18,4468,60,4
278,1,18,4502,60,4
278,4,18,1913,60,4
278,4,18,1726,60,4
278,4,18,2028,60,4
278,4,18,2538,60,4
278,4,18,694,60,4
278,4,18,1680,60,4
278,4,18,1638,60,4
278,4,18,2202,60,4
278,4,18,646,60,4
278,4,18,146,60,4
278,4,18,291,60,4
278,4,18,739,60,4
278,4,18,1736,60,4
278,4,18,1661,60,4
278,4,18,4468,60,4
278,4,18,4502,60,4
279,1,18,2240,60,4
279,1,18,1661,60,4
279,1,18,721,60,4
280,1,54,1557,199,20
280,1,54,1492,199,20
281,4,19,1180,60,4
281,4,19,4144,60,4
282,1,19,2104,60,4
282,1,19,1878,60,4
283,1,19,1862,60,4
283,1,19,746,60,4
284,4,19,1925,60,4
284,4,19,697,60,4
285,2,19,650,60,4
286,6,17,579,60,4
287,1,17,2514,60,4
288,2,22,2219,77,5
288,3,22,2219,77,5
289,2,22,591,77,5
290,1,22,739,77,5
290,4,22,739,77,5
291,1,22,947,77,5
291,4,22,947,77,5
292,1,22,4072,77,5
292,4,22,4072,77,5
293,2,22,590,77,5
294,1,22,2248,77,5
295,1,52,2118,199,20
296,1,52,163,199,20
297,4,53,2280,199,20
298,4,53,1435,199,20
299,4,53,311,199,20
300,2,53,2632,199,20
301,1,25,739,77,5
301,4,25,739,77,5
302,4,25,646,77,5
302,3,25,646,77,5
303,1,25,1661,77,5
303,2,25,1661,77,5
304,3,25,4276,77,5
305,2,25,638,77,5
306,4,41,1631,145,15
306,1,41,1631,145,15
307,2,22,4274,77,5
308,1,22,4237,77,5
308,4,22,4237,77,5
309,1,17,9,60,4
309,2,17,9,60,4
310,1,17,1380,60,4
311,1,45,697,162,16
312,4,45,867,162,16
312,4,45,1631,162,16
312,1,45,867,162,16
312,1,45,1631,162,16
313,1,41,697,145,15
314,4,49,2742,183,19
314,2,49,2742,183,19
315,2,49,1661,183,19
315,4,49,1661,183,19
315,1,49,1661,183,19
316,4,49,1905,183,19
316,2,49,1905,183,19
316,1,49,1905,183,19
317,2,49,2072,183,19
317,4,49,2072,183,19
318,4,49,2064,183,19
318,2,49,2064,183,19
319,4,4,4039,9,1
319,4,4,93,9,1
319,3,4,4039,9,1
319,3,4,93,9,1
320,4,4,673,9,1
320,2,4,673,9,1
321,1,51,2127,183,19
322,1,51,1521,183,19
322,1,51,2065,183,19
323,1,51,2079,183,19
324,1,51,203,183,19
325,4,50,4053,183,19
325,1,50,4053,183,19
325,3,50,4053,183,19
326,1,50,2648,183,19
327,1,51,1859,183,19
327,1,51,4343,183,19
328,4,50,739,183,19
328,4,50,4297,183,19
329,3,1,650,9,1
330,4,1,4104,9,1
330,2,1,4104,9,1
330,1,1,4104,9,1
331,2,1,1661,9,1
332,3,1,728,9,1
333,2,3,4314,9,1
333,3,3,4314,9,1
334,3,3,673,9,1
335,4,3,1206,9,1
336,2,47,263,162,16
336,2,47,2005,162,16
336,2,47,72,162,16
336,2,47,71,162,16
337,4,47,974,162,16
337,4,47,960,162,16
337,4,47,2283,162,16
337,4,47,2245,162,16
337,4,47,945,162,16
337,4,47,1572,162,16
337,4,47,4170,162,16
337,4,47,1202,162,16
337,4,47,994,162,16
337,4,47,4016,162,16
337,4,47,1484,162,16
337,4,47,1773,162,16
337,4,47,1101,162,16
337,4,47,4187,162,16
337,4,47,1911,162,16
337,4,47,1593,162,16
337,4,47,4145,162,16
337,4,47,4200,162,16
337,4,47,4193,162,16
337,4,47,2263,162,16
337,4,47,481,162,16
337,4,47,4212,162,16
337,4,47,1570,162,16
337,4,47,4213,162,16
337,4,47,1276,162,16
337,4,47,4190,162,16
337,4,47,1456,162,16
337,4,47,975,162,16
337,4,47,4169,162,16
337,4,47,1914,162,16
337,4,47,1546,162,16
337,4,47,1607,162,16
337,4,47,2005,162,16
337,4,47,263,162,16
337,4,47,2197,162,16
337,4,47,71,162,16
338,1,47,2333,162,16
338,1,47,975,162,16
339,1,47,1996,162,16
339,1,47,3,162,16
339,1,47,967,162,16
339,1,47,1431,162,16
339,1,47,975,162,16
339,1,47,973,162,16
339,1,47,1854,162,16
339,1,47,1441,162,16
339,1,47,1535,162,16
339,1,47,557,162,16
339,1,47,2379,162,16
339,1,47,1046,162,16
339,1,47,974,162,16
339,1,47,122,162,16
339,1,47,2125,162,16
339,1,47,2126,162,16
339,1,47,784,162,16
339,1,47,264,162,16
339,1,47,968,162,16
339,1,47,263,162,16
339,1,47,1063,162,16
339,1,47,960,162,16
339,1,47,1457,162,16
339,1,47,286,162,16
339,1,47,1691,162,16
339,1,47,1183,162,16
339,1,47,954,162,16
339,1,47,945,162,16
339,1,47,1184,162,16
339,1,47,2122,162,16
339,1,47,1761,162,16
339,1,47,1472,162,16
339,1,47,429,162,16
339,1,47,2005,162,16
339,1,47,1722,162,16
339,1,47,2124,162,16
339,1,47,1666,162,16
339,1,47,994,162,16
339,1,47,2245,162,16
339,1,47,4145,162,16
340,1,21,1917,77,5
341,1,21,2461,77,5
342,1,21,1788,77,5
342,1,21,1805,77,5
342,1,21,2000,77,5
343,1,21,974,77,5
343,1,21,1888,77,5
343,1,21,2469,77,5
343,1,21,1631,77,5
343,1,21,1401,77,5
343,1,21,2278,77,5
343,4,21,974,77,5
343,4,21,1888,77,5
343,4,21,2469,77,5
343,4,21,1631,77,5
343,4,21,1401,77,5
343,4,21,2278,77,5
344,1,21,959,77,5
344,4,21,959,77,5
345,1,21,2000,77,5
345,1,21,1805,77,5
345,1,21,349,77,5
345,1,21,2469,77,5
345,1,21,4231,77,5
345,1,21,4036,77,5
345,1,21,733,77,5
346,1,56,1859,199,20
346,4,56,1859,199,20
346,2,56,1859,199,20
347,2,21,1065,77,5
347,2,21,800,77,5
347,2,21,799,77,5
347,2,21,429,77,5
347,2,21,2469,77,5
347,2,21,349,77,5
347,1,21,1065,77,5
347,1,21,800,77,5
347,1,21,799,77,5
347,1,21,429,77,5
347,1,21,2469,77,5
347,1,21,349,77,5
348,4,21,971,77,5
348,1,21,971,77,5
349,2,21,2118,77,5
349,1,21,2118,77,5
350,1,21,1061,77,5
351,1,35,1024,111,12
351,1,35,2731,111,12
351,1,35,690,111,12
351,4,35,1024,111,12
351,4,35,2731,111,12
351,4,35,690,111,12
352,1,35,690,111,12
352,1,35,104,111,12
352,1,35,109,111,12
352,1,35,1018,111,12
352,1,35,1078,111,12
352,1,35,2622,111,12
352,1,35,1642,111,12
352,1,35,380,111,12
353,1,21,4393,77,5
354,4,2,68,9,1
355,4,2,673,9,1
355,2,2,673,9,1
355,3,2,673,9,1
356,1,2,650,9,1
356,3,2,650,9,1
356,4,2,650,9,1
357,6,5,1151,26,2
357,6,5,361,26,2
357,6,5,454,26,2
357,6,5,1157,26,2
357,6,5,1104,26,2
357,6,5,2264,26,2
357,6,5,4501,26,2
357,6,5,4118,26,2
357,6,5,4467,26,2
357,6,5,113,26,2
357,3,5,1151,26,2
357,3,5,361,26,2
357,3,5,454,26,2
357,3,5,1157,26,2
357,3,5,1104,26,2
357,3,5,2264,26,2
357,3,5,4501,26,2
357,3,5,4118,26,2
357,3,5,4467,26,2
357,3,5,113,26,2
357,1,5,1151,26,2
357,1,5,361,26,2
357,1,5,454,26,2
357,1,5,1157,26,2
357,1,5,1104,26,2
357,1,5,2264,26,2
357,1,5,4501,26,2
357,1,5,4118,26,2
357,1,5,4467,26,2
357,1,5,113,26,2
358,1,5,195,26,2
358,1,5,778,26,2
358,1,5,457,26,2
358,1,5,694,26,2
358,1,5,1873,26,2
358,1,5,113,26,2
359,2,5,1377,26,2
359,2,5,2065,26,2
359,2,5,349,26,2
359,2,5,2561,26,2
359,2,5,79,26,2
359,2,5,2346,26,2
359,2,5,108,26,2
359,2,5,113,26,2
359,1,5,1377,26,2
359,1,5,2065,26,2
359,1,5,349,26,2
359,1,5,2561,26,2
359,1,5,79,26,2
359,1,5,2346,26,2
359,1,5,108,26,2
359,1,5,113,26,2
360,4,5,255,26,2
360,4,5,203,26,2
360,4,5,59,26,2
360,4,5,954,26,2
360,4,5,945,26,2
360,4,5,1058,26,2
360,4,5,2454,26,2
360,4,5,2560,26,2
360,4,5,1697,26,2
360,4,5,65,26,2
360,4,5,107,26,2
360,4,5,111,26,2
360,4,5,118,26,2
360,4,5,113,26,2
360,4,5,105,26,2
360,3,5,255,26,2
360,3,5,203,26,2
360,3,5,59,26,2
360,3,5,954,26,2
360,3,5,945,26,2
360,3,5,1058,26,2
360,3,5,2454,26,2
360,3,5,2560,26,2
360,3,5,1697,26,2
360,3,5,65,26,2
360,3,5,107,26,2
360,3,5,111,26,2
360,3,5,118,26,2
360,3,5,113,26,2
360,3,5,105,26,2
360,1,5,255,26,2
360,1,5,203,26,2
360,1,5,59,26,2
360,1,5,954,26,2
360,1,5,945,26,2
360,1,5,1058,26,2
360,1,5,2454,26,2
360,1,5,2560,26,2
360,1,5,1697,26,2
360,1,5,65,26,2
360,1,5,107,26,2
360,1,5,111,26,2
360,1,5,118,26,2
360,1,5,113,26,2
360,1,5,105,26,2
361,4,5,351,26,2
361,4,5,1137,26,2
361,4,5,113,26,2
361,2,5,351,26,2
361,2,5,1137,26,2
361,2,5,113,26,2
361,3,5,351,26,2
361,3,5,1137,26,2
361,3,5,113,26,2
361,1,5,351,26,2
361,1,5,1137,26,2
361,1,5,113,26,2
362,4,6,674,26,2
362,4,6,4476,26,2
362,4,6,113,26,2
363,4,6,2439,26,2
363,4,6,681,26,2
363,4,6,673,26,2
363,4,6,730,26,2
363,4,6,1859,26,2
363,4,6,113,26,2
363,1,6,2439,26,2
363,1,6,681,26,2
363,1,6,673,26,2
363,1,6,730,26,2
363,1,6,1859,26,2
363,1,6,113,26,2
364,6,6,1442,26,2
364,6,6,4469,26,2
364,6,6,646,26,2
364,6,6,673,26,2
364,6,6,668,26,2
364,6,6,1841,26,2
364,6,6,4470,26,2
364,6,6,113,26,2
364,1,6,1442,26,2
364,1,6,4469,26,2
364,1,6,646,26,2
364,1,6,673,26,2
364,1,6,668,26,2
364,1,6,1841,26,2
364,1,6,4470,26,2
364,1,6,113,26,2
365,4,6,1058,26,2
365,4,6,1104,26,2
365,4,6,1697,26,2
365,4,6,108,26,2
365,3,6,1058,26,2
365,3,6,1104,26,2
365,3,6,1697,26,2
365,3,6,108,26,2
365,1,6,1058,26,2
365,1,6,1104,26,2
365,1,6,1697,26,2
365,1,6,108,26,2
366,2,6,466,26,2
366,2,6,2388,26,2
366,2,6,1923,26,2
366,2,6,760,26,2
366,2,6,1725,26,2
366,2,6,113,26,2
366,3,6,466,26,2
366,3,6,2388,26,2
366,3,6,1923,26,2
366,3,6,760,26,2
366,3,6,1725,26,2
366,3,6,113,26,2
366,1,6,466,26,2
366,1,6,2388,26,2
366,1,6,1923,26,2
366,1,6,760,26,2
366,1,6,1725,26,2
366,1,6,113,26,2
367,4,7,646,26,2
367,4,7,676,26,2
367,4,7,653,26,2
367,4,7,673,26,2
367,4,7,113,26,2
367,1,7,646,26,2
367,1,7,676,26,2
367,1,7,653,26,2
367,1,7,673,26,2
367,1,7,113,26,2
368,4,7,610,26,2
368,4,7,1683,26,2
368,4,7,106,26,2
368,2,7,610,26,2
368,2,7,1683,26,2
368,2,7,106,26,2
369,2,7,4472,26,2
369,2,7,4471,26,2
369,2,7,4473,26,2
369,2,7,4477,26,2
369,2,7,107,26,2
369,2,7,108,26,2
369,2,7,113,26,2
369,1,7,4472,26,2
369,1,7,4471,26,2
369,1,7,4473,26,2
369,1,7,4477,26,2
369,1,7,107,26,2
369,1,7,108,26,2
369,1,7,113,26,2
370,2,7,2720,26,2
370,2,7,373,26,2
370,2,7,646,26,2
370,2,7,1631,26,2
370,2,7,108,26,2
370,2,7,111,26,2
370,2,7,113,26,2
370,6,7,2720,26,2
370,6,7,373,26,2
370,6,7,646,26,2
370,6,7,1631,26,2
370,6,7,108,26,2
370,6,7,111,26,2
370,6,7,113,26,2
370,1,7,2720,26,2
370,1,7,373,26,2
370,1,7,646,26,2
370,1,7,1631,26,2
370,1,7,108,26,2
370,1,7,111,26,2
370,1,7,113,26,2
371,2,7,1419,26,2
371,2,7,1506,26,2
371,2,7,717,26,2
371,2,7,4122,26,2
371,2,7,4547,26,2
371,2,7,650,26,2
371,2,7,1972,26,2
371,2,7,1909,26,2
371,2,7,113,26,2
371,1,7,1419,26,2
371,1,7,1506,26,2
371,1,7,717,26,2
371,1,7,4122,26,2
371,1,7,4547,26,2
371,1,7,650,26,2
371,1,7,1972,26,2
371,1,7,1909,26,2
371,1,7,113,26,2
372,4,8,101,26,2
372,4,8,673,26,2
372,4,8,93,26,2
372,4,8,113,26,2
372,2,8,101,26,2
372,2,8,673,26,2
372,2,8,93,26,2
372,2,8,113,26,2
372,3,8,101,26,2
372,3,8,673,26,2
372,3,8,93,26,2
372,3,8,113,26,2
372,1,8,101,26,2
372,1,8,673,26,2
372,1,8,93,26,2
372,1,8,113,26,2
373,4,8,297,26,2
373,4,8,534,26,2
373,4,8,1665,26,2
373,4,8,2298,26,2
373,4,8,1878,26,2
373,4,8,113,26,2
373,2,8,297,26,2
373,2,8,534,26,2
373,2,8,1665,26,2
373,2,8,2298,26,2
373,2,8,1878,26,2
373,2,8,113,26,2
373,3,8,297,26,2
373,3,8,534,26,2
373,3,8,1665,26,2
373,3,8,2298,26,2
373,3,8,1878,26,2
373,3,8,113,26,2
373,1,8,297,26,2
373,1,8,534,26,2
373,1,8,1665,26,2
373,1,8,2298,26,2
373,1,8,1878,26,2
373,1,8,113,26,2
374,4,8,346,26,2
374,4,8,113,26,2
374,2,8,346,26,2
374,2,8,113,26,2
374,3,8,346,26,2
374,3,8,113,26,2
374,1,8,346,26,2
374,1,8,113,26,2
375,3,8,697,26,2
375,3,8,650,26,2
375,3,8,113,26,2
375,1,8,697,26,2
375,1,8,650,26,2
375,1,8,113,26,2
376,4,8,294,26,2
376,4,8,650,26,2
376,4,8,1859,26,2
376,4,8,113,26,2
376,2,8,294,26,2
376,2,8,650,26,2
376,2,8,1859,26,2
376,2,8,113,26,2
376,3,8,294,26,2
376,3,8,650,26,2
376,3,8,1859,26,2
376,3,8,113,26,2
376,1,8,294,26,2
376,1,8,650,26,2
376,1,8,1859,26,2
376,1,8,113,26,2
377,4,9,598,26,2
377,4,9,2408,26,2
377,4,9,903,26,2
377,4,9,115,26,2
377,4,9,112,26,2
377,4,9,113,26,2
377,2,9,598,26,2
377,2,9,2408,26,2
377,2,9,903,26,2
377,2,9,115,26,2
377,2,9,112,26,2
377,2,9,113,26,2
378,4,9,830,26,2
378,4,9,2408,26,2
378,4,9,1841,26,2
378,4,9,1906,26,2
378,4,9,107,26,2
378,4,9,115,26,2
378,4,9,112,26,2
378,4,9,118,26,2
378,4,9,113,26,2
378,2,9,830,26,2
378,2,9,2408,26,2
378,2,9,1841,26,2
378,2,9,1906,26,2
378,2,9,107,26,2
378,2,9,115,26,2
378,2,9,112,26,2
378,2,9,118,26,2
378,2,9,113,26,2
379,4,9,2484,26,2
379,4,9,317,26,2
379,4,9,2382,26,2
379,4,9,399,26,2
379,4,9,349,26,2
379,4,9,2343,26,2
379,4,9,983,26,2
379,4,9,674,26,2
379,4,9,598,26,2
379,4,9,119,26,2
379,4,9,113,26,2
379,2,9,2484,26,2
379,2,9,317,26,2
379,2,9,2382,26,2
379,2,9,399,26,2
379,2,9,349,26,2
379,2,9,2343,26,2
379,2,9,983,26,2
379,2,9,674,26,2
379,2,9,598,26,2
379,2,9,119,26,2
379,2,9,113,26,2
380,4,9,1796,26,2
380,4,9,1952,26,2
380,4,9,646,26,2
380,4,9,679,26,2
380,4,9,1614,26,2
380,4,9,674,26,2
380,4,9,115,26,2
380,2,9,1796,26,2
380,2,9,1952,26,2
380,2,9,646,26,2
380,2,9,679,26,2
380,2,9,1614,26,2
380,2,9,674,26,2
380,2,9,115,26,2
380,6,9,1796,26,2
380,6,9,1952,26,2
380,6,9,646,26,2
380,6,9,679,26,2
380,6,9,1614,26,2
380,6,9,674,26,2
380,6,9,115,26,2
380,1,9,1796,26,2
380,1,9,1952,26,2
380,1,9,646,26,2
380,1,9,679,26,2
380,1,9,1614,26,2
380,1,9,674,26,2
380,1,9,115,26,2
381,2,9,140,26,2
381,2,9,1382,26,2
381,2,9,552,26,2
381,2,9,115,26,2
381,2,9,112,26,2
381,6,9,140,26,2
381,6,9,1382,26,2
381,6,9,552,26,2
381,6,9,115,26,2
381,6,9,112,26,2
381,1,9,140,26,2
381,1,9,1382,26,2
381,1,9,552,26,2
381,1,9,115,26,2
381,1,9,112,26,2
382,4,10,65,26,2
382,4,10,1662,26,2
382,4,10,113,26,2
382,4,10,110,26,2
382,4,10,114,26,2
382,2,10,65,26,2
382,2,10,1662,26,2
382,2,10,113,26,2
382,2,10,110,26,2
382,2,10,114,26,2
382,6,10,65,26,2
382,6,10,1662,26,2
382,6,10,113,26,2
382,6,10,110,26,2
382,6,10,114,26,2
382,1,10,65,26,2
382,1,10,1662,26,2
382,1,10,113,26,2
382,1,10,110,26,2
382,1,10,114,26,2
383,4,10,1945,26,2
383,4,10,2299,26,2
383,4,10,106,26,2
383,4,10,119,26,2
383,4,10,113,26,2
383,1,10,1945,26,2
383,1,10,2299,26,2
383,1,10,106,26,2
383,1,10,119,26,2
383,1,10,113,26,2
384,4,10,1847,26,2
384,4,10,2296,26,2
384,4,10,1878,26,2
384,4,10,659,26,2
384,4,10,113,26,2
384,6,10,1847,26,2
384,6,10,2296,26,2
384,6,10,1878,26,2
384,6,10,659,26,2
384,6,10,113,26,2
384,1,10,1847,26,2
384,1,10,2296,26,2
384,1,10,1878,26,2
384,1,10,659,26,2
384,1,10,113,26,2
385,4,10,294,26,2
385,4,10,1256,26,2
385,4,10,99,26,2
385,4,10,146,26,2
385,4,10,79,26,2
385,4,10,93,26,2
385,3,10,294,26,2
385,3,10,1256,26,2
385,3,10,99,26,2
385,3,10,146,26,2
385,3,10,79,26,2
385,3,10,93,26,2
385,1,10,294,26,2
385,1,10,1256,26,2
385,1,10,99,26,2
385,1,10,146,26,2
385,1,10,79,26,2
385,1,10,93,26,2
386,4,10,4574,26,2
386,4,10,82,26,2
386,4,10,1645,26,2
386,4,10,113,26,2
386,3,10,4574,26,2
386,3,10,82,26,2
386,3,10,1645,26,2
386,3,10,113,26,2
386,1,10,4574,26,2
386,1,10,82,26,2
386,1,10,1645,26,2
386,1,10,113,26,2
387,1,26,1905,94,9
387,1,26,1460,94,9
387,1,26,105,94,9
387,1,26,1646,94,9
387,1,26,1088,94,9
387,1,26,1645,94,9
387,1,26,1188,94,9
387,1,26,721,94,9
387,1,26,4521,94,9
387,1,26,112,94,9
387,1,26,4507,94,9
387,1,26,533,94,9
387,1,26,659,94,9
387,1,26,4609,94,9
387,1,26,4610,94,9
387,1,26,4611,94,9
387,1,26,4612,94,9
387,1,26,4613,94,9
387,1,26,110,94,9
387,1,26,4616,94,9
387,1,26,2656,94,9
387,4,26,1905,94,9
387,4,26,1460,94,9
387,4,26,105,94,9
387,4,26,1646,94,9
387,4,26,1088,94,9
387,4,26,1645,94,9
387,4,26,1188,94,9
387,4,26,721,94,9
387,4,26,4521,94,9
387,4,26,112,94,9
387,4,26,4507,94,9
387,4,26,533,94,9
387,4,26,659,94,9
387,4,26,4609,94,9
387,4,26,4610,94,9
387,4,26,4611,94,9
387,4,26,4612,94,9
387,4,26,4613,94,9
387,4,26,110,94,9
387,4,26,4616,94,9
387,4,26,2656,94,9
388,1,26,1656,94,9
388,1,26,2467,94,9
388,1,26,4588,94,9
388,1,26,1805,94,9
388,4,26,1656,94,9
388,4,26,2467,94,9
388,4,26,4588,94,9
388,4,26,1805,94,9
389,1,44,545,145,15
389,1,44,951,145,15
389,1,44,695,145,15
389,1,44,1916,145,15
390,1,43,2715,145,15
390,1,43,464,145,15
390,1,43,959,145,15
391,1,43,2188,145,15
391,1,43,646,145,15
392,1,43,2138,145,15
393,1,42,2320,145,15
393,1,42,2109,145,15
393,1,42,2110,145,15
394,2,26,11,94,9
394,2,26,646,94,9
394,3,26,11,94,9
394,3,26,646,94,9
395,4,26,4194,94,9
395,4,26,4580,94,9
395,2,26,4194,94,9
395,2,26,4580,94,9
396,1,26,960,94,9
396,2,26,960,94,9
396,4,26,960,94,9
397,1,26,1734,94,9
397,4,26,1734,94,9
398,1,26,721,94,9
398,2,26,721,94,9
399,1,26,640,94,9
399,4,26,640,94,9
399,2,26,640,94,9
400,1,26,93,94,9
400,2,26,93,94,9
400,4,26,93,94,9
401,1,29,2400,94,9
401,1,29,498,94,9
401,1,29,300,94,9
401,1,29,201,94,9
401,1,29,491,94,9
401,1,29,487,94,9
401,1,29,517,94,9
401,1,29,4154,94,9
401,1,29,1616,94,9
401,1,29,2142,94,9
401,1,29,2052,94,9
401,1,29,4555,94,9
401,1,29,4556,94,9
401,2,29,2400,94,9
401,2,29,498,94,9
401,2,29,300,94,9
401,2,29,201,94,9
401,2,29,491,94,9
401,2,29,487,94,9
401,2,29,517,94,9
401,2,29,4154,94,9
401,2,29,1616,94,9
401,2,29,2142,94,9
401,2,29,2052,94,9
401,2,29,4555,94,9
401,2,29,4556,94,9
401,3,29,2400,94,9
401,3,29,498,94,9
401,3,29,300,94,9
401,3,29,201,94,9
401,3,29,491,94,9
401,3,29,487,94,9
401,3,29,517,94,9
401,3,29,4154,94,9
401,3,29,1616,94,9
401,3,29,2142,94,9
401,3,29,2052,94,9
401,3,29,4555,94,9
401,3,29,4556,94,9
402,3,30,203,94,9
402,3,30,4591,94,9
402,2,30,203,94,9
402,2,30,4591,94,9
403,2,30,79,94,9
403,2,30,2704,94,9
404,2,47,2370,162,16
405,6,47,1608,162,16
406,4,4,86,9,1
406,1,4,86,9,1
407,4,4,2142,9,1
407,4,4,1373,9,1
407,3,4,2142,9,1
407,3,4,1373,9,1
408,6,68,2315,267,21
408,6,68,647,267,21
409,3,68,1226,267,21
409,2,68,1226,267,21
410,2,68,4520,267,21
410,3,68,4520,267,21
410,6,68,4520,267,21
411,2,69,1227,267,21
411,3,69,1227,267,21
412,3,70,1227,267,21
413,3,70,1228,267,21
414,3,28,627,94,9
415,1,28,4555,94,9
416,3,28,646,94,9
416,3,28,4556,94,9
416,4,28,646,94,9
416,4,28,4556,94,9
417,1,29,646,94,9
417,1,29,11,94,9
417,1,29,728,94,9
417,1,29,1228,94,9
417,2,29,646,94,9
417,2,29,11,94,9
417,2,29,728,94,9
417,2,29,1228,94,9
418,4,26,115,94,9
418,6,26,115,94,9
419,3,26,658,94,9
419,3,26,1228,94,9
420,4,26,649,94,9
420,3,26,649,94,9
420,6,26,649,94,9
421,1,26,617,94,9
421,3,26,617,94,9
421,6,26,617,94,9
422,1,26,4235,94,9
422,2,26,4235,94,9
422,6,26,4235,94,9
423,1,28,4568,94,9
424,2,28,4569,94,9
425,4,28,0,94,9
426,3,12,4133,43,3
427,1,12,619,43,3
428,1,12,659,43,3
428,1,12,673,43,3
428,1,12,4570,43,3
428,3,12,659,43,3
428,3,12,673,43,3
428,3,12,4570,43,3
428,4,12,659,43,3
428,4,12,673,43,3
428,4,12,4570,43,3
429,1,11,528,43,3
429,1,11,2051,43,3
429,4,11,528,43,3
429,4,11,2051,43,3
430,1,11,2257,43,3
430,1,11,257,43,3
430,1,11,4636,43,3
430,3,11,2257,43,3
430,3,11,257,43,3
430,3,11,4636,43,3
431,1,11,2160,43,3
431,3,11,2160,43,3
432,3,11,2061,43,3
433,1,11,148,43,3
433,1,11,195,43,3
433,1,11,736,43,3
433,1,11,1633,43,3
433,1,11,2536,43,3
433,1,11,646,43,3
433,4,11,148,43,3
433,4,11,195,43,3
433,4,11,736,43,3
433,4,11,1633,43,3
433,4,11,2536,43,3
433,4,11,646,43,3
434,2,11,93,43,3
434,2,11,110,43,3
434,2,11,79,43,3
434,2,11,974,43,3
434,2,11,4160,43,3
434,2,11,349,43,3
434,2,11,717,43,3
434,2,11,146,43,3
435,1,12,2725,43,3
435,1,12,93,43,3
435,1,12,4640,43,3
435,3,12,2725,43,3
435,3,12,93,43,3
435,3,12,4640,43,3
435,4,12,2725,43,3
435,4,12,93,43,3
435,4,12,4640,43,3
436,2,12,513,43,3
436,3,12,513,43,3
437,2,12,308,43,3
437,2,12,4535,43,3
437,2,12,1077,43,3
437,2,12,4586,43,3
437,2,12,4622,43,3
438,2,12,413,43,3
438,2,12,2163,43,3
438,2,12,90,43,3
438,2,12,1957,43,3
438,2,12,1958,43,3
438,2,12,694,43,3
438,3,12,413,43,3
438,3,12,2163,43,3
438,3,12,90,43,3
438,3,12,1957,43,3
438,3,12,1958,43,3
438,3,12,694,43,3
439,2,13,4639,43,3
439,2,13,4630,43,3
440,2,13,650,43,3
440,2,13,533,43,3
440,2,13,1798,43,3
440,2,13,1849,43,3
440,2,13,4532,43,3
440,2,13,789,43,3
440,2,13,106,43,3
440,2,13,4625,43,3
440,2,13,4629,43,3
440,2,13,4628,43,3
440,2,13,4619,43,3
440,2,13,375,43,3
441,2,13,646,43,3
441,2,13,116,43,3
441,2,13,1631,43,3
441,2,13,4618,43,3
442,4,13,116,43,3
442,4,13,112,43,3
442,4,13,106,43,3
442,4,13,2207,43,3
442,4,13,4627,43,3
442,4,13,4626,43,3
443,2,13,662,43,3
443,2,13,646,43,3
443,2,13,660,43,3
443,2,13,113,43,3
443,2,13,579,43,3
443,2,13,2579,43,3
444,4,13,4631,43,3
445,3,13,657,43,3
445,3,13,646,43,3
446,4,14,2420,43,3
446,4,14,11,43,3
446,4,14,2407,43,3
446,1,14,2420,43,3
446,1,14,11,43,3
446,1,14,2407,43,3
447,1,14,1736,43,3
447,1,14,2698,43,3
447,1,14,1911,43,3
447,1,14,105,43,3
447,1,14,4621,43,3
447,4,14,1736,43,3
447,4,14,2698,43,3
447,4,14,1911,43,3
447,4,14,105,43,3
447,4,14,4621,43,3
448,1,14,830,43,3
448,1,14,80,43,3
448,1,14,4183,43,3
448,1,14,4581,43,3
448,1,14,1841,43,3
448,6,14,830,43,3
448,6,14,80,43,3
448,6,14,4183,43,3
448,6,14,4581,43,3
448,6,14,1841,43,3
449,2,14,650,43,3
450,2,14,90,43,3
450,2,14,274,43,3
450,2,14,237,43,3
450,2,14,1835,43,3
450,2,14,782,43,3
450,2,14,4620,43,3
450,3,14,90,43,3
450,3,14,274,43,3
450,3,14,237,43,3
450,3,14,1835,43,3
450,3,14,782,43,3
450,3,14,4620,43,3
451,3,14,158,43,3
451,3,14,1541,43,3
451,3,14,201,43,3
451,3,14,203,43,3
451,3,14,83,43,3
451,2,14,158,43,3
451,2,14,1541,43,3
451,2,14,201,43,3
451,2,14,203,43,3
451,2,14,83,43,3
452,2,15,2424,43,3
452,4,15,2424,43,3
453,1,15,4632,43,3
453,3,15,4632,43,3
454,1,15,1229,43,3
454,3,15,1229,43,3
455,3,15,4637,43,3
455,4,15,4637,43,3
456,1,15,951,43,3
456,2,15,951,43,3
457,1,15,1631,43,3
457,4,15,1631,43,3
458,1,15,107,43,3
458,1,15,112,43,3
458,1,15,116,43,3
458,1,15,1821,43,3
458,1,15,391,43,3
458,3,15,107,43,3
458,3,15,112,43,3
458,3,15,116,43,3
458,3,15,1821,43,3
458,3,15,391,43,3
459,1,36,945,128,13
459,1,36,960,128,13
459,3,36,945,128,13
459,3,36,960,128,13
460,1,36,1658,128,13
461,1,36,2094,128,13
461,1,36,4375,128,13
461,1,36,4417,128,13
461,1,36,4434,128,13
462,4,36,257,128,13
462,2,36,257,128,13
463,1,36,2623,128,13
464,1,37,2532,128,13
464,1,37,4439,128,13
465,2,37,4447,128,13
465,2,37,4440,128,13
465,2,37,4441,128,13
466,4,37,4597,128,13
466,4,37,4418,128,13
466,4,37,1676,128,13
466,4,37,973,128,13
466,4,37,2098,128,13
466,4,37,1855,128,13
466,2,37,4597,128,13
466,2,37,4418,128,13
466,2,37,1676,128,13
466,2,37,973,128,13
466,2,37,2098,128,13
466,2,37,1855,128,13
466,3,37,4597,128,13
466,3,37,4418,128,13
466,3,37,1676,128,13
466,3,37,973,128,13
466,3,37,2098,128,13
466,3,37,1855,128,13
467,4,37,349,128,13
467,4,37,663,128,13
467,4,37,4438,128,13
467,4,37,1068,128,13
467,4,37,1387,128,13
467,4,37,4415,128,13
467,4,37,4374,128,13
467,4,37,4416,128,13
467,4,37,4442,128,13
467,4,37,974,128,13
467,4,37,2366,128,13
467,3,37,349,128,13
467,3,37,663,128,13
467,3,37,4438,128,13
467,3,37,1068,128,13
467,3,37,1387,128,13
467,3,37,4415,128,13
467,3,37,4374,128,13
467,3,37,4416,128,13
467,3,37,4442,128,13
467,3,37,974,128,13
467,3,37,2366,128,13
467,2,37,349,128,13
467,2,37,663,128,13
467,2,37,4438,128,13
467,2,37,1068,128,13
467,2,37,1387,128,13
467,2,37,4415,128,13
467,2,37,4374,128,13
467,2,37,4416,128,13
467,2,37,4442,128,13
467,2,37,974,128,13
467,2,37,2366,128,13
468,2,37,2645,128,13
468,2,37,980,128,13
468,2,37,305,128,13
468,2,37,4266,128,13
468,4,37,2645,128,13
468,4,37,980,128,13
468,4,37,305,128,13
468,4,37,4266,128,13
468,3,37,2645,128,13
468,3,37,980,128,13
468,3,37,305,128,13
468,3,37,4266,128,13
469,3,37,1631,128,13
469,3,37,65,128,13
469,3,37,584,128,13
469,1,37,1631,128,13
469,1,37,65,128,13
469,1,37,584,128,13
470,1,37,2043,128,13
471,1,37,1008,128,13
471,1,37,1724,128,13
472,1,38,943,128,13
472,1,38,1202,128,13
472,4,38,943,128,13
472,4,38,1202,128,13
473,4,38,4437,128,13
473,4,38,1849,128,13
473,1,38,4437,128,13
473,1,38,1849,128,13
474,1,38,2648,128,13
474,1,38,4377,128,13
474,4,38,2648,128,13
474,4,38,4377,128,13
474,3,38,2648,128,13
474,3,38,4377,128,13
475,4,38,1521,128,13
475,4,38,2065,128,13
476,1,39,2519,128,13
476,1,39,1639,128,13
476,4,39,2519,128,13
476,4,39,1639,128,13
477,4,39,4443,128,13
477,4,39,4433,128,13
477,4,39,2691,128,13
477,4,39,2669,128,13
477,2,39,4443,128,13
477,2,39,4433,128,13
477,2,39,2691,128,13
477,2,39,2669,128,13
478,1,39,4376,128,13
479,1,40,2019,128,13
479,1,40,1122,128,13
480,1,40,1642,128,13
481,2,40,4266,128,13
481,2,40,273,128,13
481,4,40,4266,128,13
481,4,40,273,128,13
482,4,40,1631,128,13
482,4,40,187,128,13
482,4,40,585,128,13
482,4,40,1920,128,13
483,2,15,545,43,3
483,2,15,622,43,3
483,2,15,1651,43,3
484,4,71,1631,216,17
484,4,71,1758,216,17
484,4,71,739,216,17
484,4,71,2064,216,17
484,4,71,2632,216,17
484,1,71,1631,216,17
484,1,71,1758,216,17
484,1,71,739,216,17
484,1,71,2064,216,17
484,1,71,2632,216,17
485,3,71,1698,216,17
485,3,71,1949,216,17
485,3,71,646,216,17
485,3,71,2202,216,17
485,3,71,1131,216,17
485,3,71,2324,216,17
485,3,71,2316,216,17
485,3,71,1855,216,17
485,3,71,4013,216,17
485,3,71,2646,216,17
485,3,71,2647,216,17
485,3,71,2679,216,17
485,3,71,4177,216,17
485,4,71,1698,216,17
485,4,71,1949,216,17
485,4,71,646,216,17
485,4,71,2202,216,17
485,4,71,1131,216,17
485,4,71,2324,216,17
485,4,71,2316,216,17
485,4,71,1855,216,17
485,4,71,4013,216,17
485,4,71,2646,216,17
485,4,71,2647,216,17
485,4,71,2679,216,17
485,4,71,4177,216,17
485,2,71,1698,216,17
485,2,71,1949,216,17
485,2,71,646,216,17
485,2,71,2202,216,17
485,2,71,1131,216,17
485,2,71,2324,216,17
485,2,71,2316,216,17
485,2,71,1855,216,17
485,2,71,4013,216,17
485,2,71,2646,216,17
485,2,71,2647,216,17
485,2,71,2679,216,17
485,2,71,4177,216,17
485,1,71,1698,216,17
485,1,71,1949,216,17
485,1,71,646,216,17
485,1,71,2202,216,17
485,1,71,1131,216,17
485,1,71,2324,216,17
485,1,71,2316,216,17
485,1,71,1855,216,17
485,1,71,4013,216,17
485,1,71,2646,216,17
485,1,71,2647,216,17
485,1,71,2679,216,17
485,1,71,4177,216,17
486,2,71,726,216,17
486,2,71,2646,216,17
486,2,71,4559,216,17
486,2,71,1892,216,17
486,2,71,4578,216,17
486,2,71,646,216,17
486,2,71,2202,216,17
486,2,71,4508,216,17
486,2,71,2679,216,17
486,2,71,4177,216,17
486,2,71,2316,216,17
486,2,71,2644,216,17
486,4,71,726,216,17
486,4,71,2646,216,17
486,4,71,4559,216,17
486,4,71,1892,216,17
486,4,71,4578,216,17
486,4,71,646,216,17
486,4,71,2202,216,17
486,4,71,4508,216,17
486,4,71,2679,216,17
486,4,71,4177,216,17
486,4,71,2316,216,17
486,4,71,2644,216,17
486,1,71,726,216,17
486,1,71,2646,216,17
486,1,71,4559,216,17
486,1,71,1892,216,17
486,1,71,4578,216,17
486,1,71,646,216,17
486,1,71,2202,216,17
486,1,71,4508,216,17
486,1,71,2679,216,17
486,1,71,4177,216,17
486,1,71,2316,216,17
486,1,71,2644,216,17
487,4,71,2672,216,17
487,4,71,4602,216,17
487,2,71,2672,216,17
487,2,71,4602,216,17
487,1,71,2672,216,17
487,1,71,4602,216,17
488,4,71,4599,216,17
488,1,71,4599,216,17
488,2,71,4599,216,17
489,1,71,726,216,17
490,1,71,2627,216,17
490,1,71,2676,216,17
490,3,71,2627,216,17
490,3,71,2676,216,17
491,6,73,4379,233,18
491,6,73,1821,233,18
492,1,73,1669,233,18
492,1,73,1664,233,18
492,1,73,1986,233,18
492,4,73,1669,233,18
492,4,73,1664,233,18
492,4,73,1986,233,18
493,2,73,292,233,18
493,1,73,292,233,18
494,1,73,2653,233,18
495,1,75,947,233,18
495,1,75,966,233,18
496,3,75,1631,233,18
496,3,75,1758,233,18
496,1,75,1631,233,18
496,1,75,1758,233,18
497,4,75,694,233,18
498,1,75,951,233,18
498,1,75,991,233,18
498,1,75,4187,233,18
498,1,75,966,233,18
498,4,75,951,233,18
498,4,75,991,233,18
498,4,75,4187,233,18
498,4,75,966,233,18
499,2,75,4426,233,18
499,1,75,4426,233,18
500,1,75,2653,233,18
501,1,76,4445,233,18
501,1,76,2283,233,18
501,4,76,4445,233,18
501,4,76,2283,233,18
502,1,76,4228,233,18
502,1,76,4601,233,18
503,1,76,2653,233,18
504,1,77,2333,233,18
505,1,77,4444,233,18
505,1,77,1398,233,18
505,1,77,4436,233,18
506,1,77,1667,233,18
507,1,77,1197,233,18
507,1,77,4432,233,18
507,1,77,4380,233,18
507,1,77,2648,233,18
508,1,77,2653,233,18
509,6,79,4132,233,18
510,1,27,646,94,9
510,1,27,660,94,9
510,1,27,165,94,9
510,1,27,739,94,9
510,1,27,1008,94,9
510,1,27,693,94,9
510,2,27,646,94,9
510,2,27,660,94,9
510,2,27,165,94,9
510,2,27,739,94,9
510,2,27,1008,94,9
510,2,27,693,94,9
510,4,27,646,94,9
510,4,27,660,94,9
510,4,27,165,94,9
510,4,27,739,94,9
510,4,27,1008,94,9
510,4,27,693,94,9
510,3,27,646,94,9
510,3,27,660,94,9
510,3,27,165,94,9
510,3,27,739,94,9
510,3,27,1008,94,9
510,3,27,693,94,9
511,1,72,4176,216,17
511,1,72,2326,216,17
511,1,72,2336,216,17
511,1,72,4177,216,17
511,1,72,2652,216,17
511,3,72,4176,216,17
511,3,72,2326,216,17
511,3,72,2336,216,17
511,3,72,4177,216,17
511,3,72,2652,216,17
511,4,72,4176,216,17
511,4,72,2326,216,17
511,4,72,2336,216,17
511,4,72,4177,216,17
511,4,72,2652,216,17
511,2,72,4176,216,17
511,2,72,2326,216,17
511,2,72,2336,216,17
511,2,72,4177,216,17
511,2,72,2652,216,17
512,1,72,2726,216,17
512,1,72,2578,216,17
512,1,72,238,216,17
512,2,72,2726,216,17
512,2,72,2578,216,17
512,2,72,238,216,17
512,3,72,2726,216,17
512,3,72,2578,216,17
512,3,72,238,216,17
512,4,72,2726,216,17
512,4,72,2578,216,17
512,4,72,238,216,17
513,1,72,646,216,17
513,1,72,1651,216,17
513,3,72,646,216,17
513,3,72,1651,216,17
514,3,72,1942,216,17
514,4,72,1942,216,17
514,1,72,1942,216,17
515,3,72,1789,216,17
515,4,72,1789,216,17
515,1,72,1789,216,17
516,3,72,726,216,17
516,3,72,1671,216,17
516,4,72,726,216,17
516,4,72,1671,216,17
516,1,72,726,216,17
516,1,72,1671,216,17
517,3,72,2627,216,17
517,3,72,2676,216,17
517,1,72,2627,216,17
517,1,72,2676,216,17
